1,Prod Masivo 1,384.72,98,6
2,Prod Masivo 2,270.82,138,2
3,Prod Masivo 3,183.6,92,1
4,Prod Masivo 4,442.69,51,3
5,Prod Masivo 5,488.2,110,5
6,Prod Masivo 6,50.55,118,6
7,Prod Masivo 7,54.43,193,6
8,Prod Masivo 8,313.69,177,5
9,Prod Masivo 9,241.01,198,7
10,Prod Masivo 10,196.69,20,5
11,Prod Masivo 11,73.09,95,6
12,Prod Masivo 12,244.64,188,2
13,Prod Masivo 13,281.1,60,8
14,Prod Masivo 14,161.4,150,6
15,Prod Masivo 15,74.19,90,2
16,Prod Masivo 16,272.3,38,6
17,Prod Masivo 17,85.73,115,5
18,Prod Masivo 18,189.94,125,7
19,Prod Masivo 19,272.1,79,1
20,Prod Masivo 20,159.22,143,6
21,Prod Masivo 21,364.18,174,3
22,Prod Masivo 22,206.64,113,2
23,Prod Masivo 23,88.81,34,6
24,Prod Masivo 24,330.47,82,1
25,Prod Masivo 25,63.44,175,2
26,Prod Masivo 26,389.06,101,1
27,Prod Masivo 27,397.38,25,3
28,Prod Masivo 28,121.21,200,1
29,Prod Masivo 29,396.23,11,7
30,Prod Masivo 30,442.2,195,4
31,Prod Masivo 31,237.73,74,4
32,Prod Masivo 32,152.74,104,7
33,Prod Masivo 33,215.4,110,4
34,Prod Masivo 34,363.65,149,3
35,Prod Masivo 35,162.12,183,7
36,Prod Masivo 36,117.89,144,1
37,Prod Masivo 37,23.25,141,4
38,Prod Masivo 38,115.65,76,3
39,Prod Masivo 39,223.71,52,6
40,Prod Masivo 40,215.11,73,1
41,Prod Masivo 41,367.42,36,4
42,Prod Masivo 42,98.44,48,4
43,Prod Masivo 43,377.48,130,2
44,Prod Masivo 44,189.13,87,2
45,Prod Masivo 45,338.77,161,3
46,Prod Masivo 46,28.69,84,3
47,Prod Masivo 47,125.48,132,7
48,Prod Masivo 48,93.07,80,6
49,Prod Masivo 49,210.14,78,8
50,Prod Masivo 50,232.25,162,3
51,Prod Masivo 51,437.85,115,7
52,Prod Masivo 52,150.15,198,3
53,Prod Masivo 53,64.32,109,7
54,Prod Masivo 54,119.18,77,3
55,Prod Masivo 55,365.6,74,3
56,Prod Masivo 56,260.82,129,7
57,Prod Masivo 57,385.62,143,1
58,Prod Masivo 58,360.51,122,7
59,Prod Masivo 59,175.54,22,4
60,Prod Masivo 60,143.35,160,4
61,Prod Masivo 61,47.77,35,3
62,Prod Masivo 62,364.67,186,8
63,Prod Masivo 63,210.07,48,2
64,Prod Masivo 64,85.02,64,5
65,Prod Masivo 65,490.29,142,1
66,Prod Masivo 66,374.88,161,4
67,Prod Masivo 67,332.25,55,6
68,Prod Masivo 68,363.23,153,5
69,Prod Masivo 69,363.59,95,1
70,Prod Masivo 70,51.91,13,5
71,Prod Masivo 71,257.87,183,4
72,Prod Masivo 72,56.29,68,2
73,Prod Masivo 73,196.95,136,8
74,Prod Masivo 74,337.99,15,4
75,Prod Masivo 75,14.49,110,3
76,Prod Masivo 76,329.24,129,4
77,Prod Masivo 77,209.42,145,4
78,Prod Masivo 78,356.89,90,8
79,Prod Masivo 79,248.6,16,5
80,Prod Masivo 80,79.58,73,2
81,Prod Masivo 81,108.13,195,8
82,Prod Masivo 82,168.09,179,2
83,Prod Masivo 83,201.97,124,6
84,Prod Masivo 84,201.24,23,2
85,Prod Masivo 85,88.06,162,4
86,Prod Masivo 86,37.85,108,4
87,Prod Masivo 87,186.79,104,1
88,Prod Masivo 88,156.98,90,5
89,Prod Masivo 89,33.4,15,2
90,Prod Masivo 90,221.09,24,4
91,Prod Masivo 91,463.19,90,5
92,Prod Masivo 92,286.61,13,8
93,Prod Masivo 93,65.93,86,3
94,Prod Masivo 94,497.24,120,2
95,Prod Masivo 95,250.88,107,1
96,Prod Masivo 96,44.09,116,8
97,Prod Masivo 97,247.76,177,7
98,Prod Masivo 98,375.69,199,6
99,Prod Masivo 99,386.77,112,2
100,Prod Masivo 100,105.8,144,2
101,Prod Masivo 101,119.52,151,3
102,Prod Masivo 102,424.29,16,5
103,Prod Masivo 103,69.13,120,4
104,Prod Masivo 104,136.52,21,8
105,Prod Masivo 105,221.86,128,5
106,Prod Masivo 106,375.2,102,7
107,Prod Masivo 107,207.32,74,7
108,Prod Masivo 108,46.19,144,5
109,Prod Masivo 109,150.71,71,6
110,Prod Masivo 110,249.88,137,2
111,Prod Masivo 111,80.53,58,5
112,Prod Masivo 112,345.21,139,4
113,Prod Masivo 113,176.91,158,2
114,Prod Masivo 114,110.17,89,7
115,Prod Masivo 115,272.89,69,7
116,Prod Masivo 116,193.4,158,1
117,Prod Masivo 117,232.68,98,5
118,Prod Masivo 118,372.29,111,3
119,Prod Masivo 119,136.82,185,1
120,Prod Masivo 120,135.33,50,1
121,Prod Masivo 121,126.49,129,6
122,Prod Masivo 122,488.38,184,2
123,Prod Masivo 123,207.56,10,7
124,Prod Masivo 124,159.34,185,2
125,Prod Masivo 125,18.76,89,2
126,Prod Masivo 126,335.53,123,7
127,Prod Masivo 127,123.38,41,6
128,Prod Masivo 128,426.77,22,6
129,Prod Masivo 129,425.91,80,3
130,Prod Masivo 130,363.84,141,8
131,Prod Masivo 131,392.5,152,5
132,Prod Masivo 132,160.54,125,7
133,Prod Masivo 133,208.31,158,5
134,Prod Masivo 134,74.43,10,3
135,Prod Masivo 135,293.01,34,4
136,Prod Masivo 136,108.65,189,8
137,Prod Masivo 137,60.02,160,1
138,Prod Masivo 138,360.86,131,8
139,Prod Masivo 139,292.33,22,2
140,Prod Masivo 140,339.43,187,7
141,Prod Masivo 141,85.71,79,7
142,Prod Masivo 142,200.13,150,1
143,Prod Masivo 143,310.89,42,2
144,Prod Masivo 144,142.39,163,4
145,Prod Masivo 145,267.05,99,6
146,Prod Masivo 146,104.87,118,7
147,Prod Masivo 147,357.72,29,4
148,Prod Masivo 148,232.56,19,6
149,Prod Masivo 149,17.5,186,8
150,Prod Masivo 150,122.24,103,8
151,Prod Masivo 151,488.71,68,5
152,Prod Masivo 152,249.49,34,3
153,Prod Masivo 153,393.98,125,4
154,Prod Masivo 154,27.06,140,1
155,Prod Masivo 155,382.44,102,8
156,Prod Masivo 156,273.78,25,5
157,Prod Masivo 157,437.3,99,1
158,Prod Masivo 158,400.64,127,3
159,Prod Masivo 159,29.0,134,1
160,Prod Masivo 160,44.29,31,8
161,Prod Masivo 161,403.02,191,4
162,Prod Masivo 162,109.42,173,1
163,Prod Masivo 163,256.65,91,8
164,Prod Masivo 164,351.4,126,2
165,Prod Masivo 165,487.13,100,5
166,Prod Masivo 166,176.95,177,6
167,Prod Masivo 167,424.36,196,8
168,Prod Masivo 168,359.16,90,6
169,Prod Masivo 169,237.97,112,5
170,Prod Masivo 170,69.38,190,3
171,Prod Masivo 171,186.51,53,2
172,Prod Masivo 172,395.42,30,3
173,Prod Masivo 173,496.54,68,7
174,Prod Masivo 174,209.05,183,4
175,Prod Masivo 175,478.07,69,5
176,Prod Masivo 176,44.29,24,2
177,Prod Masivo 177,409.74,116,3
178,Prod Masivo 178,295.21,78,8
179,Prod Masivo 179,455.3,124,4
180,Prod Masivo 180,127.27,197,6
181,Prod Masivo 181,34.61,17,1
182,Prod Masivo 182,262.17,166,5
183,Prod Masivo 183,140.54,112,6
184,Prod Masivo 184,406.05,77,4
185,Prod Masivo 185,416.32,184,8
186,Prod Masivo 186,351.32,191,3
187,Prod Masivo 187,350.69,88,4
188,Prod Masivo 188,110.91,162,1
189,Prod Masivo 189,297.82,181,2
190,Prod Masivo 190,132.51,46,6
191,Prod Masivo 191,145.67,171,2
192,Prod Masivo 192,164.36,99,4
193,Prod Masivo 193,265.48,135,5
194,Prod Masivo 194,322.14,158,5
195,Prod Masivo 195,228.83,185,2
196,Prod Masivo 196,157.96,103,8
197,Prod Masivo 197,32.43,171,4
198,Prod Masivo 198,181.36,161,8
199,Prod Masivo 199,442.13,50,6
200,Prod Masivo 200,29.0,157,4
201,Prod Masivo 201,363.3,59,2
202,Prod Masivo 202,280.21,155,3
203,Prod Masivo 203,486.77,166,3
204,Prod Masivo 204,92.92,121,1
205,Prod Masivo 205,415.23,131,4
206,Prod Masivo 206,230.11,46,6
207,Prod Masivo 207,493.74,50,1
208,Prod Masivo 208,230.53,189,4
209,Prod Masivo 209,367.11,135,6
210,Prod Masivo 210,330.08,159,2
211,Prod Masivo 211,101.41,154,1
212,Prod Masivo 212,46.78,109,1
213,Prod Masivo 213,282.83,169,7
214,Prod Masivo 214,85.96,116,6
215,Prod Masivo 215,81.87,110,1
216,Prod Masivo 216,36.3,141,6
217,Prod Masivo 217,275.2,95,6
218,Prod Masivo 218,498.9,70,1
219,Prod Masivo 219,232.19,46,4
220,Prod Masivo 220,126.5,161,1
221,Prod Masivo 221,382.57,32,4
222,Prod Masivo 222,167.02,39,6
223,Prod Masivo 223,463.6,90,5
224,Prod Masivo 224,247.63,109,1
225,Prod Masivo 225,485.03,22,7
226,Prod Masivo 226,197.16,121,5
227,Prod Masivo 227,333.53,117,4
228,Prod Masivo 228,410.08,125,2
229,Prod Masivo 229,286.48,25,2
230,Prod Masivo 230,179.18,171,7
231,Prod Masivo 231,297.27,118,5
232,Prod Masivo 232,76.69,79,8
233,Prod Masivo 233,77.85,141,3
234,Prod Masivo 234,308.72,97,8
235,Prod Masivo 235,379.91,138,3
236,Prod Masivo 236,282.97,112,3
237,Prod Masivo 237,387.46,153,6
238,Prod Masivo 238,352.49,35,4
239,Prod Masivo 239,194.77,164,8
240,Prod Masivo 240,465.89,186,1
241,Prod Masivo 241,201.85,92,7
242,Prod Masivo 242,206.99,44,4
243,Prod Masivo 243,58.87,162,8
244,Prod Masivo 244,211.07,192,7
245,Prod Masivo 245,82.89,143,7
246,Prod Masivo 246,115.96,70,6
247,Prod Masivo 247,47.71,171,1
248,Prod Masivo 248,302.26,69,4
249,Prod Masivo 249,277.88,114,8
250,Prod Masivo 250,300.47,167,7
251,Prod Masivo 251,111.63,14,7
252,Prod Masivo 252,342.67,83,4
253,Prod Masivo 253,284.68,185,3
254,Prod Masivo 254,339.1,20,6
255,Prod Masivo 255,272.3,149,5
256,Prod Masivo 256,361.49,84,3
257,Prod Masivo 257,374.91,15,3
258,Prod Masivo 258,102.46,112,1
259,Prod Masivo 259,423.64,122,4
260,Prod Masivo 260,83.76,47,5
261,Prod Masivo 261,302.17,175,8
262,Prod Masivo 262,228.94,168,6
263,Prod Masivo 263,420.97,18,6
264,Prod Masivo 264,370.27,71,3
265,Prod Masivo 265,488.47,110,5
266,Prod Masivo 266,391.94,140,8
267,Prod Masivo 267,215.56,184,4
268,Prod Masivo 268,83.71,176,4
269,Prod Masivo 269,491.28,43,6
270,Prod Masivo 270,250.74,15,1
271,Prod Masivo 271,16.29,181,8
272,Prod Masivo 272,324.16,131,8
273,Prod Masivo 273,415.78,173,4
274,Prod Masivo 274,332.39,103,1
275,Prod Masivo 275,224.59,118,2
276,Prod Masivo 276,118.96,52,2
277,Prod Masivo 277,18.98,184,1
278,Prod Masivo 278,468.07,41,5
279,Prod Masivo 279,280.31,86,1
280,Prod Masivo 280,460.87,192,5
281,Prod Masivo 281,447.14,184,7
282,Prod Masivo 282,101.95,162,8
283,Prod Masivo 283,100.47,35,1
284,Prod Masivo 284,326.43,41,4
285,Prod Masivo 285,199.71,18,3
286,Prod Masivo 286,76.0,10,7
287,Prod Masivo 287,264.87,24,1
288,Prod Masivo 288,315.24,65,6
289,Prod Masivo 289,286.02,125,4
290,Prod Masivo 290,412.0,190,4
291,Prod Masivo 291,326.31,54,8
292,Prod Masivo 292,334.92,181,4
293,Prod Masivo 293,491.36,16,6
294,Prod Masivo 294,137.55,28,1
295,Prod Masivo 295,251.45,160,8
296,Prod Masivo 296,94.22,188,6
297,Prod Masivo 297,289.29,183,1
298,Prod Masivo 298,123.16,121,5
299,Prod Masivo 299,336.9,27,3
300,Prod Masivo 300,121.22,49,3
301,Prod Masivo 301,474.72,95,3
302,Prod Masivo 302,208.66,21,1
303,Prod Masivo 303,69.4,42,3
304,Prod Masivo 304,324.85,111,3
305,Prod Masivo 305,330.72,20,1
306,Prod Masivo 306,131.3,127,2
307,Prod Masivo 307,282.48,26,7
308,Prod Masivo 308,213.44,84,1
309,Prod Masivo 309,56.67,184,5
310,Prod Masivo 310,489.04,98,4
311,Prod Masivo 311,236.53,150,6
312,Prod Masivo 312,493.55,153,3
313,Prod Masivo 313,378.67,196,6
314,Prod Masivo 314,274.64,28,4
315,Prod Masivo 315,436.18,99,5
316,Prod Masivo 316,326.1,96,2
317,Prod Masivo 317,25.34,139,1
318,Prod Masivo 318,187.37,89,7
319,Prod Masivo 319,499.6,18,3
320,Prod Masivo 320,407.88,104,2
321,Prod Masivo 321,276.04,71,7
322,Prod Masivo 322,229.48,65,4
323,Prod Masivo 323,310.92,106,5
324,Prod Masivo 324,432.59,105,8
325,Prod Masivo 325,300.62,92,1
326,Prod Masivo 326,492.9,125,4
327,Prod Masivo 327,319.34,103,6
328,Prod Masivo 328,253.51,13,7
329,Prod Masivo 329,14.03,47,4
330,Prod Masivo 330,29.51,173,8
331,Prod Masivo 331,211.41,57,8
332,Prod Masivo 332,172.5,152,2
333,Prod Masivo 333,152.63,85,6
334,Prod Masivo 334,242.23,126,3
335,Prod Masivo 335,342.09,154,8
336,Prod Masivo 336,182.27,186,5
337,Prod Masivo 337,362.14,31,4
338,Prod Masivo 338,123.48,128,2
339,Prod Masivo 339,156.87,22,2
340,Prod Masivo 340,129.85,99,2
341,Prod Masivo 341,268.17,96,8
342,Prod Masivo 342,120.73,95,7
343,Prod Masivo 343,73.18,184,5
344,Prod Masivo 344,425.68,62,7
345,Prod Masivo 345,85.37,171,3
346,Prod Masivo 346,11.08,121,1
347,Prod Masivo 347,200.69,79,4
348,Prod Masivo 348,494.46,157,3
349,Prod Masivo 349,72.6,125,5
350,Prod Masivo 350,100.29,107,5
351,Prod Masivo 351,360.3,14,2
352,Prod Masivo 352,429.14,125,2
353,Prod Masivo 353,327.03,31,5
354,Prod Masivo 354,47.35,55,4
355,Prod Masivo 355,166.75,56,7
356,Prod Masivo 356,34.72,15,5
357,Prod Masivo 357,100.05,72,7
358,Prod Masivo 358,417.78,80,2
359,Prod Masivo 359,139.26,169,6
360,Prod Masivo 360,401.44,170,2
361,Prod Masivo 361,322.92,93,6
362,Prod Masivo 362,294.86,175,8
363,Prod Masivo 363,353.25,171,8
364,Prod Masivo 364,257.08,176,4
365,Prod Masivo 365,287.76,171,7
366,Prod Masivo 366,271.97,21,6
367,Prod Masivo 367,453.08,12,7
368,Prod Masivo 368,382.64,79,8
369,Prod Masivo 369,389.87,110,5
370,Prod Masivo 370,133.36,15,2
371,Prod Masivo 371,306.17,102,8
372,Prod Masivo 372,400.8,126,8
373,Prod Masivo 373,250.62,41,3
374,Prod Masivo 374,301.64,66,3
375,Prod Masivo 375,396.51,134,5
376,Prod Masivo 376,105.43,80,4
377,Prod Masivo 377,314.37,178,2
378,Prod Masivo 378,263.48,72,1
379,Prod Masivo 379,250.59,193,1
380,Prod Masivo 380,373.27,167,1
381,Prod Masivo 381,380.78,152,1
382,Prod Masivo 382,382.86,48,5
383,Prod Masivo 383,318.35,76,6
384,Prod Masivo 384,200.81,48,2
385,Prod Masivo 385,201.29,157,6
386,Prod Masivo 386,122.7,113,3
387,Prod Masivo 387,480.83,176,8
388,Prod Masivo 388,404.65,74,8
389,Prod Masivo 389,145.48,158,1
390,Prod Masivo 390,21.71,54,2
391,Prod Masivo 391,321.93,138,7
392,Prod Masivo 392,400.97,80,7
393,Prod Masivo 393,179.59,144,4
394,Prod Masivo 394,72.06,195,4
395,Prod Masivo 395,30.84,105,3
396,Prod Masivo 396,437.53,86,3
397,Prod Masivo 397,107.99,159,7
398,Prod Masivo 398,479.88,14,2
399,Prod Masivo 399,266.63,128,3
400,Prod Masivo 400,61.14,104,1
401,Prod Masivo 401,179.19,13,2
402,Prod Masivo 402,337.47,156,8
403,Prod Masivo 403,26.7,29,1
404,Prod Masivo 404,467.6,76,2
405,Prod Masivo 405,269.99,55,4
406,Prod Masivo 406,430.92,27,1
407,Prod Masivo 407,427.97,79,3
408,Prod Masivo 408,168.78,45,7
409,Prod Masivo 409,279.46,189,2
410,Prod Masivo 410,487.62,193,2
411,Prod Masivo 411,221.01,95,8
412,Prod Masivo 412,244.31,72,8
413,Prod Masivo 413,213.18,193,2
414,Prod Masivo 414,489.39,153,8
415,Prod Masivo 415,177.36,164,3
416,Prod Masivo 416,273.8,113,2
417,Prod Masivo 417,324.07,177,6
418,Prod Masivo 418,356.34,27,1
419,Prod Masivo 419,453.76,41,4
420,Prod Masivo 420,491.23,77,1
421,Prod Masivo 421,58.77,111,1
422,Prod Masivo 422,497.7,185,1
423,Prod Masivo 423,106.18,139,5
424,Prod Masivo 424,251.46,85,5
425,Prod Masivo 425,258.01,39,3
426,Prod Masivo 426,150.86,188,4
427,Prod Masivo 427,89.86,95,3
428,Prod Masivo 428,427.16,174,2
429,Prod Masivo 429,288.67,87,1
430,Prod Masivo 430,189.29,60,5
431,Prod Masivo 431,114.35,11,3
432,Prod Masivo 432,297.65,163,6
433,Prod Masivo 433,106.03,74,3
434,Prod Masivo 434,435.67,164,8
435,Prod Masivo 435,263.46,119,8
436,Prod Masivo 436,34.79,111,7
437,Prod Masivo 437,413.5,16,2
438,Prod Masivo 438,460.22,34,6
439,Prod Masivo 439,444.2,100,6
440,Prod Masivo 440,401.98,110,6
441,Prod Masivo 441,439.57,200,2
442,Prod Masivo 442,113.13,112,2
443,Prod Masivo 443,94.83,113,5
444,Prod Masivo 444,91.91,95,1
445,Prod Masivo 445,114.57,156,2
446,Prod Masivo 446,475.93,113,5
447,Prod Masivo 447,237.74,157,6
448,Prod Masivo 448,305.74,57,4
449,Prod Masivo 449,174.85,17,1
450,Prod Masivo 450,265.28,119,7
451,Prod Masivo 451,490.4,146,2
452,Prod Masivo 452,450.14,123,1
453,Prod Masivo 453,317.66,98,4
454,Prod Masivo 454,20.33,171,6
455,Prod Masivo 455,27.24,180,2
456,Prod Masivo 456,50.34,71,7
457,Prod Masivo 457,193.72,176,5
458,Prod Masivo 458,163.43,186,2
459,Prod Masivo 459,192.82,143,1
460,Prod Masivo 460,62.41,95,3
461,Prod Masivo 461,251.78,119,5
462,Prod Masivo 462,317.17,142,6
463,Prod Masivo 463,188.5,46,8
464,Prod Masivo 464,346.82,142,2
465,Prod Masivo 465,422.05,105,1
466,Prod Masivo 466,332.77,142,5
467,Prod Masivo 467,350.9,63,2
468,Prod Masivo 468,25.91,151,7
469,Prod Masivo 469,183.02,39,1
470,Prod Masivo 470,128.83,190,7
471,Prod Masivo 471,431.38,177,1
472,Prod Masivo 472,228.25,43,8
473,Prod Masivo 473,497.68,120,3
474,Prod Masivo 474,348.5,170,2
475,Prod Masivo 475,59.42,112,1
476,Prod Masivo 476,184.53,109,2
477,Prod Masivo 477,258.79,97,6
478,Prod Masivo 478,228.56,126,5
479,Prod Masivo 479,164.22,55,1
480,Prod Masivo 480,427.0,144,1
481,Prod Masivo 481,107.1,163,8
482,Prod Masivo 482,358.89,116,1
483,Prod Masivo 483,374.86,26,5
484,Prod Masivo 484,376.3,60,4
485,Prod Masivo 485,77.83,86,3
486,Prod Masivo 486,36.5,74,8
487,Prod Masivo 487,426.22,144,7
488,Prod Masivo 488,403.32,149,3
489,Prod Masivo 489,475.62,101,2
490,Prod Masivo 490,495.94,158,6
491,Prod Masivo 491,414.62,144,2
492,Prod Masivo 492,448.72,13,3
493,Prod Masivo 493,35.91,46,2
494,Prod Masivo 494,250.03,171,4
495,Prod Masivo 495,455.76,87,8
496,Prod Masivo 496,145.2,122,8
497,Prod Masivo 497,439.36,111,7
498,Prod Masivo 498,386.03,87,1
499,Prod Masivo 499,233.73,120,6
500,Prod Masivo 500,442.76,29,5
501,Prod Masivo 501,210.0,142,4
502,Prod Masivo 502,313.05,65,8
503,Prod Masivo 503,337.6,101,3
504,Prod Masivo 504,36.45,120,1
505,Prod Masivo 505,446.31,10,5
506,Prod Masivo 506,303.23,137,1
507,Prod Masivo 507,128.84,109,7
508,Prod Masivo 508,191.56,10,3
509,Prod Masivo 509,147.69,30,7
510,Prod Masivo 510,105.55,74,7
511,Prod Masivo 511,46.05,23,2
512,Prod Masivo 512,486.94,135,2
513,Prod Masivo 513,292.08,60,5
514,Prod Masivo 514,492.54,31,5
515,Prod Masivo 515,95.39,30,4
516,Prod Masivo 516,252.9,36,8
517,Prod Masivo 517,255.02,100,8
518,Prod Masivo 518,242.6,137,3
519,Prod Masivo 519,138.37,171,3
520,Prod Masivo 520,32.09,131,5
521,Prod Masivo 521,428.17,44,5
522,Prod Masivo 522,412.87,29,8
523,Prod Masivo 523,385.07,129,7
524,Prod Masivo 524,468.88,187,3
525,Prod Masivo 525,381.24,126,3
526,Prod Masivo 526,251.25,34,5
527,Prod Masivo 527,175.75,185,8
528,Prod Masivo 528,79.49,113,6
529,Prod Masivo 529,66.26,141,4
530,Prod Masivo 530,150.23,112,8
531,Prod Masivo 531,363.13,130,2
532,Prod Masivo 532,80.04,200,4
533,Prod Masivo 533,412.62,49,6
534,Prod Masivo 534,242.69,125,3
535,Prod Masivo 535,395.27,89,1
536,Prod Masivo 536,106.03,171,7
537,Prod Masivo 537,449.77,198,2
538,Prod Masivo 538,61.4,177,5
539,Prod Masivo 539,302.48,139,7
540,Prod Masivo 540,11.89,47,3
541,Prod Masivo 541,467.83,82,8
542,Prod Masivo 542,40.31,161,7
543,Prod Masivo 543,383.34,40,3
544,Prod Masivo 544,213.19,115,2
545,Prod Masivo 545,10.3,191,2
546,Prod Masivo 546,156.42,62,5
547,Prod Masivo 547,102.85,15,6
548,Prod Masivo 548,415.77,118,8
549,Prod Masivo 549,250.52,157,5
550,Prod Masivo 550,247.48,183,5
551,Prod Masivo 551,145.51,185,6
552,Prod Masivo 552,335.54,184,5
553,Prod Masivo 553,385.55,179,5
554,Prod Masivo 554,187.68,123,8
555,Prod Masivo 555,413.28,130,1
556,Prod Masivo 556,370.05,33,1
557,Prod Masivo 557,144.32,49,7
558,Prod Masivo 558,165.75,13,5
559,Prod Masivo 559,168.86,171,5
560,Prod Masivo 560,180.58,13,8
561,Prod Masivo 561,329.16,127,8
562,Prod Masivo 562,112.68,187,4
563,Prod Masivo 563,280.71,153,2
564,Prod Masivo 564,10.15,129,7
565,Prod Masivo 565,343.75,45,5
566,Prod Masivo 566,45.61,156,1
567,Prod Masivo 567,351.28,134,5
568,Prod Masivo 568,212.34,110,6
569,Prod Masivo 569,242.0,165,1
570,Prod Masivo 570,178.87,47,8
571,Prod Masivo 571,438.78,141,1
572,Prod Masivo 572,40.88,169,2
573,Prod Masivo 573,329.31,13,1
574,Prod Masivo 574,260.7,59,5
575,Prod Masivo 575,200.73,198,7
576,Prod Masivo 576,297.6,165,6
577,Prod Masivo 577,149.4,117,4
578,Prod Masivo 578,271.32,42,1
579,Prod Masivo 579,356.46,181,1
580,Prod Masivo 580,299.81,198,1
581,Prod Masivo 581,31.29,52,8
582,Prod Masivo 582,68.34,18,1
583,Prod Masivo 583,427.8,28,5
584,Prod Masivo 584,98.24,172,4
585,Prod Masivo 585,458.41,10,8
586,Prod Masivo 586,350.27,184,4
587,Prod Masivo 587,370.59,143,5
588,Prod Masivo 588,168.16,96,8
589,Prod Masivo 589,496.97,157,5
590,Prod Masivo 590,89.35,163,1
591,Prod Masivo 591,478.1,82,4
592,Prod Masivo 592,384.86,150,6
593,Prod Masivo 593,126.72,11,1
594,Prod Masivo 594,34.65,23,7
595,Prod Masivo 595,326.57,65,5
596,Prod Masivo 596,132.89,177,7
597,Prod Masivo 597,78.94,17,5
598,Prod Masivo 598,49.82,138,2
599,Prod Masivo 599,441.49,191,6
600,Prod Masivo 600,280.82,129,2
601,Prod Masivo 601,238.74,142,2
602,Prod Masivo 602,252.27,85,6
603,Prod Masivo 603,469.86,55,1
604,Prod Masivo 604,169.04,113,7
605,Prod Masivo 605,342.35,155,8
606,Prod Masivo 606,367.69,96,5
607,Prod Masivo 607,93.4,71,6
608,Prod Masivo 608,322.47,145,1
609,Prod Masivo 609,262.43,161,1
610,Prod Masivo 610,411.54,78,6
611,Prod Masivo 611,271.08,200,5
612,Prod Masivo 612,432.03,195,7
613,Prod Masivo 613,278.08,25,1
614,Prod Masivo 614,180.36,19,5
615,Prod Masivo 615,103.79,37,1
616,Prod Masivo 616,341.61,140,7
617,Prod Masivo 617,405.72,17,4
618,Prod Masivo 618,424.64,28,5
619,Prod Masivo 619,180.38,184,1
620,Prod Masivo 620,278.76,140,1
621,Prod Masivo 621,39.85,117,8
622,Prod Masivo 622,381.57,119,5
623,Prod Masivo 623,394.6,79,3
624,Prod Masivo 624,245.87,14,5
625,Prod Masivo 625,384.54,89,1
626,Prod Masivo 626,266.49,94,3
627,Prod Masivo 627,498.43,11,3
628,Prod Masivo 628,379.46,85,5
629,Prod Masivo 629,266.58,38,7
630,Prod Masivo 630,273.63,172,7
631,Prod Masivo 631,407.65,159,1
632,Prod Masivo 632,165.33,104,6
633,Prod Masivo 633,375.64,113,3
634,Prod Masivo 634,204.79,101,7
635,Prod Masivo 635,276.59,31,6
636,Prod Masivo 636,203.59,158,5
637,Prod Masivo 637,108.89,124,6
638,Prod Masivo 638,473.78,60,1
639,Prod Masivo 639,77.13,62,2
640,Prod Masivo 640,88.27,77,6
641,Prod Masivo 641,336.97,102,1
642,Prod Masivo 642,431.72,26,8
643,Prod Masivo 643,445.39,168,7
644,Prod Masivo 644,295.39,169,1
645,Prod Masivo 645,261.8,16,7
646,Prod Masivo 646,397.83,84,4
647,Prod Masivo 647,208.69,17,2
648,Prod Masivo 648,213.71,88,8
649,Prod Masivo 649,298.5,182,2
650,Prod Masivo 650,172.12,14,5
651,Prod Masivo 651,291.55,94,1
652,Prod Masivo 652,83.65,144,8
653,Prod Masivo 653,313.57,167,7
654,Prod Masivo 654,233.16,135,8
655,Prod Masivo 655,451.09,88,5
656,Prod Masivo 656,479.53,87,5
657,Prod Masivo 657,193.91,101,5
658,Prod Masivo 658,487.41,103,4
659,Prod Masivo 659,373.8,160,8
660,Prod Masivo 660,401.7,134,6
661,Prod Masivo 661,403.51,81,1
662,Prod Masivo 662,451.51,196,2
663,Prod Masivo 663,127.76,22,1
664,Prod Masivo 664,321.39,75,4
665,Prod Masivo 665,143.31,106,6
666,Prod Masivo 666,107.04,63,8
667,Prod Masivo 667,251.41,145,2
668,Prod Masivo 668,165.53,142,7
669,Prod Masivo 669,471.5,124,8
670,Prod Masivo 670,160.39,47,7
671,Prod Masivo 671,307.98,123,5
672,Prod Masivo 672,282.18,50,5
673,Prod Masivo 673,54.01,152,4
674,Prod Masivo 674,185.78,65,3
675,Prod Masivo 675,32.28,144,5
676,Prod Masivo 676,202.88,151,4
677,Prod Masivo 677,312.04,159,8
678,Prod Masivo 678,286.42,163,7
679,Prod Masivo 679,433.88,162,1
680,Prod Masivo 680,235.89,104,8
681,Prod Masivo 681,108.17,105,2
682,Prod Masivo 682,97.86,128,4
683,Prod Masivo 683,202.86,124,3
684,Prod Masivo 684,92.46,170,4
685,Prod Masivo 685,490.37,156,2
686,Prod Masivo 686,241.12,93,6
687,Prod Masivo 687,291.65,125,4
688,Prod Masivo 688,389.2,186,7
689,Prod Masivo 689,236.98,84,4
690,Prod Masivo 690,330.42,138,6
691,Prod Masivo 691,168.19,151,8
692,Prod Masivo 692,30.0,78,5
693,Prod Masivo 693,344.67,88,8
694,Prod Masivo 694,92.56,197,5
695,Prod Masivo 695,393.03,114,8
696,Prod Masivo 696,466.72,124,3
697,Prod Masivo 697,226.1,107,8
698,Prod Masivo 698,104.24,138,3
699,Prod Masivo 699,153.75,114,6
700,Prod Masivo 700,441.73,170,5
701,Prod Masivo 701,198.53,113,6
702,Prod Masivo 702,44.98,38,4
703,Prod Masivo 703,484.04,184,3
704,Prod Masivo 704,360.27,71,4
705,Prod Masivo 705,361.46,103,7
706,Prod Masivo 706,379.54,163,3
707,Prod Masivo 707,144.75,119,3
708,Prod Masivo 708,370.6,108,3
709,Prod Masivo 709,64.69,199,6
710,Prod Masivo 710,452.73,38,8
711,Prod Masivo 711,306.24,107,1
712,Prod Masivo 712,65.16,115,4
713,Prod Masivo 713,118.62,26,5
714,Prod Masivo 714,122.35,176,7
715,Prod Masivo 715,213.77,178,2
716,Prod Masivo 716,182.83,146,7
717,Prod Masivo 717,474.82,195,1
718,Prod Masivo 718,10.56,139,7
719,Prod Masivo 719,255.95,115,8
720,Prod Masivo 720,351.47,62,3
721,Prod Masivo 721,240.26,108,5
722,Prod Masivo 722,384.42,41,6
723,Prod Masivo 723,324.22,12,7
724,Prod Masivo 724,61.88,55,8
725,Prod Masivo 725,201.28,53,1
726,Prod Masivo 726,275.01,185,4
727,Prod Masivo 727,461.78,176,2
728,Prod Masivo 728,28.06,36,2
729,Prod Masivo 729,366.64,16,5
730,Prod Masivo 730,426.51,138,7
731,Prod Masivo 731,450.91,22,1
732,Prod Masivo 732,184.73,24,5
733,Prod Masivo 733,128.04,153,4
734,Prod Masivo 734,309.92,174,7
735,Prod Masivo 735,43.46,146,8
736,Prod Masivo 736,290.41,57,8
737,Prod Masivo 737,343.5,71,3
738,Prod Masivo 738,440.84,102,4
739,Prod Masivo 739,336.2,100,2
740,Prod Masivo 740,492.32,143,4
741,Prod Masivo 741,123.55,62,3
742,Prod Masivo 742,105.44,47,5
743,Prod Masivo 743,125.33,34,7
744,Prod Masivo 744,183.21,124,6
745,Prod Masivo 745,378.48,43,3
746,Prod Masivo 746,294.43,76,4
747,Prod Masivo 747,314.45,17,2
748,Prod Masivo 748,124.24,35,7
749,Prod Masivo 749,405.99,192,5
750,Prod Masivo 750,466.62,124,2
751,Prod Masivo 751,383.62,178,4
752,Prod Masivo 752,463.56,94,2
753,Prod Masivo 753,422.08,76,4
754,Prod Masivo 754,97.62,162,2
755,Prod Masivo 755,414.48,21,1
756,Prod Masivo 756,418.19,52,1
757,Prod Masivo 757,353.5,159,3
758,Prod Masivo 758,183.17,97,1
759,Prod Masivo 759,253.45,28,5
760,Prod Masivo 760,53.1,119,2
761,Prod Masivo 761,360.2,75,4
762,Prod Masivo 762,127.34,134,7
763,Prod Masivo 763,199.08,26,1
764,Prod Masivo 764,320.23,49,6
765,Prod Masivo 765,136.5,142,4
766,Prod Masivo 766,139.01,70,7
767,Prod Masivo 767,442.02,21,5
768,Prod Masivo 768,264.85,46,7
769,Prod Masivo 769,238.0,135,5
770,Prod Masivo 770,139.71,47,7
771,Prod Masivo 771,430.92,144,5
772,Prod Masivo 772,201.64,124,2
773,Prod Masivo 773,297.34,174,8
774,Prod Masivo 774,363.9,136,3
775,Prod Masivo 775,87.37,144,8
776,Prod Masivo 776,350.31,192,5
777,Prod Masivo 777,82.9,195,7
778,Prod Masivo 778,435.98,67,6
779,Prod Masivo 779,453.48,128,5
780,Prod Masivo 780,357.71,39,8
781,Prod Masivo 781,484.95,86,6
782,Prod Masivo 782,140.25,74,4
783,Prod Masivo 783,202.16,182,3
784,Prod Masivo 784,180.04,191,2
785,Prod Masivo 785,386.74,121,1
786,Prod Masivo 786,207.27,110,1
787,Prod Masivo 787,43.86,40,7
788,Prod Masivo 788,91.74,19,6
789,Prod Masivo 789,162.05,184,1
790,Prod Masivo 790,238.06,116,5
791,Prod Masivo 791,428.67,177,7
792,Prod Masivo 792,238.4,86,8
793,Prod Masivo 793,55.62,30,3
794,Prod Masivo 794,426.72,15,7
795,Prod Masivo 795,292.18,174,3
796,Prod Masivo 796,64.51,81,3
797,Prod Masivo 797,360.65,23,8
798,Prod Masivo 798,157.7,164,3
799,Prod Masivo 799,201.65,40,2
800,Prod Masivo 800,320.12,106,1
801,Prod Masivo 801,134.14,11,4
802,Prod Masivo 802,270.55,113,1
803,Prod Masivo 803,306.32,26,2
804,Prod Masivo 804,438.9,175,8
805,Prod Masivo 805,459.58,36,2
806,Prod Masivo 806,459.79,80,2
807,Prod Masivo 807,54.55,52,2
808,Prod Masivo 808,470.09,138,3
809,Prod Masivo 809,466.29,145,5
810,Prod Masivo 810,321.04,156,8
811,Prod Masivo 811,350.88,117,4
812,Prod Masivo 812,470.71,124,6
813,Prod Masivo 813,25.88,43,8
814,Prod Masivo 814,450.61,18,2
815,Prod Masivo 815,53.1,190,8
816,Prod Masivo 816,446.52,182,1
817,Prod Masivo 817,225.78,75,4
818,Prod Masivo 818,83.61,41,5
819,Prod Masivo 819,10.25,95,2
820,Prod Masivo 820,153.59,42,8
821,Prod Masivo 821,407.76,195,5
822,Prod Masivo 822,95.4,118,7
823,Prod Masivo 823,395.53,82,5
824,Prod Masivo 824,375.83,100,1
825,Prod Masivo 825,36.39,125,4
826,Prod Masivo 826,301.52,118,1
827,Prod Masivo 827,451.98,21,7
828,Prod Masivo 828,444.58,90,6
829,Prod Masivo 829,444.36,171,1
830,Prod Masivo 830,255.14,24,2
831,Prod Masivo 831,263.27,115,8
832,Prod Masivo 832,133.84,179,5
833,Prod Masivo 833,16.46,50,2
834,Prod Masivo 834,16.85,196,7
835,Prod Masivo 835,446.16,176,4
836,Prod Masivo 836,358.61,36,4
837,Prod Masivo 837,470.47,157,2
838,Prod Masivo 838,77.27,170,4
839,Prod Masivo 839,185.52,193,5
840,Prod Masivo 840,326.23,119,1
841,Prod Masivo 841,105.68,66,1
842,Prod Masivo 842,99.49,19,1
843,Prod Masivo 843,38.75,33,5
844,Prod Masivo 844,263.13,29,2
845,Prod Masivo 845,234.09,110,7
846,Prod Masivo 846,76.85,143,1
847,Prod Masivo 847,478.48,126,3
848,Prod Masivo 848,15.02,183,8
849,Prod Masivo 849,487.98,161,5
850,Prod Masivo 850,202.05,67,8
851,Prod Masivo 851,285.15,134,4
852,Prod Masivo 852,382.16,119,5
853,Prod Masivo 853,232.91,156,8
854,Prod Masivo 854,465.47,95,1
855,Prod Masivo 855,320.5,134,5
856,Prod Masivo 856,433.43,104,1
857,Prod Masivo 857,157.84,122,1
858,Prod Masivo 858,397.15,191,5
859,Prod Masivo 859,458.24,47,4
860,Prod Masivo 860,275.88,190,4
861,Prod Masivo 861,67.68,103,1
862,Prod Masivo 862,242.64,89,2
863,Prod Masivo 863,455.84,101,2
864,Prod Masivo 864,243.87,25,4
865,Prod Masivo 865,38.53,21,6
866,Prod Masivo 866,59.16,34,3
867,Prod Masivo 867,130.69,108,7
868,Prod Masivo 868,189.85,112,7
869,Prod Masivo 869,419.88,80,4
870,Prod Masivo 870,386.43,117,8
871,Prod Masivo 871,479.2,117,6
872,Prod Masivo 872,418.13,28,5
873,Prod Masivo 873,172.33,165,1
874,Prod Masivo 874,260.38,193,5
875,Prod Masivo 875,292.14,118,8
876,Prod Masivo 876,29.43,141,1
877,Prod Masivo 877,187.22,35,5
878,Prod Masivo 878,251.33,185,7
879,Prod Masivo 879,61.2,153,7
880,Prod Masivo 880,275.74,48,1
881,Prod Masivo 881,43.28,37,5
882,Prod Masivo 882,334.35,99,6
883,Prod Masivo 883,375.71,100,1
884,Prod Masivo 884,389.67,15,1
885,Prod Masivo 885,387.16,154,2
886,Prod Masivo 886,263.7,14,2
887,Prod Masivo 887,47.62,186,6
888,Prod Masivo 888,230.51,192,1
889,Prod Masivo 889,385.22,122,2
890,Prod Masivo 890,148.29,30,7
891,Prod Masivo 891,10.94,36,1
892,Prod Masivo 892,189.59,28,2
893,Prod Masivo 893,191.91,31,3
894,Prod Masivo 894,413.66,26,6
895,Prod Masivo 895,481.76,123,4
896,Prod Masivo 896,133.94,161,8
897,Prod Masivo 897,45.34,154,4
898,Prod Masivo 898,106.38,26,2
899,Prod Masivo 899,472.88,52,2
900,Prod Masivo 900,267.12,50,1
901,Prod Masivo 901,106.16,125,6
902,Prod Masivo 902,350.79,72,3
903,Prod Masivo 903,414.24,32,6
904,Prod Masivo 904,57.38,38,7
905,Prod Masivo 905,15.17,189,2
906,Prod Masivo 906,422.23,65,7
907,Prod Masivo 907,429.11,199,7
908,Prod Masivo 908,171.5,31,3
909,Prod Masivo 909,264.85,14,8
910,Prod Masivo 910,340.31,39,1
911,Prod Masivo 911,346.86,125,7
912,Prod Masivo 912,181.43,87,6
913,Prod Masivo 913,441.38,44,7
914,Prod Masivo 914,449.99,126,8
915,Prod Masivo 915,84.2,79,4
916,Prod Masivo 916,321.39,174,8
917,Prod Masivo 917,278.12,128,3
918,Prod Masivo 918,131.87,95,3
919,Prod Masivo 919,395.66,159,4
920,Prod Masivo 920,52.24,114,6
921,Prod Masivo 921,350.85,46,6
922,Prod Masivo 922,453.82,117,1
923,Prod Masivo 923,447.17,158,2
924,Prod Masivo 924,310.8,130,8
925,Prod Masivo 925,225.78,77,5
926,Prod Masivo 926,458.32,10,2
927,Prod Masivo 927,150.97,98,4
928,Prod Masivo 928,24.17,63,3
929,Prod Masivo 929,183.74,68,6
930,Prod Masivo 930,252.88,200,8
931,Prod Masivo 931,411.93,118,8
932,Prod Masivo 932,428.45,172,1
933,Prod Masivo 933,60.2,141,4
934,Prod Masivo 934,122.14,48,4
935,Prod Masivo 935,96.18,157,1
936,Prod Masivo 936,334.54,72,2
937,Prod Masivo 937,125.22,116,3
938,Prod Masivo 938,40.16,76,7
939,Prod Masivo 939,225.07,172,2
940,Prod Masivo 940,238.35,82,4
941,Prod Masivo 941,309.33,135,1
942,Prod Masivo 942,489.5,47,5
943,Prod Masivo 943,388.63,149,3
944,Prod Masivo 944,161.65,119,5
945,Prod Masivo 945,269.71,161,2
946,Prod Masivo 946,487.05,45,3
947,Prod Masivo 947,13.66,43,3
948,Prod Masivo 948,387.35,72,4
949,Prod Masivo 949,164.61,115,2
950,Prod Masivo 950,275.84,42,8
951,Prod Masivo 951,49.03,94,8
952,Prod Masivo 952,25.38,173,4
953,Prod Masivo 953,204.7,30,3
954,Prod Masivo 954,234.43,61,5
955,Prod Masivo 955,308.91,145,7
956,Prod Masivo 956,356.8,48,3
957,Prod Masivo 957,256.98,146,3
958,Prod Masivo 958,65.72,162,7
959,Prod Masivo 959,480.62,89,8
960,Prod Masivo 960,228.65,51,2
961,Prod Masivo 961,376.99,164,5
962,Prod Masivo 962,451.89,65,6
963,Prod Masivo 963,224.18,42,7
964,Prod Masivo 964,306.01,41,8
965,Prod Masivo 965,141.14,45,5
966,Prod Masivo 966,246.27,153,1
967,Prod Masivo 967,339.63,42,6
968,Prod Masivo 968,430.84,93,6
969,Prod Masivo 969,455.04,138,5
970,Prod Masivo 970,441.75,13,5
971,Prod Masivo 971,50.89,47,5
972,Prod Masivo 972,235.93,164,1
973,Prod Masivo 973,463.57,96,1
974,Prod Masivo 974,144.64,178,4
975,Prod Masivo 975,491.35,104,6
976,Prod Masivo 976,297.38,157,5
977,Prod Masivo 977,294.19,134,4
978,Prod Masivo 978,333.4,166,1
979,Prod Masivo 979,453.79,194,6
980,Prod Masivo 980,388.95,113,8
981,Prod Masivo 981,143.62,189,8
982,Prod Masivo 982,187.63,114,5
983,Prod Masivo 983,360.0,114,4
984,Prod Masivo 984,455.12,162,2
985,Prod Masivo 985,482.57,117,2
986,Prod Masivo 986,292.43,126,2
987,Prod Masivo 987,38.46,46,4
988,Prod Masivo 988,179.17,49,6
989,Prod Masivo 989,428.0,38,5
990,Prod Masivo 990,425.42,86,7
991,Prod Masivo 991,167.34,96,8
992,Prod Masivo 992,469.31,12,1
993,Prod Masivo 993,110.38,57,6
994,Prod Masivo 994,61.46,139,6
995,Prod Masivo 995,490.72,162,2
996,Prod Masivo 996,344.79,142,7
997,Prod Masivo 997,307.85,167,7
998,Prod Masivo 998,333.88,35,7
999,Prod Masivo 999,233.27,125,7
1000,Prod Masivo 1000,401.84,139,3
1001,Prod Masivo 1001,135.16,190,5
1002,Prod Masivo 1002,166.76,57,4
1003,Prod Masivo 1003,48.82,108,2
1004,Prod Masivo 1004,40.58,12,1
1005,Prod Masivo 1005,211.21,104,5
1006,Prod Masivo 1006,241.24,55,7
1007,Prod Masivo 1007,208.84,53,4
1008,Prod Masivo 1008,471.2,77,6
1009,Prod Masivo 1009,462.24,18,3
1010,Prod Masivo 1010,13.65,11,6
1011,Prod Masivo 1011,71.8,25,1
1012,Prod Masivo 1012,158.32,110,2
1013,Prod Masivo 1013,292.74,127,1
1014,Prod Masivo 1014,112.59,31,8
1015,Prod Masivo 1015,490.78,166,8
1016,Prod Masivo 1016,30.25,119,4
1017,Prod Masivo 1017,333.67,23,8
1018,Prod Masivo 1018,477.08,67,8
1019,Prod Masivo 1019,260.31,197,6
1020,Prod Masivo 1020,381.37,72,4
1021,Prod Masivo 1021,272.15,44,6
1022,Prod Masivo 1022,361.8,129,1
1023,Prod Masivo 1023,348.74,103,5
1024,Prod Masivo 1024,326.62,160,5
1025,Prod Masivo 1025,477.47,172,2
1026,Prod Masivo 1026,89.4,13,2
1027,Prod Masivo 1027,378.56,150,3
1028,Prod Masivo 1028,369.53,66,6
1029,Prod Masivo 1029,51.39,130,3
1030,Prod Masivo 1030,338.03,31,5
1031,Prod Masivo 1031,209.44,199,1
1032,Prod Masivo 1032,212.05,190,5
1033,Prod Masivo 1033,357.57,118,3
1034,Prod Masivo 1034,168.02,139,2
1035,Prod Masivo 1035,194.55,195,4
1036,Prod Masivo 1036,153.66,56,1
1037,Prod Masivo 1037,121.4,61,8
1038,Prod Masivo 1038,390.58,72,1
1039,Prod Masivo 1039,460.68,187,5
1040,Prod Masivo 1040,127.76,120,2
1041,Prod Masivo 1041,436.06,161,3
1042,Prod Masivo 1042,143.56,104,2
1043,Prod Masivo 1043,349.83,140,7
1044,Prod Masivo 1044,490.7,91,2
1045,Prod Masivo 1045,400.55,101,7
1046,Prod Masivo 1046,219.19,25,4
1047,Prod Masivo 1047,310.97,176,1
1048,Prod Masivo 1048,185.7,144,6
1049,Prod Masivo 1049,84.72,79,1
1050,Prod Masivo 1050,456.56,161,4
1051,Prod Masivo 1051,243.47,165,7
1052,Prod Masivo 1052,364.58,28,4
1053,Prod Masivo 1053,205.53,196,2
1054,Prod Masivo 1054,124.07,141,4
1055,Prod Masivo 1055,218.02,94,2
1056,Prod Masivo 1056,494.33,56,2
1057,Prod Masivo 1057,290.8,200,4
1058,Prod Masivo 1058,53.78,128,4
1059,Prod Masivo 1059,213.29,183,3
1060,Prod Masivo 1060,169.86,34,2
1061,Prod Masivo 1061,203.64,56,4
1062,Prod Masivo 1062,212.17,115,4
1063,Prod Masivo 1063,370.61,60,2
1064,Prod Masivo 1064,269.28,187,2
1065,Prod Masivo 1065,318.16,182,1
1066,Prod Masivo 1066,45.57,23,6
1067,Prod Masivo 1067,235.37,44,3
1068,Prod Masivo 1068,228.64,28,7
1069,Prod Masivo 1069,337.32,88,2
1070,Prod Masivo 1070,44.63,23,1
1071,Prod Masivo 1071,102.9,12,1
1072,Prod Masivo 1072,485.8,156,1
1073,Prod Masivo 1073,293.15,32,1
1074,Prod Masivo 1074,295.69,126,6
1075,Prod Masivo 1075,111.91,155,5
1076,Prod Masivo 1076,489.72,38,4
1077,Prod Masivo 1077,364.74,58,7
1078,Prod Masivo 1078,14.44,46,8
1079,Prod Masivo 1079,487.41,59,6
1080,Prod Masivo 1080,436.47,156,7
1081,Prod Masivo 1081,183.17,72,3
1082,Prod Masivo 1082,417.31,120,8
1083,Prod Masivo 1083,131.2,105,3
1084,Prod Masivo 1084,329.95,199,7
1085,Prod Masivo 1085,342.45,56,7
1086,Prod Masivo 1086,483.07,51,7
1087,Prod Masivo 1087,161.45,144,8
1088,Prod Masivo 1088,79.58,151,1
1089,Prod Masivo 1089,494.13,187,2
1090,Prod Masivo 1090,415.42,14,4
1091,Prod Masivo 1091,451.98,74,8
1092,Prod Masivo 1092,268.01,89,4
1093,Prod Masivo 1093,48.42,16,6
1094,Prod Masivo 1094,254.95,103,6
1095,Prod Masivo 1095,356.35,118,5
1096,Prod Masivo 1096,320.18,184,8
1097,Prod Masivo 1097,247.3,55,5
1098,Prod Masivo 1098,49.92,181,8
1099,Prod Masivo 1099,268.04,20,8
1100,Prod Masivo 1100,86.24,46,4
1101,Prod Masivo 1101,491.64,79,4
1102,Prod Masivo 1102,367.37,16,2
1103,Prod Masivo 1103,233.25,188,5
1104,Prod Masivo 1104,378.96,160,5
1105,Prod Masivo 1105,467.96,157,2
1106,Prod Masivo 1106,379.32,48,5
1107,Prod Masivo 1107,312.81,10,6
1108,Prod Masivo 1108,184.25,178,1
1109,Prod Masivo 1109,94.53,78,4
1110,Prod Masivo 1110,109.07,119,8
1111,Prod Masivo 1111,64.96,187,6
1112,Prod Masivo 1112,473.47,50,3
1113,Prod Masivo 1113,428.52,58,4
1114,Prod Masivo 1114,84.83,173,1
1115,Prod Masivo 1115,174.12,55,2
1116,Prod Masivo 1116,488.06,47,4
1117,Prod Masivo 1117,283.41,165,8
1118,Prod Masivo 1118,482.43,88,1
1119,Prod Masivo 1119,38.83,159,3
1120,Prod Masivo 1120,349.9,130,2
1121,Prod Masivo 1121,97.76,149,2
1122,Prod Masivo 1122,276.96,172,5
1123,Prod Masivo 1123,268.05,186,3
1124,Prod Masivo 1124,415.65,162,7
1125,Prod Masivo 1125,35.09,59,8
1126,Prod Masivo 1126,359.37,92,1
1127,Prod Masivo 1127,64.53,60,6
1128,Prod Masivo 1128,261.14,71,3
1129,Prod Masivo 1129,130.36,188,7
1130,Prod Masivo 1130,95.23,56,1
1131,Prod Masivo 1131,109.52,134,8
1132,Prod Masivo 1132,257.28,31,3
1133,Prod Masivo 1133,362.33,63,1
1134,Prod Masivo 1134,174.66,67,1
1135,Prod Masivo 1135,486.22,166,8
1136,Prod Masivo 1136,497.34,73,2
1137,Prod Masivo 1137,435.43,63,5
1138,Prod Masivo 1138,401.45,64,1
1139,Prod Masivo 1139,300.08,128,2
1140,Prod Masivo 1140,235.54,44,3
1141,Prod Masivo 1141,226.38,175,2
1142,Prod Masivo 1142,39.35,197,8
1143,Prod Masivo 1143,179.61,156,3
1144,Prod Masivo 1144,107.31,173,3
1145,Prod Masivo 1145,457.27,170,7
1146,Prod Masivo 1146,139.72,189,5
1147,Prod Masivo 1147,205.5,133,5
1148,Prod Masivo 1148,310.49,44,3
1149,Prod Masivo 1149,255.53,15,3
1150,Prod Masivo 1150,136.51,79,1
1151,Prod Masivo 1151,363.2,38,3
1152,Prod Masivo 1152,333.16,33,2
1153,Prod Masivo 1153,497.74,110,3
1154,Prod Masivo 1154,298.48,25,1
1155,Prod Masivo 1155,478.17,64,8
1156,Prod Masivo 1156,156.9,186,6
1157,Prod Masivo 1157,21.04,171,5
1158,Prod Masivo 1158,443.06,37,3
1159,Prod Masivo 1159,330.28,11,5
1160,Prod Masivo 1160,362.85,121,8
1161,Prod Masivo 1161,23.65,126,1
1162,Prod Masivo 1162,485.11,146,7
1163,Prod Masivo 1163,284.57,23,2
1164,Prod Masivo 1164,295.96,110,2
1165,Prod Masivo 1165,400.78,151,4
1166,Prod Masivo 1166,235.08,81,4
1167,Prod Masivo 1167,158.3,142,3
1168,Prod Masivo 1168,12.02,45,3
1169,Prod Masivo 1169,65.19,144,7
1170,Prod Masivo 1170,311.44,110,8
1171,Prod Masivo 1171,112.18,199,8
1172,Prod Masivo 1172,427.39,81,4
1173,Prod Masivo 1173,454.27,155,6
1174,Prod Masivo 1174,496.37,58,1
1175,Prod Masivo 1175,170.05,155,4
1176,Prod Masivo 1176,18.52,28,5
1177,Prod Masivo 1177,67.62,47,4
1178,Prod Masivo 1178,69.54,46,2
1179,Prod Masivo 1179,410.45,96,7
1180,Prod Masivo 1180,386.57,69,8
1181,Prod Masivo 1181,16.38,57,7
1182,Prod Masivo 1182,120.52,17,6
1183,Prod Masivo 1183,58.39,192,5
1184,Prod Masivo 1184,32.49,200,5
1185,Prod Masivo 1185,80.88,74,3
1186,Prod Masivo 1186,311.4,56,3
1187,Prod Masivo 1187,267.46,177,8
1188,Prod Masivo 1188,200.93,13,5
1189,Prod Masivo 1189,228.74,173,3
1190,Prod Masivo 1190,338.83,81,8
1191,Prod Masivo 1191,252.73,70,7
1192,Prod Masivo 1192,275.97,197,7
1193,Prod Masivo 1193,54.68,132,6
1194,Prod Masivo 1194,400.33,187,3
1195,Prod Masivo 1195,190.57,186,1
1196,Prod Masivo 1196,117.42,30,7
1197,Prod Masivo 1197,374.91,157,6
1198,Prod Masivo 1198,125.51,136,6
1199,Prod Masivo 1199,268.55,133,6
1200,Prod Masivo 1200,30.11,124,5
1201,Prod Masivo 1201,432.44,153,4
1202,Prod Masivo 1202,101.29,28,6
1203,Prod Masivo 1203,426.27,128,7
1204,Prod Masivo 1204,482.42,130,2
1205,Prod Masivo 1205,428.2,153,3
1206,Prod Masivo 1206,477.07,152,6
1207,Prod Masivo 1207,76.6,121,2
1208,Prod Masivo 1208,341.82,189,7
1209,Prod Masivo 1209,39.92,126,5
1210,Prod Masivo 1210,380.71,71,3
1211,Prod Masivo 1211,376.92,122,1
1212,Prod Masivo 1212,62.26,124,6
1213,Prod Masivo 1213,337.21,165,4
1214,Prod Masivo 1214,431.12,144,5
1215,Prod Masivo 1215,187.03,67,2
1216,Prod Masivo 1216,16.1,187,8
1217,Prod Masivo 1217,413.59,14,8
1218,Prod Masivo 1218,178.48,194,7
1219,Prod Masivo 1219,233.33,125,1
1220,Prod Masivo 1220,88.47,123,8
1221,Prod Masivo 1221,212.83,174,3
1222,Prod Masivo 1222,75.07,20,3
1223,Prod Masivo 1223,63.95,116,7
1224,Prod Masivo 1224,182.89,103,3
1225,Prod Masivo 1225,450.42,116,5
1226,Prod Masivo 1226,133.62,189,7
1227,Prod Masivo 1227,401.87,96,2
1228,Prod Masivo 1228,437.67,45,4
1229,Prod Masivo 1229,20.28,73,8
1230,Prod Masivo 1230,411.22,129,1
1231,Prod Masivo 1231,451.25,87,7
1232,Prod Masivo 1232,432.76,197,5
1233,Prod Masivo 1233,133.52,61,4
1234,Prod Masivo 1234,447.45,62,7
1235,Prod Masivo 1235,257.6,82,6
1236,Prod Masivo 1236,234.87,58,6
1237,Prod Masivo 1237,365.44,144,5
1238,Prod Masivo 1238,427.11,13,7
1239,Prod Masivo 1239,45.77,196,3
1240,Prod Masivo 1240,392.45,45,7
1241,Prod Masivo 1241,163.52,137,2
1242,Prod Masivo 1242,474.04,149,3
1243,Prod Masivo 1243,54.39,37,6
1244,Prod Masivo 1244,150.19,39,8
1245,Prod Masivo 1245,202.9,59,7
1246,Prod Masivo 1246,361.09,13,4
1247,Prod Masivo 1247,50.5,21,2
1248,Prod Masivo 1248,177.8,126,6
1249,Prod Masivo 1249,289.48,108,3
1250,Prod Masivo 1250,407.48,61,8
1251,Prod Masivo 1251,330.78,131,7
1252,Prod Masivo 1252,371.19,167,8
1253,Prod Masivo 1253,301.58,106,8
1254,Prod Masivo 1254,393.81,63,8
1255,Prod Masivo 1255,60.4,25,7
1256,Prod Masivo 1256,440.06,84,8
1257,Prod Masivo 1257,42.72,59,7
1258,Prod Masivo 1258,179.11,193,2
1259,Prod Masivo 1259,319.71,15,8
1260,Prod Masivo 1260,60.69,143,8
1261,Prod Masivo 1261,420.15,93,1
1262,Prod Masivo 1262,359.37,94,4
1263,Prod Masivo 1263,266.09,95,2
1264,Prod Masivo 1264,290.04,163,7
1265,Prod Masivo 1265,259.71,190,5
1266,Prod Masivo 1266,486.27,197,5
1267,Prod Masivo 1267,462.41,98,3
1268,Prod Masivo 1268,406.06,133,4
1269,Prod Masivo 1269,52.16,44,7
1270,Prod Masivo 1270,428.11,117,3
1271,Prod Masivo 1271,305.42,35,4
1272,Prod Masivo 1272,465.97,23,7
1273,Prod Masivo 1273,368.0,107,6
1274,Prod Masivo 1274,375.29,84,4
1275,Prod Masivo 1275,206.8,99,5
1276,Prod Masivo 1276,84.39,185,2
1277,Prod Masivo 1277,163.07,102,4
1278,Prod Masivo 1278,109.18,71,3
1279,Prod Masivo 1279,277.48,117,5
1280,Prod Masivo 1280,194.72,134,6
1281,Prod Masivo 1281,445.13,114,7
1282,Prod Masivo 1282,499.38,185,1
1283,Prod Masivo 1283,281.2,99,6
1284,Prod Masivo 1284,79.43,166,7
1285,Prod Masivo 1285,457.33,153,7
1286,Prod Masivo 1286,321.76,123,5
1287,Prod Masivo 1287,355.8,87,2
1288,Prod Masivo 1288,404.56,200,1
1289,Prod Masivo 1289,343.33,26,2
1290,Prod Masivo 1290,372.89,167,8
1291,Prod Masivo 1291,174.92,19,1
1292,Prod Masivo 1292,113.51,49,6
1293,Prod Masivo 1293,190.24,23,5
1294,Prod Masivo 1294,188.65,132,2
1295,Prod Masivo 1295,320.39,119,1
1296,Prod Masivo 1296,289.42,48,8
1297,Prod Masivo 1297,235.04,183,3
1298,Prod Masivo 1298,346.47,46,6
1299,Prod Masivo 1299,269.46,164,6
1300,Prod Masivo 1300,284.27,121,5
1301,Prod Masivo 1301,71.32,199,7
1302,Prod Masivo 1302,460.69,45,6
1303,Prod Masivo 1303,347.67,68,5
1304,Prod Masivo 1304,399.82,130,4
1305,Prod Masivo 1305,206.39,116,7
1306,Prod Masivo 1306,311.19,95,1
1307,Prod Masivo 1307,72.76,11,5
1308,Prod Masivo 1308,137.08,162,4
1309,Prod Masivo 1309,468.35,168,8
1310,Prod Masivo 1310,228.28,151,2
1311,Prod Masivo 1311,55.17,144,1
1312,Prod Masivo 1312,234.15,72,7
1313,Prod Masivo 1313,311.87,98,2
1314,Prod Masivo 1314,227.74,177,1
1315,Prod Masivo 1315,294.87,158,3
1316,Prod Masivo 1316,355.34,93,8
1317,Prod Masivo 1317,159.13,109,7
1318,Prod Masivo 1318,94.64,99,8
1319,Prod Masivo 1319,443.5,70,3
1320,Prod Masivo 1320,410.77,32,1
1321,Prod Masivo 1321,71.11,75,5
1322,Prod Masivo 1322,310.85,35,5
1323,Prod Masivo 1323,498.06,130,7
1324,Prod Masivo 1324,233.57,104,6
1325,Prod Masivo 1325,332.71,28,7
1326,Prod Masivo 1326,269.65,140,2
1327,Prod Masivo 1327,32.0,36,3
1328,Prod Masivo 1328,15.21,21,6
1329,Prod Masivo 1329,235.44,83,8
1330,Prod Masivo 1330,429.65,60,3
1331,Prod Masivo 1331,299.34,146,5
1332,Prod Masivo 1332,264.76,95,8
1333,Prod Masivo 1333,199.57,20,3
1334,Prod Masivo 1334,20.39,15,6
1335,Prod Masivo 1335,211.74,23,1
1336,Prod Masivo 1336,244.57,168,1
1337,Prod Masivo 1337,342.6,169,5
1338,Prod Masivo 1338,428.31,128,1
1339,Prod Masivo 1339,206.98,170,6
1340,Prod Masivo 1340,368.33,128,3
1341,Prod Masivo 1341,284.29,108,5
1342,Prod Masivo 1342,478.76,120,6
1343,Prod Masivo 1343,103.35,150,2
1344,Prod Masivo 1344,186.11,103,6
1345,Prod Masivo 1345,475.63,155,1
1346,Prod Masivo 1346,323.45,10,6
1347,Prod Masivo 1347,341.47,174,7
1348,Prod Masivo 1348,337.55,42,1
1349,Prod Masivo 1349,148.8,169,8
1350,Prod Masivo 1350,324.76,173,5
1351,Prod Masivo 1351,271.49,179,1
1352,Prod Masivo 1352,212.69,97,3
1353,Prod Masivo 1353,237.45,198,7
1354,Prod Masivo 1354,456.04,63,6
1355,Prod Masivo 1355,480.48,85,1
1356,Prod Masivo 1356,480.18,94,8
1357,Prod Masivo 1357,416.53,163,3
1358,Prod Masivo 1358,403.33,132,4
1359,Prod Masivo 1359,468.43,34,4
1360,Prod Masivo 1360,32.07,81,7
1361,Prod Masivo 1361,477.87,170,1
1362,Prod Masivo 1362,419.07,140,5
1363,Prod Masivo 1363,167.78,196,2
1364,Prod Masivo 1364,430.76,49,5
1365,Prod Masivo 1365,212.12,15,1
1366,Prod Masivo 1366,460.3,185,7
1367,Prod Masivo 1367,483.91,68,1
1368,Prod Masivo 1368,56.43,175,6
1369,Prod Masivo 1369,140.45,163,6
1370,Prod Masivo 1370,446.94,74,3
1371,Prod Masivo 1371,318.07,17,1
1372,Prod Masivo 1372,428.07,180,6
1373,Prod Masivo 1373,53.27,12,2
1374,Prod Masivo 1374,46.23,70,4
1375,Prod Masivo 1375,61.86,133,8
1376,Prod Masivo 1376,99.67,116,3
1377,Prod Masivo 1377,103.27,68,6
1378,Prod Masivo 1378,94.14,65,5
1379,Prod Masivo 1379,271.53,160,7
1380,Prod Masivo 1380,450.74,18,7
1381,Prod Masivo 1381,173.32,84,6
1382,Prod Masivo 1382,407.79,72,6
1383,Prod Masivo 1383,476.65,129,4
1384,Prod Masivo 1384,305.33,82,6
1385,Prod Masivo 1385,490.34,187,3
1386,Prod Masivo 1386,267.67,86,2
1387,Prod Masivo 1387,448.78,109,1
1388,Prod Masivo 1388,154.54,31,7
1389,Prod Masivo 1389,345.34,22,5
1390,Prod Masivo 1390,68.26,98,1
1391,Prod Masivo 1391,217.85,22,6
1392,Prod Masivo 1392,273.47,29,5
1393,Prod Masivo 1393,248.49,113,4
1394,Prod Masivo 1394,435.34,25,3
1395,Prod Masivo 1395,309.2,125,8
1396,Prod Masivo 1396,289.32,136,7
1397,Prod Masivo 1397,183.49,111,4
1398,Prod Masivo 1398,410.87,191,3
1399,Prod Masivo 1399,103.35,126,1
1400,Prod Masivo 1400,276.18,44,6
1401,Prod Masivo 1401,291.11,147,4
1402,Prod Masivo 1402,226.54,174,8
1403,Prod Masivo 1403,60.1,154,7
1404,Prod Masivo 1404,211.23,138,4
1405,Prod Masivo 1405,493.02,197,3
1406,Prod Masivo 1406,286.34,94,8
1407,Prod Masivo 1407,153.06,200,1
1408,Prod Masivo 1408,476.75,70,1
1409,Prod Masivo 1409,215.41,148,7
1410,Prod Masivo 1410,275.43,88,3
1411,Prod Masivo 1411,146.82,116,8
1412,Prod Masivo 1412,131.93,188,3
1413,Prod Masivo 1413,438.95,170,1
1414,Prod Masivo 1414,78.98,146,8
1415,Prod Masivo 1415,346.77,189,7
1416,Prod Masivo 1416,402.37,174,3
1417,Prod Masivo 1417,375.39,184,4
1418,Prod Masivo 1418,29.98,35,2
1419,Prod Masivo 1419,357.56,96,2
1420,Prod Masivo 1420,243.61,132,6
1421,Prod Masivo 1421,275.86,191,6
1422,Prod Masivo 1422,318.18,64,5
1423,Prod Masivo 1423,427.16,59,4
1424,Prod Masivo 1424,431.82,43,7
1425,Prod Masivo 1425,137.09,97,5
1426,Prod Masivo 1426,94.73,137,8
1427,Prod Masivo 1427,153.37,53,4
1428,Prod Masivo 1428,183.37,160,8
1429,Prod Masivo 1429,488.99,166,2
1430,Prod Masivo 1430,432.43,67,8
1431,Prod Masivo 1431,179.0,65,8
1432,Prod Masivo 1432,397.66,64,4
1433,Prod Masivo 1433,264.94,12,3
1434,Prod Masivo 1434,97.99,85,5
1435,Prod Masivo 1435,402.29,140,5
1436,Prod Masivo 1436,433.3,197,5
1437,Prod Masivo 1437,393.24,123,8
1438,Prod Masivo 1438,290.25,159,2
1439,Prod Masivo 1439,45.01,88,5
1440,Prod Masivo 1440,175.79,176,6
1441,Prod Masivo 1441,481.41,36,4
1442,Prod Masivo 1442,79.48,42,8
1443,Prod Masivo 1443,323.43,96,1
1444,Prod Masivo 1444,46.07,173,8
1445,Prod Masivo 1445,367.05,18,4
1446,Prod Masivo 1446,373.08,160,8
1447,Prod Masivo 1447,93.75,179,7
1448,Prod Masivo 1448,100.06,188,3
1449,Prod Masivo 1449,304.48,56,8
1450,Prod Masivo 1450,22.0,158,7
1451,Prod Masivo 1451,103.32,23,1
1452,Prod Masivo 1452,238.79,33,3
1453,Prod Masivo 1453,313.54,191,5
1454,Prod Masivo 1454,282.73,106,6
1455,Prod Masivo 1455,182.61,38,6
1456,Prod Masivo 1456,150.73,121,1
1457,Prod Masivo 1457,172.44,25,1
1458,Prod Masivo 1458,58.89,121,7
1459,Prod Masivo 1459,382.07,166,7
1460,Prod Masivo 1460,41.43,140,3
1461,Prod Masivo 1461,116.76,157,4
1462,Prod Masivo 1462,163.83,192,6
1463,Prod Masivo 1463,121.48,74,7
1464,Prod Masivo 1464,171.33,119,3
1465,Prod Masivo 1465,48.5,189,5
1466,Prod Masivo 1466,26.78,128,6
1467,Prod Masivo 1467,384.15,19,4
1468,Prod Masivo 1468,316.43,178,8
1469,Prod Masivo 1469,140.37,192,6
1470,Prod Masivo 1470,197.48,56,1
1471,Prod Masivo 1471,443.89,70,3
1472,Prod Masivo 1472,170.6,184,8
1473,Prod Masivo 1473,436.41,166,6
1474,Prod Masivo 1474,478.15,154,4
1475,Prod Masivo 1475,244.05,193,3
1476,Prod Masivo 1476,307.27,131,3
1477,Prod Masivo 1477,469.54,45,5
1478,Prod Masivo 1478,313.39,67,1
1479,Prod Masivo 1479,459.61,55,4
1480,Prod Masivo 1480,229.54,24,5
1481,Prod Masivo 1481,97.02,93,5
1482,Prod Masivo 1482,23.93,135,7
1483,Prod Masivo 1483,443.21,14,2
1484,Prod Masivo 1484,498.93,112,5
1485,Prod Masivo 1485,251.05,88,8
1486,Prod Masivo 1486,432.31,117,4
1487,Prod Masivo 1487,95.05,96,3
1488,Prod Masivo 1488,101.93,26,1
1489,Prod Masivo 1489,15.34,104,7
1490,Prod Masivo 1490,149.27,134,1
1491,Prod Masivo 1491,426.22,92,2
1492,Prod Masivo 1492,305.23,131,3
1493,Prod Masivo 1493,26.56,112,3
1494,Prod Masivo 1494,469.93,167,3
1495,Prod Masivo 1495,211.37,146,5
1496,Prod Masivo 1496,31.36,139,1
1497,Prod Masivo 1497,194.53,102,8
1498,Prod Masivo 1498,172.11,61,3
1499,Prod Masivo 1499,235.33,19,1
1500,Prod Masivo 1500,389.13,15,2
1501,Prod Masivo 1501,238.76,158,6
1502,Prod Masivo 1502,399.6,190,4
1503,Prod Masivo 1503,457.47,158,5
1504,Prod Masivo 1504,311.99,125,3
1505,Prod Masivo 1505,220.84,109,1
1506,Prod Masivo 1506,63.03,95,7
1507,Prod Masivo 1507,278.16,103,7
1508,Prod Masivo 1508,100.65,75,3
1509,Prod Masivo 1509,494.95,50,7
1510,Prod Masivo 1510,245.21,49,5
1511,Prod Masivo 1511,182.47,162,4
1512,Prod Masivo 1512,368.72,130,2
1513,Prod Masivo 1513,174.34,127,2
1514,Prod Masivo 1514,166.52,156,6
1515,Prod Masivo 1515,113.56,90,3
1516,Prod Masivo 1516,169.92,88,1
1517,Prod Masivo 1517,459.58,49,3
1518,Prod Masivo 1518,153.27,196,4
1519,Prod Masivo 1519,333.82,157,4
1520,Prod Masivo 1520,339.97,127,3
1521,Prod Masivo 1521,103.26,70,3
1522,Prod Masivo 1522,30.05,196,3
1523,Prod Masivo 1523,467.37,147,5
1524,Prod Masivo 1524,360.83,124,8
1525,Prod Masivo 1525,495.23,36,6
1526,Prod Masivo 1526,28.09,36,8
1527,Prod Masivo 1527,220.93,198,2
1528,Prod Masivo 1528,72.21,138,8
1529,Prod Masivo 1529,95.88,42,2
1530,Prod Masivo 1530,474.73,15,8
1531,Prod Masivo 1531,492.77,196,1
1532,Prod Masivo 1532,283.37,43,1
1533,Prod Masivo 1533,175.49,21,2
1534,Prod Masivo 1534,115.15,35,5
1535,Prod Masivo 1535,209.19,95,4
1536,Prod Masivo 1536,421.33,170,2
1537,Prod Masivo 1537,328.56,68,7
1538,Prod Masivo 1538,126.35,148,8
1539,Prod Masivo 1539,369.53,53,1
1540,Prod Masivo 1540,131.31,145,3
1541,Prod Masivo 1541,216.31,126,2
1542,Prod Masivo 1542,113.81,168,2
1543,Prod Masivo 1543,341.1,153,5
1544,Prod Masivo 1544,82.33,189,6
1545,Prod Masivo 1545,250.69,155,3
1546,Prod Masivo 1546,275.31,193,1
1547,Prod Masivo 1547,329.05,113,8
1548,Prod Masivo 1548,156.93,139,3
1549,Prod Masivo 1549,262.9,43,8
1550,Prod Masivo 1550,479.92,149,3
1551,Prod Masivo 1551,397.44,146,3
1552,Prod Masivo 1552,96.15,158,6
1553,Prod Masivo 1553,144.03,28,6
1554,Prod Masivo 1554,144.37,101,8
1555,Prod Masivo 1555,368.75,85,1
1556,Prod Masivo 1556,259.71,47,8
1557,Prod Masivo 1557,397.44,195,8
1558,Prod Masivo 1558,94.39,159,4
1559,Prod Masivo 1559,152.4,165,8
1560,Prod Masivo 1560,298.05,110,6
1561,Prod Masivo 1561,48.14,147,3
1562,Prod Masivo 1562,171.41,48,4
1563,Prod Masivo 1563,425.0,47,7
1564,Prod Masivo 1564,375.54,142,5
1565,Prod Masivo 1565,56.67,74,8
1566,Prod Masivo 1566,155.48,199,2
1567,Prod Masivo 1567,352.07,160,3
1568,Prod Masivo 1568,339.55,72,4
1569,Prod Masivo 1569,402.98,87,4
1570,Prod Masivo 1570,299.84,196,3
1571,Prod Masivo 1571,215.63,170,6
1572,Prod Masivo 1572,406.93,43,8
1573,Prod Masivo 1573,281.04,122,3
1574,Prod Masivo 1574,278.94,137,2
1575,Prod Masivo 1575,347.79,67,4
1576,Prod Masivo 1576,478.27,38,8
1577,Prod Masivo 1577,129.36,169,2
1578,Prod Masivo 1578,210.22,118,3
1579,Prod Masivo 1579,246.96,145,7
1580,Prod Masivo 1580,294.4,24,3
1581,Prod Masivo 1581,134.06,66,2
1582,Prod Masivo 1582,332.64,121,5
1583,Prod Masivo 1583,149.08,173,6
1584,Prod Masivo 1584,310.5,189,3
1585,Prod Masivo 1585,165.9,130,2
1586,Prod Masivo 1586,122.69,187,5
1587,Prod Masivo 1587,113.45,144,3
1588,Prod Masivo 1588,306.31,76,1
1589,Prod Masivo 1589,459.21,71,1
1590,Prod Masivo 1590,336.14,38,6
1591,Prod Masivo 1591,144.34,14,2
1592,Prod Masivo 1592,33.52,197,2
1593,Prod Masivo 1593,142.21,131,6
1594,Prod Masivo 1594,80.31,176,1
1595,Prod Masivo 1595,105.39,22,1
1596,Prod Masivo 1596,245.92,122,1
1597,Prod Masivo 1597,180.71,57,4
1598,Prod Masivo 1598,57.04,65,5
1599,Prod Masivo 1599,96.64,110,5
1600,Prod Masivo 1600,44.77,113,5
1601,Prod Masivo 1601,402.04,120,4
1602,Prod Masivo 1602,250.59,36,4
1603,Prod Masivo 1603,208.14,191,6
1604,Prod Masivo 1604,208.11,132,4
1605,Prod Masivo 1605,412.3,47,8
1606,Prod Masivo 1606,351.87,73,3
1607,Prod Masivo 1607,100.62,136,6
1608,Prod Masivo 1608,54.5,92,8
1609,Prod Masivo 1609,343.0,50,1
1610,Prod Masivo 1610,292.84,127,8
1611,Prod Masivo 1611,418.89,97,6
1612,Prod Masivo 1612,43.87,175,1
1613,Prod Masivo 1613,26.52,147,1
1614,Prod Masivo 1614,279.3,25,8
1615,Prod Masivo 1615,295.76,188,3
1616,Prod Masivo 1616,142.18,110,7
1617,Prod Masivo 1617,258.46,166,6
1618,Prod Masivo 1618,443.27,90,7
1619,Prod Masivo 1619,478.09,52,3
1620,Prod Masivo 1620,170.3,63,2
1621,Prod Masivo 1621,190.32,138,5
1622,Prod Masivo 1622,278.1,12,7
1623,Prod Masivo 1623,332.5,95,1
1624,Prod Masivo 1624,270.96,72,1
1625,Prod Masivo 1625,103.95,188,5
1626,Prod Masivo 1626,462.77,175,8
1627,Prod Masivo 1627,188.41,182,8
1628,Prod Masivo 1628,270.09,109,8
1629,Prod Masivo 1629,129.3,93,5
1630,Prod Masivo 1630,202.9,200,8
1631,Prod Masivo 1631,130.09,38,6
1632,Prod Masivo 1632,487.93,138,3
1633,Prod Masivo 1633,21.22,125,6
1634,Prod Masivo 1634,189.35,98,5
1635,Prod Masivo 1635,221.83,124,6
1636,Prod Masivo 1636,407.65,91,7
1637,Prod Masivo 1637,232.91,191,5
1638,Prod Masivo 1638,463.69,86,7
1639,Prod Masivo 1639,134.12,98,6
1640,Prod Masivo 1640,95.13,102,7
1641,Prod Masivo 1641,344.99,65,7
1642,Prod Masivo 1642,485.19,195,4
1643,Prod Masivo 1643,65.34,14,7
1644,Prod Masivo 1644,348.36,20,1
1645,Prod Masivo 1645,468.59,27,1
1646,Prod Masivo 1646,116.26,64,3
1647,Prod Masivo 1647,145.71,130,1
1648,Prod Masivo 1648,355.54,188,7
1649,Prod Masivo 1649,254.78,197,5
1650,Prod Masivo 1650,450.45,110,1
1651,Prod Masivo 1651,363.42,86,1
1652,Prod Masivo 1652,425.83,80,6
1653,Prod Masivo 1653,185.09,15,3
1654,Prod Masivo 1654,93.45,20,2
1655,Prod Masivo 1655,254.05,141,6
1656,Prod Masivo 1656,471.52,194,8
1657,Prod Masivo 1657,30.18,128,1
1658,Prod Masivo 1658,77.54,195,2
1659,Prod Masivo 1659,28.27,151,6
1660,Prod Masivo 1660,253.99,118,5
1661,Prod Masivo 1661,370.56,20,2
1662,Prod Masivo 1662,465.56,168,4
1663,Prod Masivo 1663,56.02,152,5
1664,Prod Masivo 1664,428.3,22,5
1665,Prod Masivo 1665,364.02,89,8
1666,Prod Masivo 1666,263.0,182,2
1667,Prod Masivo 1667,465.95,84,5
1668,Prod Masivo 1668,324.03,57,4
1669,Prod Masivo 1669,260.08,81,7
1670,Prod Masivo 1670,330.26,189,3
1671,Prod Masivo 1671,143.24,24,8
1672,Prod Masivo 1672,159.83,131,6
1673,Prod Masivo 1673,89.24,27,4
1674,Prod Masivo 1674,107.0,91,8
1675,Prod Masivo 1675,245.96,134,1
1676,Prod Masivo 1676,82.14,69,3
1677,Prod Masivo 1677,389.79,104,1
1678,Prod Masivo 1678,246.72,132,8
1679,Prod Masivo 1679,407.04,130,4
1680,Prod Masivo 1680,75.94,96,6
1681,Prod Masivo 1681,200.58,47,1
1682,Prod Masivo 1682,169.84,103,8
1683,Prod Masivo 1683,417.68,194,4
1684,Prod Masivo 1684,264.49,121,2
1685,Prod Masivo 1685,140.03,88,8
1686,Prod Masivo 1686,442.41,171,7
1687,Prod Masivo 1687,192.41,171,6
1688,Prod Masivo 1688,479.77,108,3
1689,Prod Masivo 1689,388.67,44,2
1690,Prod Masivo 1690,221.33,64,2
1691,Prod Masivo 1691,152.69,69,1
1692,Prod Masivo 1692,23.76,124,5
1693,Prod Masivo 1693,355.89,177,5
1694,Prod Masivo 1694,221.7,134,6
1695,Prod Masivo 1695,459.41,140,2
1696,Prod Masivo 1696,381.27,43,4
1697,Prod Masivo 1697,417.6,85,3
1698,Prod Masivo 1698,449.85,189,6
1699,Prod Masivo 1699,413.18,174,5
1700,Prod Masivo 1700,132.08,25,7
1701,Prod Masivo 1701,42.09,177,6
1702,Prod Masivo 1702,135.91,183,3
1703,Prod Masivo 1703,391.97,144,1
1704,Prod Masivo 1704,473.36,158,7
1705,Prod Masivo 1705,256.98,50,8
1706,Prod Masivo 1706,222.85,121,2
1707,Prod Masivo 1707,258.35,147,6
1708,Prod Masivo 1708,247.13,158,1
1709,Prod Masivo 1709,467.91,22,6
1710,Prod Masivo 1710,94.7,45,2
1711,Prod Masivo 1711,40.36,124,8
1712,Prod Masivo 1712,295.21,122,4
1713,Prod Masivo 1713,482.6,108,2
1714,Prod Masivo 1714,198.55,128,1
1715,Prod Masivo 1715,27.16,194,2
1716,Prod Masivo 1716,241.38,43,4
1717,Prod Masivo 1717,324.28,160,5
1718,Prod Masivo 1718,151.14,68,2
1719,Prod Masivo 1719,485.48,169,7
1720,Prod Masivo 1720,467.48,180,5
1721,Prod Masivo 1721,444.17,127,4
1722,Prod Masivo 1722,51.24,47,2
1723,Prod Masivo 1723,495.41,35,6
1724,Prod Masivo 1724,56.39,86,7
1725,Prod Masivo 1725,81.33,157,3
1726,Prod Masivo 1726,189.57,85,6
1727,Prod Masivo 1727,395.27,187,4
1728,Prod Masivo 1728,491.45,46,1
1729,Prod Masivo 1729,143.87,30,4
1730,Prod Masivo 1730,194.61,22,5
1731,Prod Masivo 1731,349.48,94,3
1732,Prod Masivo 1732,289.14,187,4
1733,Prod Masivo 1733,428.35,51,6
1734,Prod Masivo 1734,296.09,103,1
1735,Prod Masivo 1735,291.89,29,8
1736,Prod Masivo 1736,48.36,166,3
1737,Prod Masivo 1737,390.3,130,8
1738,Prod Masivo 1738,488.7,72,8
1739,Prod Masivo 1739,306.28,102,3
1740,Prod Masivo 1740,102.97,174,5
1741,Prod Masivo 1741,293.74,101,3
1742,Prod Masivo 1742,192.18,24,2
1743,Prod Masivo 1743,17.91,76,2
1744,Prod Masivo 1744,444.18,52,6
1745,Prod Masivo 1745,27.56,71,1
1746,Prod Masivo 1746,88.86,121,1
1747,Prod Masivo 1747,235.71,65,4
1748,Prod Masivo 1748,382.06,30,1
1749,Prod Masivo 1749,152.16,21,1
1750,Prod Masivo 1750,482.57,198,1
1751,Prod Masivo 1751,326.22,71,4
1752,Prod Masivo 1752,32.05,27,2
1753,Prod Masivo 1753,192.84,24,7
1754,Prod Masivo 1754,49.85,39,3
1755,Prod Masivo 1755,35.88,156,6
1756,Prod Masivo 1756,270.34,46,5
1757,Prod Masivo 1757,106.94,54,3
1758,Prod Masivo 1758,416.93,65,3
1759,Prod Masivo 1759,21.35,81,1
1760,Prod Masivo 1760,403.21,72,8
1761,Prod Masivo 1761,154.37,191,2
1762,Prod Masivo 1762,392.96,191,8
1763,Prod Masivo 1763,15.61,128,4
1764,Prod Masivo 1764,304.26,60,5
1765,Prod Masivo 1765,205.05,48,5
1766,Prod Masivo 1766,130.53,44,7
1767,Prod Masivo 1767,420.03,145,2
1768,Prod Masivo 1768,176.48,196,4
1769,Prod Masivo 1769,446.94,129,5
1770,Prod Masivo 1770,92.05,138,6
1771,Prod Masivo 1771,17.91,188,8
1772,Prod Masivo 1772,118.59,30,4
1773,Prod Masivo 1773,26.22,174,2
1774,Prod Masivo 1774,141.56,159,2
1775,Prod Masivo 1775,341.4,123,4
1776,Prod Masivo 1776,307.94,120,7
1777,Prod Masivo 1777,218.16,180,3
1778,Prod Masivo 1778,441.16,159,8
1779,Prod Masivo 1779,194.44,173,3
1780,Prod Masivo 1780,307.39,120,7
1781,Prod Masivo 1781,144.86,186,3
1782,Prod Masivo 1782,290.74,92,6
1783,Prod Masivo 1783,125.13,113,8
1784,Prod Masivo 1784,181.9,75,8
1785,Prod Masivo 1785,206.71,20,4
1786,Prod Masivo 1786,205.48,150,8
1787,Prod Masivo 1787,10.97,151,7
1788,Prod Masivo 1788,181.34,22,7
1789,Prod Masivo 1789,186.98,104,3
1790,Prod Masivo 1790,456.44,106,4
1791,Prod Masivo 1791,442.83,110,1
1792,Prod Masivo 1792,282.05,167,6
1793,Prod Masivo 1793,220.71,15,6
1794,Prod Masivo 1794,108.93,56,5
1795,Prod Masivo 1795,96.72,142,8
1796,Prod Masivo 1796,381.03,157,6
1797,Prod Masivo 1797,90.32,145,6
1798,Prod Masivo 1798,103.56,150,4
1799,Prod Masivo 1799,128.74,169,8
1800,Prod Masivo 1800,13.36,73,8
1801,Prod Masivo 1801,254.82,27,2
1802,Prod Masivo 1802,379.79,165,3
1803,Prod Masivo 1803,220.91,70,7
1804,Prod Masivo 1804,223.54,38,8
1805,Prod Masivo 1805,116.28,10,5
1806,Prod Masivo 1806,239.08,200,3
1807,Prod Masivo 1807,78.27,131,3
1808,Prod Masivo 1808,105.69,34,7
1809,Prod Masivo 1809,126.78,75,2
1810,Prod Masivo 1810,193.82,158,7
1811,Prod Masivo 1811,132.78,49,5
1812,Prod Masivo 1812,418.7,187,5
1813,Prod Masivo 1813,294.49,35,2
1814,Prod Masivo 1814,393.24,89,6
1815,Prod Masivo 1815,372.73,137,7
1816,Prod Masivo 1816,283.6,158,7
1817,Prod Masivo 1817,71.59,98,2
1818,Prod Masivo 1818,288.66,145,2
1819,Prod Masivo 1819,152.12,192,5
1820,Prod Masivo 1820,99.49,45,6
1821,Prod Masivo 1821,20.0,142,7
1822,Prod Masivo 1822,498.49,89,8
1823,Prod Masivo 1823,345.64,146,6
1824,Prod Masivo 1824,179.29,19,1
1825,Prod Masivo 1825,425.04,91,5
1826,Prod Masivo 1826,137.6,49,3
1827,Prod Masivo 1827,250.76,20,3
1828,Prod Masivo 1828,445.15,123,7
1829,Prod Masivo 1829,167.45,185,1
1830,Prod Masivo 1830,38.93,51,6
1831,Prod Masivo 1831,380.35,59,8
1832,Prod Masivo 1832,240.28,198,6
1833,Prod Masivo 1833,38.05,107,8
1834,Prod Masivo 1834,304.67,96,3
1835,Prod Masivo 1835,33.83,24,7
1836,Prod Masivo 1836,91.48,94,8
1837,Prod Masivo 1837,178.53,50,4
1838,Prod Masivo 1838,68.57,192,7
1839,Prod Masivo 1839,402.35,112,5
1840,Prod Masivo 1840,32.1,179,4
1841,Prod Masivo 1841,461.92,159,5
1842,Prod Masivo 1842,136.54,56,5
1843,Prod Masivo 1843,279.89,74,7
1844,Prod Masivo 1844,125.5,191,7
1845,Prod Masivo 1845,64.67,156,1
1846,Prod Masivo 1846,494.27,85,7
1847,Prod Masivo 1847,373.24,17,1
1848,Prod Masivo 1848,419.46,74,2
1849,Prod Masivo 1849,166.77,86,2
1850,Prod Masivo 1850,391.1,31,6
1851,Prod Masivo 1851,55.04,198,7
1852,Prod Masivo 1852,368.04,96,8
1853,Prod Masivo 1853,94.63,129,1
1854,Prod Masivo 1854,180.6,130,8
1855,Prod Masivo 1855,448.91,121,8
1856,Prod Masivo 1856,321.63,56,5
1857,Prod Masivo 1857,119.99,54,4
1858,Prod Masivo 1858,205.67,36,2
1859,Prod Masivo 1859,290.41,152,4
1860,Prod Masivo 1860,56.21,117,5
1861,Prod Masivo 1861,427.88,14,8
1862,Prod Masivo 1862,242.99,134,2
1863,Prod Masivo 1863,436.5,153,2
1864,Prod Masivo 1864,134.83,137,2
1865,Prod Masivo 1865,492.37,80,5
1866,Prod Masivo 1866,97.29,36,5
1867,Prod Masivo 1867,243.64,183,5
1868,Prod Masivo 1868,469.62,12,1
1869,Prod Masivo 1869,37.09,119,8
1870,Prod Masivo 1870,456.53,161,4
1871,Prod Masivo 1871,362.64,66,4
1872,Prod Masivo 1872,266.65,43,4
1873,Prod Masivo 1873,269.05,187,6
1874,Prod Masivo 1874,159.74,157,1
1875,Prod Masivo 1875,140.78,199,6
1876,Prod Masivo 1876,313.81,67,5
1877,Prod Masivo 1877,477.02,33,4
1878,Prod Masivo 1878,282.09,189,1
1879,Prod Masivo 1879,399.02,157,8
1880,Prod Masivo 1880,324.58,162,8
1881,Prod Masivo 1881,84.32,189,7
1882,Prod Masivo 1882,481.53,42,5
1883,Prod Masivo 1883,379.43,10,2
1884,Prod Masivo 1884,337.07,74,1
1885,Prod Masivo 1885,180.14,74,3
1886,Prod Masivo 1886,287.09,30,5
1887,Prod Masivo 1887,76.37,118,2
1888,Prod Masivo 1888,348.17,158,8
1889,Prod Masivo 1889,267.65,179,5
1890,Prod Masivo 1890,93.88,95,6
1891,Prod Masivo 1891,460.68,13,1
1892,Prod Masivo 1892,480.31,115,7
1893,Prod Masivo 1893,414.05,45,6
1894,Prod Masivo 1894,77.13,48,6
1895,Prod Masivo 1895,279.84,22,4
1896,Prod Masivo 1896,70.24,75,4
1897,Prod Masivo 1897,368.55,140,1
1898,Prod Masivo 1898,185.97,144,6
1899,Prod Masivo 1899,168.57,184,2
1900,Prod Masivo 1900,73.42,170,4
1901,Prod Masivo 1901,412.7,27,2
1902,Prod Masivo 1902,361.79,132,1
1903,Prod Masivo 1903,409.0,131,8
1904,Prod Masivo 1904,253.34,123,4
1905,Prod Masivo 1905,34.22,183,8
1906,Prod Masivo 1906,296.47,176,2
1907,Prod Masivo 1907,208.39,37,2
1908,Prod Masivo 1908,329.45,120,4
1909,Prod Masivo 1909,303.72,51,2
1910,Prod Masivo 1910,81.94,138,4
1911,Prod Masivo 1911,136.17,89,2
1912,Prod Masivo 1912,464.24,148,2
1913,Prod Masivo 1913,234.82,22,3
1914,Prod Masivo 1914,311.48,177,1
1915,Prod Masivo 1915,24.25,136,6
1916,Prod Masivo 1916,16.29,30,4
1917,Prod Masivo 1917,399.64,98,2
1918,Prod Masivo 1918,62.84,112,8
1919,Prod Masivo 1919,227.92,62,3
1920,Prod Masivo 1920,158.96,109,5
1921,Prod Masivo 1921,83.43,169,1
1922,Prod Masivo 1922,240.08,103,7
1923,Prod Masivo 1923,132.51,68,4
1924,Prod Masivo 1924,259.23,52,2
1925,Prod Masivo 1925,320.21,90,2
1926,Prod Masivo 1926,442.88,51,7
1927,Prod Masivo 1927,57.15,142,4
1928,Prod Masivo 1928,434.9,136,1
1929,Prod Masivo 1929,473.25,89,7
1930,Prod Masivo 1930,187.43,199,2
1931,Prod Masivo 1931,341.82,147,3
1932,Prod Masivo 1932,191.93,71,6
1933,Prod Masivo 1933,272.74,114,5
1934,Prod Masivo 1934,117.8,100,1
1935,Prod Masivo 1935,46.17,130,1
1936,Prod Masivo 1936,64.33,146,5
1937,Prod Masivo 1937,105.64,17,4
1938,Prod Masivo 1938,206.15,10,3
1939,Prod Masivo 1939,497.83,113,3
1940,Prod Masivo 1940,399.33,74,3
1941,Prod Masivo 1941,228.2,106,3
1942,Prod Masivo 1942,415.51,34,5
1943,Prod Masivo 1943,369.07,155,7
1944,Prod Masivo 1944,134.72,77,4
1945,Prod Masivo 1945,139.46,101,6
1946,Prod Masivo 1946,16.1,123,1
1947,Prod Masivo 1947,17.67,80,7
1948,Prod Masivo 1948,259.11,93,1
1949,Prod Masivo 1949,49.52,165,8
1950,Prod Masivo 1950,269.21,55,1
1951,Prod Masivo 1951,121.15,13,8
1952,Prod Masivo 1952,152.12,182,7
1953,Prod Masivo 1953,361.04,186,1
1954,Prod Masivo 1954,123.37,146,7
1955,Prod Masivo 1955,226.14,28,2
1956,Prod Masivo 1956,402.02,196,6
1957,Prod Masivo 1957,378.34,195,4
1958,Prod Masivo 1958,177.04,49,4
1959,Prod Masivo 1959,171.79,47,4
1960,Prod Masivo 1960,269.2,192,1
1961,Prod Masivo 1961,488.86,128,6
1962,Prod Masivo 1962,122.46,122,5
1963,Prod Masivo 1963,27.06,37,7
1964,Prod Masivo 1964,494.24,185,3
1965,Prod Masivo 1965,247.42,198,3
1966,Prod Masivo 1966,407.53,25,5
1967,Prod Masivo 1967,371.24,28,7
1968,Prod Masivo 1968,224.37,49,7
1969,Prod Masivo 1969,390.36,189,7
1970,Prod Masivo 1970,104.82,157,8
1971,Prod Masivo 1971,112.1,128,3
1972,Prod Masivo 1972,234.19,10,7
1973,Prod Masivo 1973,39.58,176,8
1974,Prod Masivo 1974,12.45,140,6
1975,Prod Masivo 1975,285.68,121,6
1976,Prod Masivo 1976,204.34,181,1
1977,Prod Masivo 1977,286.5,26,8
1978,Prod Masivo 1978,316.05,177,1
1979,Prod Masivo 1979,55.22,159,7
1980,Prod Masivo 1980,24.68,181,7
1981,Prod Masivo 1981,380.32,115,2
1982,Prod Masivo 1982,358.37,81,8
1983,Prod Masivo 1983,68.92,139,1
1984,Prod Masivo 1984,175.43,107,7
1985,Prod Masivo 1985,29.47,76,1
1986,Prod Masivo 1986,329.15,163,2
1987,Prod Masivo 1987,216.41,165,7
1988,Prod Masivo 1988,225.35,153,5
1989,Prod Masivo 1989,285.51,160,2
1990,Prod Masivo 1990,54.02,111,5
1991,Prod Masivo 1991,446.47,199,5
1992,Prod Masivo 1992,452.93,92,3
1993,Prod Masivo 1993,479.02,148,4
1994,Prod Masivo 1994,168.65,170,7
1995,Prod Masivo 1995,335.7,22,5
1996,Prod Masivo 1996,454.81,19,2
1997,Prod Masivo 1997,64.35,164,3
1998,Prod Masivo 1998,169.38,150,3
1999,Prod Masivo 1999,480.46,92,6
2000,Prod Masivo 2000,67.14,131,1
2001,Prod Masivo 2001,322.45,123,3
2002,Prod Masivo 2002,68.1,110,1
2003,Prod Masivo 2003,47.5,30,4
2004,Prod Masivo 2004,65.53,166,2
2005,Prod Masivo 2005,117.32,78,4
2006,Prod Masivo 2006,324.92,62,3
2007,Prod Masivo 2007,455.39,16,1
2008,Prod Masivo 2008,368.98,42,8
2009,Prod Masivo 2009,351.54,81,7
2010,Prod Masivo 2010,347.95,42,1
2011,Prod Masivo 2011,405.53,74,6
2012,Prod Masivo 2012,257.62,177,1
2013,Prod Masivo 2013,252.16,11,5
2014,Prod Masivo 2014,22.77,189,2
2015,Prod Masivo 2015,433.46,134,5
2016,Prod Masivo 2016,448.22,12,2
2017,Prod Masivo 2017,304.53,68,7
2018,Prod Masivo 2018,41.0,178,8
2019,Prod Masivo 2019,468.67,158,1
2020,Prod Masivo 2020,275.33,68,1
2021,Prod Masivo 2021,231.41,148,2
2022,Prod Masivo 2022,90.65,98,1
2023,Prod Masivo 2023,299.92,21,8
2024,Prod Masivo 2024,29.7,84,7
2025,Prod Masivo 2025,96.19,57,6
2026,Prod Masivo 2026,89.11,115,6
2027,Prod Masivo 2027,403.32,188,6
2028,Prod Masivo 2028,320.19,194,4
2029,Prod Masivo 2029,312.36,53,6
2030,Prod Masivo 2030,365.41,59,5
2031,Prod Masivo 2031,11.59,200,3
2032,Prod Masivo 2032,227.79,199,7
2033,Prod Masivo 2033,361.83,173,7
2034,Prod Masivo 2034,352.94,90,8
2035,Prod Masivo 2035,140.98,151,4
2036,Prod Masivo 2036,292.3,124,5
2037,Prod Masivo 2037,343.82,183,7
2038,Prod Masivo 2038,143.64,16,7
2039,Prod Masivo 2039,311.63,136,1
2040,Prod Masivo 2040,12.61,183,7
2041,Prod Masivo 2041,316.0,164,8
2042,Prod Masivo 2042,84.72,43,4
2043,Prod Masivo 2043,387.8,43,3
2044,Prod Masivo 2044,429.96,153,3
2045,Prod Masivo 2045,409.6,100,6
2046,Prod Masivo 2046,202.81,166,7
2047,Prod Masivo 2047,406.06,116,7
2048,Prod Masivo 2048,203.95,117,2
2049,Prod Masivo 2049,128.95,23,2
2050,Prod Masivo 2050,241.65,51,8
2051,Prod Masivo 2051,382.14,121,5
2052,Prod Masivo 2052,61.49,67,1
2053,Prod Masivo 2053,336.83,80,8
2054,Prod Masivo 2054,280.25,42,8
2055,Prod Masivo 2055,358.23,191,4
2056,Prod Masivo 2056,104.68,146,4
2057,Prod Masivo 2057,16.19,121,1
2058,Prod Masivo 2058,84.89,24,5
2059,Prod Masivo 2059,52.05,99,7
2060,Prod Masivo 2060,413.34,64,5
2061,Prod Masivo 2061,328.3,188,1
2062,Prod Masivo 2062,321.34,119,8
2063,Prod Masivo 2063,173.4,35,4
2064,Prod Masivo 2064,156.54,27,7
2065,Prod Masivo 2065,188.66,98,1
2066,Prod Masivo 2066,231.65,184,7
2067,Prod Masivo 2067,143.79,95,3
2068,Prod Masivo 2068,58.63,26,3
2069,Prod Masivo 2069,488.19,110,6
2070,Prod Masivo 2070,121.6,88,3
2071,Prod Masivo 2071,470.03,183,6
2072,Prod Masivo 2072,446.75,97,7
2073,Prod Masivo 2073,334.03,193,1
2074,Prod Masivo 2074,98.2,135,4
2075,Prod Masivo 2075,210.7,91,1
2076,Prod Masivo 2076,424.86,12,4
2077,Prod Masivo 2077,474.61,197,8
2078,Prod Masivo 2078,243.74,131,2
2079,Prod Masivo 2079,454.73,72,8
2080,Prod Masivo 2080,397.99,73,1
2081,Prod Masivo 2081,203.05,179,8
2082,Prod Masivo 2082,138.63,108,8
2083,Prod Masivo 2083,160.52,102,3
2084,Prod Masivo 2084,228.09,71,6
2085,Prod Masivo 2085,144.78,102,1
2086,Prod Masivo 2086,315.26,188,3
2087,Prod Masivo 2087,453.44,105,5
2088,Prod Masivo 2088,40.1,197,3
2089,Prod Masivo 2089,466.25,136,3
2090,Prod Masivo 2090,325.89,54,3
2091,Prod Masivo 2091,109.28,155,5
2092,Prod Masivo 2092,64.79,160,7
2093,Prod Masivo 2093,459.03,73,2
2094,Prod Masivo 2094,440.19,14,4
2095,Prod Masivo 2095,451.94,118,6
2096,Prod Masivo 2096,259.55,44,1
2097,Prod Masivo 2097,463.96,49,7
2098,Prod Masivo 2098,169.43,52,6
2099,Prod Masivo 2099,465.21,15,6
2100,Prod Masivo 2100,215.9,125,6
2101,Prod Masivo 2101,261.11,21,2
2102,Prod Masivo 2102,114.46,30,2
2103,Prod Masivo 2103,259.31,98,3
2104,Prod Masivo 2104,439.31,174,2
2105,Prod Masivo 2105,109.68,180,2
2106,Prod Masivo 2106,280.69,188,2
2107,Prod Masivo 2107,353.0,152,8
2108,Prod Masivo 2108,326.21,11,5
2109,Prod Masivo 2109,337.39,100,2
2110,Prod Masivo 2110,42.16,186,6
2111,Prod Masivo 2111,282.67,186,4
2112,Prod Masivo 2112,251.91,83,6
2113,Prod Masivo 2113,283.95,57,4
2114,Prod Masivo 2114,363.77,107,3
2115,Prod Masivo 2115,340.14,16,5
2116,Prod Masivo 2116,290.6,44,3
2117,Prod Masivo 2117,263.6,26,4
2118,Prod Masivo 2118,289.66,26,4
2119,Prod Masivo 2119,144.48,155,5
2120,Prod Masivo 2120,436.8,79,7
2121,Prod Masivo 2121,422.9,178,1
2122,Prod Masivo 2122,107.37,100,5
2123,Prod Masivo 2123,369.29,108,4
2124,Prod Masivo 2124,403.97,43,6
2125,Prod Masivo 2125,123.76,45,4
2126,Prod Masivo 2126,221.53,71,6
2127,Prod Masivo 2127,71.63,177,7
2128,Prod Masivo 2128,476.49,36,7
2129,Prod Masivo 2129,86.71,192,4
2130,Prod Masivo 2130,219.55,168,5
2131,Prod Masivo 2131,302.05,32,3
2132,Prod Masivo 2132,337.77,165,8
2133,Prod Masivo 2133,316.03,178,1
2134,Prod Masivo 2134,402.95,56,6
2135,Prod Masivo 2135,190.31,126,8
2136,Prod Masivo 2136,243.03,153,2
2137,Prod Masivo 2137,17.76,31,8
2138,Prod Masivo 2138,364.84,82,6
2139,Prod Masivo 2139,208.83,28,2
2140,Prod Masivo 2140,494.01,72,5
2141,Prod Masivo 2141,460.45,22,2
2142,Prod Masivo 2142,427.02,57,1
2143,Prod Masivo 2143,416.37,108,6
2144,Prod Masivo 2144,282.73,170,1
2145,Prod Masivo 2145,250.58,55,3
2146,Prod Masivo 2146,96.05,122,5
2147,Prod Masivo 2147,195.39,51,8
2148,Prod Masivo 2148,329.06,33,6
2149,Prod Masivo 2149,84.58,65,8
2150,Prod Masivo 2150,53.73,50,7
2151,Prod Masivo 2151,277.76,199,6
2152,Prod Masivo 2152,47.68,155,5
2153,Prod Masivo 2153,409.44,72,6
2154,Prod Masivo 2154,178.73,105,7
2155,Prod Masivo 2155,19.06,174,5
2156,Prod Masivo 2156,308.84,116,3
2157,Prod Masivo 2157,364.13,121,6
2158,Prod Masivo 2158,461.25,178,6
2159,Prod Masivo 2159,283.78,91,7
2160,Prod Masivo 2160,299.24,71,2
2161,Prod Masivo 2161,310.64,74,7
2162,Prod Masivo 2162,439.27,143,4
2163,Prod Masivo 2163,257.71,23,2
2164,Prod Masivo 2164,169.49,75,1
2165,Prod Masivo 2165,86.41,161,4
2166,Prod Masivo 2166,61.12,100,4
2167,Prod Masivo 2167,169.46,159,8
2168,Prod Masivo 2168,65.24,184,6
2169,Prod Masivo 2169,86.08,168,7
2170,Prod Masivo 2170,213.77,151,1
2171,Prod Masivo 2171,331.28,180,6
2172,Prod Masivo 2172,375.95,148,7
2173,Prod Masivo 2173,175.78,169,3
2174,Prod Masivo 2174,186.64,199,6
2175,Prod Masivo 2175,381.69,85,4
2176,Prod Masivo 2176,51.11,78,7
2177,Prod Masivo 2177,221.21,126,7
2178,Prod Masivo 2178,375.84,197,5
2179,Prod Masivo 2179,341.49,157,8
2180,Prod Masivo 2180,26.06,37,3
2181,Prod Masivo 2181,136.57,195,4
2182,Prod Masivo 2182,267.07,155,4
2183,Prod Masivo 2183,148.24,158,2
2184,Prod Masivo 2184,358.31,113,7
2185,Prod Masivo 2185,105.28,41,2
2186,Prod Masivo 2186,265.73,146,2
2187,Prod Masivo 2187,185.99,110,7
2188,Prod Masivo 2188,207.82,52,7
2189,Prod Masivo 2189,261.1,180,3
2190,Prod Masivo 2190,257.34,153,3
2191,Prod Masivo 2191,24.17,13,5
2192,Prod Masivo 2192,471.27,32,4
2193,Prod Masivo 2193,128.12,122,6
2194,Prod Masivo 2194,262.79,172,2
2195,Prod Masivo 2195,79.25,192,7
2196,Prod Masivo 2196,486.52,31,5
2197,Prod Masivo 2197,395.37,39,1
2198,Prod Masivo 2198,99.46,132,7
2199,Prod Masivo 2199,313.85,129,5
2200,Prod Masivo 2200,466.44,79,7
2201,Prod Masivo 2201,202.65,39,8
2202,Prod Masivo 2202,259.07,13,2
2203,Prod Masivo 2203,491.27,160,8
2204,Prod Masivo 2204,53.64,160,6
2205,Prod Masivo 2205,135.8,187,3
2206,Prod Masivo 2206,171.22,45,3
2207,Prod Masivo 2207,465.38,92,6
2208,Prod Masivo 2208,171.42,93,7
2209,Prod Masivo 2209,170.69,95,4
2210,Prod Masivo 2210,149.91,72,4
2211,Prod Masivo 2211,145.55,141,8
2212,Prod Masivo 2212,124.22,143,3
2213,Prod Masivo 2213,445.08,71,7
2214,Prod Masivo 2214,369.19,44,2
2215,Prod Masivo 2215,305.79,104,4
2216,Prod Masivo 2216,236.56,154,3
2217,Prod Masivo 2217,411.63,105,6
2218,Prod Masivo 2218,485.28,151,2
2219,Prod Masivo 2219,338.27,145,5
2220,Prod Masivo 2220,411.91,31,7
2221,Prod Masivo 2221,330.18,71,6
2222,Prod Masivo 2222,315.65,16,4
2223,Prod Masivo 2223,200.22,159,2
2224,Prod Masivo 2224,387.81,141,6
2225,Prod Masivo 2225,315.65,163,7
2226,Prod Masivo 2226,154.72,56,3
2227,Prod Masivo 2227,336.59,104,6
2228,Prod Masivo 2228,102.27,183,2
2229,Prod Masivo 2229,273.63,137,8
2230,Prod Masivo 2230,69.01,97,2
2231,Prod Masivo 2231,137.33,190,3
2232,Prod Masivo 2232,187.4,120,1
2233,Prod Masivo 2233,386.45,53,2
2234,Prod Masivo 2234,69.44,177,6
2235,Prod Masivo 2235,482.15,64,3
2236,Prod Masivo 2236,123.08,145,3
2237,Prod Masivo 2237,79.03,42,1
2238,Prod Masivo 2238,86.77,138,4
2239,Prod Masivo 2239,105.99,177,1
2240,Prod Masivo 2240,495.54,85,7
2241,Prod Masivo 2241,93.51,115,3
2242,Prod Masivo 2242,377.84,109,5
2243,Prod Masivo 2243,245.28,119,3
2244,Prod Masivo 2244,56.39,195,8
2245,Prod Masivo 2245,50.09,76,8
2246,Prod Masivo 2246,359.15,99,2
2247,Prod Masivo 2247,56.9,87,7
2248,Prod Masivo 2248,169.0,50,3
2249,Prod Masivo 2249,206.83,135,1
2250,Prod Masivo 2250,168.67,42,3
2251,Prod Masivo 2251,111.06,102,5
2252,Prod Masivo 2252,480.97,171,6
2253,Prod Masivo 2253,205.26,117,7
2254,Prod Masivo 2254,20.63,59,7
2255,Prod Masivo 2255,134.43,176,4
2256,Prod Masivo 2256,498.45,36,2
2257,Prod Masivo 2257,82.99,165,4
2258,Prod Masivo 2258,67.27,161,5
2259,Prod Masivo 2259,188.13,151,5
2260,Prod Masivo 2260,134.22,34,1
2261,Prod Masivo 2261,273.13,47,5
2262,Prod Masivo 2262,242.29,26,5
2263,Prod Masivo 2263,183.54,137,3
2264,Prod Masivo 2264,49.77,182,4
2265,Prod Masivo 2265,292.87,90,8
2266,Prod Masivo 2266,379.13,138,6
2267,Prod Masivo 2267,174.78,129,3
2268,Prod Masivo 2268,363.86,128,5
2269,Prod Masivo 2269,437.83,70,4
2270,Prod Masivo 2270,183.46,173,7
2271,Prod Masivo 2271,338.76,181,4
2272,Prod Masivo 2272,222.32,105,4
2273,Prod Masivo 2273,75.87,165,8
2274,Prod Masivo 2274,252.25,39,2
2275,Prod Masivo 2275,157.55,63,5
2276,Prod Masivo 2276,99.96,15,7
2277,Prod Masivo 2277,371.62,121,1
2278,Prod Masivo 2278,195.18,36,5
2279,Prod Masivo 2279,315.99,163,5
2280,Prod Masivo 2280,353.0,197,3
2281,Prod Masivo 2281,389.7,122,3
2282,Prod Masivo 2282,418.9,55,4
2283,Prod Masivo 2283,129.02,46,1
2284,Prod Masivo 2284,316.1,94,1
2285,Prod Masivo 2285,157.51,91,2
2286,Prod Masivo 2286,414.0,158,4
2287,Prod Masivo 2287,371.65,116,8
2288,Prod Masivo 2288,255.52,142,4
2289,Prod Masivo 2289,409.78,106,6
2290,Prod Masivo 2290,129.26,171,1
2291,Prod Masivo 2291,83.21,40,8
2292,Prod Masivo 2292,312.83,70,2
2293,Prod Masivo 2293,346.42,110,8
2294,Prod Masivo 2294,16.81,126,4
2295,Prod Masivo 2295,161.9,200,1
2296,Prod Masivo 2296,20.61,16,8
2297,Prod Masivo 2297,466.9,147,8
2298,Prod Masivo 2298,79.81,14,4
2299,Prod Masivo 2299,125.4,177,8
2300,Prod Masivo 2300,451.53,184,4
2301,Prod Masivo 2301,465.7,97,4
2302,Prod Masivo 2302,455.92,154,6
2303,Prod Masivo 2303,253.43,44,8
2304,Prod Masivo 2304,276.36,157,2
2305,Prod Masivo 2305,282.78,20,4
2306,Prod Masivo 2306,240.96,141,2
2307,Prod Masivo 2307,77.19,52,4
2308,Prod Masivo 2308,192.91,58,7
2309,Prod Masivo 2309,482.42,169,6
2310,Prod Masivo 2310,243.18,80,7
2311,Prod Masivo 2311,277.87,77,5
2312,Prod Masivo 2312,354.16,166,6
2313,Prod Masivo 2313,265.86,133,1
2314,Prod Masivo 2314,100.72,35,4
2315,Prod Masivo 2315,410.08,151,8
2316,Prod Masivo 2316,386.32,150,6
2317,Prod Masivo 2317,67.26,199,1
2318,Prod Masivo 2318,81.01,30,8
2319,Prod Masivo 2319,432.86,137,3
2320,Prod Masivo 2320,381.65,79,7
2321,Prod Masivo 2321,77.57,188,4
2322,Prod Masivo 2322,199.84,118,7
2323,Prod Masivo 2323,121.27,71,6
2324,Prod Masivo 2324,272.45,179,5
2325,Prod Masivo 2325,410.48,183,6
2326,Prod Masivo 2326,223.01,167,2
2327,Prod Masivo 2327,302.97,176,2
2328,Prod Masivo 2328,99.54,153,6
2329,Prod Masivo 2329,458.33,16,1
2330,Prod Masivo 2330,67.7,192,3
2331,Prod Masivo 2331,320.0,22,1
2332,Prod Masivo 2332,33.23,76,6
2333,Prod Masivo 2333,283.41,102,8
2334,Prod Masivo 2334,103.38,107,4
2335,Prod Masivo 2335,497.74,76,7
2336,Prod Masivo 2336,326.51,26,3
2337,Prod Masivo 2337,456.29,152,7
2338,Prod Masivo 2338,496.42,40,1
2339,Prod Masivo 2339,233.32,103,1
2340,Prod Masivo 2340,157.39,102,5
2341,Prod Masivo 2341,181.89,54,5
2342,Prod Masivo 2342,124.46,49,8
2343,Prod Masivo 2343,206.81,133,3
2344,Prod Masivo 2344,95.1,141,5
2345,Prod Masivo 2345,235.77,37,4
2346,Prod Masivo 2346,173.1,62,6
2347,Prod Masivo 2347,391.51,75,5
2348,Prod Masivo 2348,273.71,57,2
2349,Prod Masivo 2349,307.0,69,8
2350,Prod Masivo 2350,63.54,129,3
2351,Prod Masivo 2351,488.86,193,4
2352,Prod Masivo 2352,205.2,45,6
2353,Prod Masivo 2353,335.44,113,8
2354,Prod Masivo 2354,461.04,44,5
2355,Prod Masivo 2355,387.39,157,3
2356,Prod Masivo 2356,481.11,194,5
2357,Prod Masivo 2357,216.53,191,6
2358,Prod Masivo 2358,25.48,36,5
2359,Prod Masivo 2359,283.36,194,7
2360,Prod Masivo 2360,132.92,54,1
2361,Prod Masivo 2361,216.42,192,1
2362,Prod Masivo 2362,343.38,59,5
2363,Prod Masivo 2363,63.86,157,3
2364,Prod Masivo 2364,487.37,160,5
2365,Prod Masivo 2365,438.55,196,1
2366,Prod Masivo 2366,114.01,132,7
2367,Prod Masivo 2367,89.9,125,8
2368,Prod Masivo 2368,159.63,68,6
2369,Prod Masivo 2369,456.97,75,1
2370,Prod Masivo 2370,449.32,189,1
2371,Prod Masivo 2371,68.02,22,6
2372,Prod Masivo 2372,369.82,178,7
2373,Prod Masivo 2373,320.5,175,8
2374,Prod Masivo 2374,12.47,61,1
2375,Prod Masivo 2375,19.42,141,4
2376,Prod Masivo 2376,149.93,33,7
2377,Prod Masivo 2377,121.23,122,1
2378,Prod Masivo 2378,48.86,105,8
2379,Prod Masivo 2379,228.49,134,7
2380,Prod Masivo 2380,28.77,197,8
2381,Prod Masivo 2381,152.81,198,5
2382,Prod Masivo 2382,219.64,45,3
2383,Prod Masivo 2383,333.99,62,4
2384,Prod Masivo 2384,199.94,154,7
2385,Prod Masivo 2385,296.84,37,6
2386,Prod Masivo 2386,46.27,29,1
2387,Prod Masivo 2387,153.47,158,7
2388,Prod Masivo 2388,158.24,102,5
2389,Prod Masivo 2389,296.54,199,4
2390,Prod Masivo 2390,144.77,100,2
2391,Prod Masivo 2391,245.55,174,8
2392,Prod Masivo 2392,149.23,18,1
2393,Prod Masivo 2393,248.7,129,4
2394,Prod Masivo 2394,273.86,152,8
2395,Prod Masivo 2395,311.07,16,8
2396,Prod Masivo 2396,484.03,172,1
2397,Prod Masivo 2397,227.79,33,3
2398,Prod Masivo 2398,77.5,134,3
2399,Prod Masivo 2399,406.32,12,7
2400,Prod Masivo 2400,58.89,115,5
2401,Prod Masivo 2401,103.59,16,1
2402,Prod Masivo 2402,235.98,58,4
2403,Prod Masivo 2403,480.16,173,4
2404,Prod Masivo 2404,430.52,147,3
2405,Prod Masivo 2405,400.57,86,6
2406,Prod Masivo 2406,432.05,60,5
2407,Prod Masivo 2407,196.36,115,4
2408,Prod Masivo 2408,65.13,101,7
2409,Prod Masivo 2409,485.27,144,3
2410,Prod Masivo 2410,349.63,154,6
2411,Prod Masivo 2411,288.74,105,4
2412,Prod Masivo 2412,51.32,142,8
2413,Prod Masivo 2413,422.8,83,7
2414,Prod Masivo 2414,463.7,43,7
2415,Prod Masivo 2415,325.89,20,3
2416,Prod Masivo 2416,394.62,188,7
2417,Prod Masivo 2417,306.76,90,8
2418,Prod Masivo 2418,350.99,177,4
2419,Prod Masivo 2419,107.59,147,1
2420,Prod Masivo 2420,369.9,180,6
2421,Prod Masivo 2421,278.98,52,5
2422,Prod Masivo 2422,224.28,199,1
2423,Prod Masivo 2423,121.68,19,5
2424,Prod Masivo 2424,400.09,36,4
2425,Prod Masivo 2425,25.73,125,5
2426,Prod Masivo 2426,295.23,189,7
2427,Prod Masivo 2427,16.21,64,8
2428,Prod Masivo 2428,29.13,63,7
2429,Prod Masivo 2429,180.82,88,8
2430,Prod Masivo 2430,279.58,51,4
2431,Prod Masivo 2431,147.17,173,6
2432,Prod Masivo 2432,89.76,117,5
2433,Prod Masivo 2433,299.21,198,3
2434,Prod Masivo 2434,270.31,140,3
2435,Prod Masivo 2435,61.98,55,5
2436,Prod Masivo 2436,176.09,67,2
2437,Prod Masivo 2437,315.09,119,1
2438,Prod Masivo 2438,129.5,20,2
2439,Prod Masivo 2439,209.31,73,2
2440,Prod Masivo 2440,43.22,78,4
2441,Prod Masivo 2441,146.91,65,3
2442,Prod Masivo 2442,214.86,74,2
2443,Prod Masivo 2443,23.19,50,7
2444,Prod Masivo 2444,259.97,46,3
2445,Prod Masivo 2445,491.59,163,4
2446,Prod Masivo 2446,428.63,22,8
2447,Prod Masivo 2447,201.39,64,8
2448,Prod Masivo 2448,318.67,29,8
2449,Prod Masivo 2449,289.94,14,3
2450,Prod Masivo 2450,467.65,195,8
2451,Prod Masivo 2451,53.99,173,4
2452,Prod Masivo 2452,176.98,187,4
2453,Prod Masivo 2453,386.24,182,4
2454,Prod Masivo 2454,245.03,98,5
2455,Prod Masivo 2455,413.03,81,2
2456,Prod Masivo 2456,117.27,10,2
2457,Prod Masivo 2457,448.74,62,8
2458,Prod Masivo 2458,336.13,92,2
2459,Prod Masivo 2459,258.51,39,5
2460,Prod Masivo 2460,423.42,117,8
2461,Prod Masivo 2461,439.34,53,1
2462,Prod Masivo 2462,423.75,172,5
2463,Prod Masivo 2463,463.1,44,6
2464,Prod Masivo 2464,349.93,78,6
2465,Prod Masivo 2465,248.96,120,7
2466,Prod Masivo 2466,397.0,86,8
2467,Prod Masivo 2467,468.21,138,2
2468,Prod Masivo 2468,216.29,40,2
2469,Prod Masivo 2469,254.81,103,2
2470,Prod Masivo 2470,17.59,170,5
2471,Prod Masivo 2471,357.69,119,6
2472,Prod Masivo 2472,160.41,175,8
2473,Prod Masivo 2473,454.73,165,1
2474,Prod Masivo 2474,87.15,183,5
2475,Prod Masivo 2475,217.6,107,5
2476,Prod Masivo 2476,334.65,99,6
2477,Prod Masivo 2477,303.48,186,1
2478,Prod Masivo 2478,78.64,44,2
2479,Prod Masivo 2479,395.04,10,4
2480,Prod Masivo 2480,110.31,135,2
2481,Prod Masivo 2481,42.69,61,4
2482,Prod Masivo 2482,49.64,86,2
2483,Prod Masivo 2483,352.24,170,1
2484,Prod Masivo 2484,29.58,101,5
2485,Prod Masivo 2485,91.55,136,5
2486,Prod Masivo 2486,218.2,114,3
2487,Prod Masivo 2487,249.2,90,6
2488,Prod Masivo 2488,269.06,187,7
2489,Prod Masivo 2489,61.75,92,2
2490,Prod Masivo 2490,250.14,29,7
2491,Prod Masivo 2491,212.76,75,4
2492,Prod Masivo 2492,258.01,47,3
2493,Prod Masivo 2493,484.9,67,1
2494,Prod Masivo 2494,349.67,98,3
2495,Prod Masivo 2495,268.43,98,3
2496,Prod Masivo 2496,425.0,141,3
2497,Prod Masivo 2497,474.75,197,2
2498,Prod Masivo 2498,51.82,64,2
2499,Prod Masivo 2499,497.23,117,6
2500,Prod Masivo 2500,259.03,31,6
2501,Prod Masivo 2501,134.46,180,2
2502,Prod Masivo 2502,19.5,133,8
2503,Prod Masivo 2503,132.37,41,3
2504,Prod Masivo 2504,211.08,20,7
2505,Prod Masivo 2505,285.88,139,6
2506,Prod Masivo 2506,215.36,141,2
2507,Prod Masivo 2507,224.88,118,5
2508,Prod Masivo 2508,279.8,67,4
2509,Prod Masivo 2509,396.38,153,3
2510,Prod Masivo 2510,307.66,165,5
2511,Prod Masivo 2511,274.36,130,1
2512,Prod Masivo 2512,22.48,172,4
2513,Prod Masivo 2513,251.19,10,7
2514,Prod Masivo 2514,408.92,186,4
2515,Prod Masivo 2515,177.44,28,2
2516,Prod Masivo 2516,120.09,165,2
2517,Prod Masivo 2517,489.79,177,3
2518,Prod Masivo 2518,145.8,141,2
2519,Prod Masivo 2519,227.52,55,3
2520,Prod Masivo 2520,485.56,163,4
2521,Prod Masivo 2521,317.44,150,6
2522,Prod Masivo 2522,263.64,26,6
2523,Prod Masivo 2523,362.1,138,7
2524,Prod Masivo 2524,38.63,172,8
2525,Prod Masivo 2525,406.11,94,5
2526,Prod Masivo 2526,436.85,25,3
2527,Prod Masivo 2527,407.69,65,5
2528,Prod Masivo 2528,347.06,101,4
2529,Prod Masivo 2529,194.17,74,7
2530,Prod Masivo 2530,482.02,128,5
2531,Prod Masivo 2531,398.88,51,7
2532,Prod Masivo 2532,25.48,58,4
2533,Prod Masivo 2533,234.88,77,1
2534,Prod Masivo 2534,494.89,32,3
2535,Prod Masivo 2535,67.47,24,6
2536,Prod Masivo 2536,238.47,167,8
2537,Prod Masivo 2537,447.7,116,1
2538,Prod Masivo 2538,462.37,48,5
2539,Prod Masivo 2539,307.57,159,1
2540,Prod Masivo 2540,82.7,98,1
2541,Prod Masivo 2541,116.81,54,7
2542,Prod Masivo 2542,490.52,57,6
2543,Prod Masivo 2543,100.88,172,8
2544,Prod Masivo 2544,469.58,33,6
2545,Prod Masivo 2545,99.17,18,7
2546,Prod Masivo 2546,39.54,115,2
2547,Prod Masivo 2547,394.55,22,6
2548,Prod Masivo 2548,156.7,46,5
2549,Prod Masivo 2549,70.74,154,4
2550,Prod Masivo 2550,418.88,187,2
2551,Prod Masivo 2551,486.85,86,1
2552,Prod Masivo 2552,71.75,164,6
2553,Prod Masivo 2553,499.68,176,7
2554,Prod Masivo 2554,373.37,20,7
2555,Prod Masivo 2555,312.17,162,3
2556,Prod Masivo 2556,152.39,61,4
2557,Prod Masivo 2557,370.06,128,2
2558,Prod Masivo 2558,447.08,16,7
2559,Prod Masivo 2559,493.99,67,6
2560,Prod Masivo 2560,366.56,69,4
2561,Prod Masivo 2561,418.54,14,1
2562,Prod Masivo 2562,189.86,160,6
2563,Prod Masivo 2563,61.61,176,5
2564,Prod Masivo 2564,21.45,200,3
2565,Prod Masivo 2565,50.22,28,6
2566,Prod Masivo 2566,26.44,96,8
2567,Prod Masivo 2567,411.03,186,6
2568,Prod Masivo 2568,11.68,154,2
2569,Prod Masivo 2569,477.34,75,3
2570,Prod Masivo 2570,492.61,79,4
2571,Prod Masivo 2571,113.98,16,6
2572,Prod Masivo 2572,435.42,18,8
2573,Prod Masivo 2573,71.42,196,7
2574,Prod Masivo 2574,398.13,147,6
2575,Prod Masivo 2575,219.78,157,7
2576,Prod Masivo 2576,373.94,64,5
2577,Prod Masivo 2577,181.89,104,7
2578,Prod Masivo 2578,340.6,27,2
2579,Prod Masivo 2579,366.59,50,6
2580,Prod Masivo 2580,159.1,193,8
2581,Prod Masivo 2581,41.85,81,8
2582,Prod Masivo 2582,204.09,153,2
2583,Prod Masivo 2583,336.34,40,2
2584,Prod Masivo 2584,172.04,161,2
2585,Prod Masivo 2585,351.52,179,7
2586,Prod Masivo 2586,216.38,198,5
2587,Prod Masivo 2587,28.17,56,1
2588,Prod Masivo 2588,49.97,161,5
2589,Prod Masivo 2589,175.54,139,8
2590,Prod Masivo 2590,90.18,128,7
2591,Prod Masivo 2591,17.45,93,3
2592,Prod Masivo 2592,391.01,175,7
2593,Prod Masivo 2593,358.65,71,4
2594,Prod Masivo 2594,453.9,54,3
2595,Prod Masivo 2595,404.31,136,1
2596,Prod Masivo 2596,56.89,88,1
2597,Prod Masivo 2597,356.46,90,4
2598,Prod Masivo 2598,232.29,43,3
2599,Prod Masivo 2599,279.38,37,5
2600,Prod Masivo 2600,157.05,43,3
2601,Prod Masivo 2601,448.2,89,7
2602,Prod Masivo 2602,187.42,132,6
2603,Prod Masivo 2603,164.96,145,2
2604,Prod Masivo 2604,380.28,162,6
2605,Prod Masivo 2605,377.68,119,1
2606,Prod Masivo 2606,64.34,162,4
2607,Prod Masivo 2607,487.64,55,4
2608,Prod Masivo 2608,285.47,66,3
2609,Prod Masivo 2609,14.56,172,1
2610,Prod Masivo 2610,25.29,50,7
2611,Prod Masivo 2611,352.68,163,5
2612,Prod Masivo 2612,139.09,77,8
2613,Prod Masivo 2613,195.01,67,4
2614,Prod Masivo 2614,29.19,98,1
2615,Prod Masivo 2615,73.78,161,6
2616,Prod Masivo 2616,289.11,181,6
2617,Prod Masivo 2617,499.85,149,7
2618,Prod Masivo 2618,312.73,187,4
2619,Prod Masivo 2619,71.75,28,3
2620,Prod Masivo 2620,386.83,118,2
2621,Prod Masivo 2621,261.0,164,4
2622,Prod Masivo 2622,360.9,166,7
2623,Prod Masivo 2623,60.62,77,7
2624,Prod Masivo 2624,367.66,62,1
2625,Prod Masivo 2625,295.82,142,4
2626,Prod Masivo 2626,41.05,40,2
2627,Prod Masivo 2627,47.12,23,3
2628,Prod Masivo 2628,256.84,93,2
2629,Prod Masivo 2629,145.38,144,1
2630,Prod Masivo 2630,429.84,130,3
2631,Prod Masivo 2631,305.29,189,8
2632,Prod Masivo 2632,218.37,74,7
2633,Prod Masivo 2633,484.3,134,2
2634,Prod Masivo 2634,487.71,144,3
2635,Prod Masivo 2635,217.16,104,4
2636,Prod Masivo 2636,243.66,191,2
2637,Prod Masivo 2637,72.99,178,4
2638,Prod Masivo 2638,138.77,165,1
2639,Prod Masivo 2639,169.63,150,8
2640,Prod Masivo 2640,311.38,166,7
2641,Prod Masivo 2641,279.84,186,8
2642,Prod Masivo 2642,296.87,135,3
2643,Prod Masivo 2643,342.96,37,6
2644,Prod Masivo 2644,403.93,126,3
2645,Prod Masivo 2645,209.32,190,8
2646,Prod Masivo 2646,192.8,32,3
2647,Prod Masivo 2647,169.47,107,7
2648,Prod Masivo 2648,452.17,166,7
2649,Prod Masivo 2649,487.24,192,5
2650,Prod Masivo 2650,306.48,170,8
2651,Prod Masivo 2651,233.37,149,4
2652,Prod Masivo 2652,469.17,189,6
2653,Prod Masivo 2653,348.39,55,8
2654,Prod Masivo 2654,127.59,145,8
2655,Prod Masivo 2655,475.58,139,8
2656,Prod Masivo 2656,99.48,15,7
2657,Prod Masivo 2657,122.11,62,8
2658,Prod Masivo 2658,222.6,123,6
2659,Prod Masivo 2659,11.89,193,2
2660,Prod Masivo 2660,187.5,134,1
2661,Prod Masivo 2661,37.83,95,1
2662,Prod Masivo 2662,49.3,68,1
2663,Prod Masivo 2663,113.72,30,5
2664,Prod Masivo 2664,191.03,126,2
2665,Prod Masivo 2665,75.21,120,4
2666,Prod Masivo 2666,304.62,139,1
2667,Prod Masivo 2667,304.05,106,5
2668,Prod Masivo 2668,198.61,59,1
2669,Prod Masivo 2669,307.95,70,8
2670,Prod Masivo 2670,91.26,17,5
2671,Prod Masivo 2671,64.99,48,8
2672,Prod Masivo 2672,446.94,155,7
2673,Prod Masivo 2673,28.56,124,3
2674,Prod Masivo 2674,403.6,20,5
2675,Prod Masivo 2675,459.76,187,5
2676,Prod Masivo 2676,94.33,186,8
2677,Prod Masivo 2677,170.44,164,1
2678,Prod Masivo 2678,425.94,151,4
2679,Prod Masivo 2679,414.88,17,5
2680,Prod Masivo 2680,163.98,67,4
2681,Prod Masivo 2681,310.83,131,1
2682,Prod Masivo 2682,345.72,81,8
2683,Prod Masivo 2683,403.2,177,1
2684,Prod Masivo 2684,399.08,125,2
2685,Prod Masivo 2685,275.84,183,2
2686,Prod Masivo 2686,140.8,109,7
2687,Prod Masivo 2687,119.52,67,7
2688,Prod Masivo 2688,405.84,113,3
2689,Prod Masivo 2689,414.22,25,3
2690,Prod Masivo 2690,286.69,150,4
2691,Prod Masivo 2691,363.66,43,7
2692,Prod Masivo 2692,159.85,121,5
2693,Prod Masivo 2693,250.74,37,3
2694,Prod Masivo 2694,28.54,94,7
2695,Prod Masivo 2695,240.72,92,4
2696,Prod Masivo 2696,303.27,149,6
2697,Prod Masivo 2697,187.74,104,3
2698,Prod Masivo 2698,373.35,71,8
2699,Prod Masivo 2699,265.97,62,5
2700,Prod Masivo 2700,113.59,155,3
2701,Prod Masivo 2701,377.89,120,2
2702,Prod Masivo 2702,10.1,186,4
2703,Prod Masivo 2703,331.63,132,5
2704,Prod Masivo 2704,406.35,178,2
2705,Prod Masivo 2705,30.39,198,1
2706,Prod Masivo 2706,236.41,174,2
2707,Prod Masivo 2707,32.4,141,7
2708,Prod Masivo 2708,73.9,23,2
2709,Prod Masivo 2709,139.52,112,7
2710,Prod Masivo 2710,139.18,39,7
2711,Prod Masivo 2711,437.48,153,6
2712,Prod Masivo 2712,124.64,98,8
2713,Prod Masivo 2713,170.28,179,5
2714,Prod Masivo 2714,291.97,147,2
2715,Prod Masivo 2715,94.83,163,1
2716,Prod Masivo 2716,110.84,172,8
2717,Prod Masivo 2717,215.82,93,3
2718,Prod Masivo 2718,376.35,150,3
2719,Prod Masivo 2719,448.17,14,7
2720,Prod Masivo 2720,126.59,169,4
2721,Prod Masivo 2721,344.72,147,1
2722,Prod Masivo 2722,25.74,86,6
2723,Prod Masivo 2723,11.24,137,1
2724,Prod Masivo 2724,205.12,171,6
2725,Prod Masivo 2725,363.86,77,3
2726,Prod Masivo 2726,148.77,99,6
2727,Prod Masivo 2727,277.43,35,2
2728,Prod Masivo 2728,401.4,105,1
2729,Prod Masivo 2729,385.35,181,4
2730,Prod Masivo 2730,113.83,141,3
2731,Prod Masivo 2731,87.04,83,2
2732,Prod Masivo 2732,103.52,108,5
2733,Prod Masivo 2733,36.95,56,1
2734,Prod Masivo 2734,354.53,170,2
2735,Prod Masivo 2735,484.36,38,8
2736,Prod Masivo 2736,65.7,164,3
2737,Prod Masivo 2737,186.2,161,4
2738,Prod Masivo 2738,238.0,34,8
2739,Prod Masivo 2739,82.08,53,3
2740,Prod Masivo 2740,242.57,70,8
2741,Prod Masivo 2741,454.35,71,5
2742,Prod Masivo 2742,232.63,15,3
2743,Prod Masivo 2743,203.81,189,6
2744,Prod Masivo 2744,463.76,65,4
2745,Prod Masivo 2745,381.46,18,8
2746,Prod Masivo 2746,127.85,102,1
2747,Prod Masivo 2747,10.99,116,5
2748,Prod Masivo 2748,43.43,19,8
2749,Prod Masivo 2749,51.68,96,2
2750,Prod Masivo 2750,66.38,14,8
2751,Prod Masivo 2751,423.5,78,6
2752,Prod Masivo 2752,226.39,133,3
2753,Prod Masivo 2753,307.98,191,1
2754,Prod Masivo 2754,375.86,69,7
2755,Prod Masivo 2755,135.37,185,6
2756,Prod Masivo 2756,426.3,146,1
2757,Prod Masivo 2757,166.47,46,6
2758,Prod Masivo 2758,329.64,125,6
2759,Prod Masivo 2759,197.38,101,7
2760,Prod Masivo 2760,192.8,79,8
2761,Prod Masivo 2761,141.77,64,5
2762,Prod Masivo 2762,173.85,183,4
2763,Prod Masivo 2763,167.03,197,7
2764,Prod Masivo 2764,182.53,131,2
2765,Prod Masivo 2765,55.41,176,5
2766,Prod Masivo 2766,285.23,149,4
2767,Prod Masivo 2767,125.97,166,4
2768,Prod Masivo 2768,144.02,19,8
2769,Prod Masivo 2769,70.67,103,7
2770,Prod Masivo 2770,284.79,82,4
2771,Prod Masivo 2771,246.53,159,6
2772,Prod Masivo 2772,471.15,141,7
2773,Prod Masivo 2773,336.26,169,1
2774,Prod Masivo 2774,398.57,187,2
2775,Prod Masivo 2775,118.34,138,1
2776,Prod Masivo 2776,67.29,29,6
2777,Prod Masivo 2777,351.12,127,6
2778,Prod Masivo 2778,242.53,194,2
2779,Prod Masivo 2779,222.32,129,6
2780,Prod Masivo 2780,320.69,28,7
2781,Prod Masivo 2781,251.59,38,6
2782,Prod Masivo 2782,187.8,181,2
2783,Prod Masivo 2783,33.41,134,1
2784,Prod Masivo 2784,421.67,151,4
2785,Prod Masivo 2785,151.62,39,5
2786,Prod Masivo 2786,407.57,56,1
2787,Prod Masivo 2787,230.82,82,4
2788,Prod Masivo 2788,128.7,28,8
2789,Prod Masivo 2789,94.88,124,3
2790,Prod Masivo 2790,212.54,60,4
2791,Prod Masivo 2791,69.79,167,7
2792,Prod Masivo 2792,424.09,73,4
2793,Prod Masivo 2793,108.83,167,3
2794,Prod Masivo 2794,384.29,85,7
2795,Prod Masivo 2795,87.24,39,3
2796,Prod Masivo 2796,451.54,186,6
2797,Prod Masivo 2797,279.38,64,3
2798,Prod Masivo 2798,33.09,32,1
2799,Prod Masivo 2799,58.06,65,7
2800,Prod Masivo 2800,87.88,106,7
2801,Prod Masivo 2801,141.55,162,5
2802,Prod Masivo 2802,283.58,153,1
2803,Prod Masivo 2803,494.28,84,3
2804,Prod Masivo 2804,106.73,79,4
2805,Prod Masivo 2805,434.39,165,7
2806,Prod Masivo 2806,176.95,173,7
2807,Prod Masivo 2807,244.76,72,6
2808,Prod Masivo 2808,470.84,141,7
2809,Prod Masivo 2809,130.56,136,4
2810,Prod Masivo 2810,436.6,25,7
2811,Prod Masivo 2811,219.07,72,3
2812,Prod Masivo 2812,95.81,105,2
2813,Prod Masivo 2813,328.29,84,8
2814,Prod Masivo 2814,166.92,130,7
2815,Prod Masivo 2815,166.96,87,6
2816,Prod Masivo 2816,215.17,68,3
2817,Prod Masivo 2817,363.49,58,5
2818,Prod Masivo 2818,314.26,164,5
2819,Prod Masivo 2819,149.48,110,8
2820,Prod Masivo 2820,56.48,112,5
2821,Prod Masivo 2821,309.41,105,6
2822,Prod Masivo 2822,461.6,114,7
2823,Prod Masivo 2823,459.77,21,2
2824,Prod Masivo 2824,327.82,75,7
2825,Prod Masivo 2825,491.33,157,7
2826,Prod Masivo 2826,201.33,182,1
2827,Prod Masivo 2827,232.44,50,3
2828,Prod Masivo 2828,488.01,139,5
2829,Prod Masivo 2829,104.59,61,8
2830,Prod Masivo 2830,147.86,45,3
2831,Prod Masivo 2831,115.66,31,8
2832,Prod Masivo 2832,328.79,118,5
2833,Prod Masivo 2833,401.87,192,1
2834,Prod Masivo 2834,213.25,161,1
2835,Prod Masivo 2835,16.12,71,4
2836,Prod Masivo 2836,127.68,103,5
2837,Prod Masivo 2837,404.96,57,1
2838,Prod Masivo 2838,198.25,126,8
2839,Prod Masivo 2839,334.2,41,4
2840,Prod Masivo 2840,78.68,156,5
2841,Prod Masivo 2841,161.06,26,7
2842,Prod Masivo 2842,186.0,114,3
2843,Prod Masivo 2843,490.28,34,4
2844,Prod Masivo 2844,441.19,16,4
2845,Prod Masivo 2845,492.51,47,2
2846,Prod Masivo 2846,324.47,45,5
2847,Prod Masivo 2847,153.54,121,3
2848,Prod Masivo 2848,241.41,127,1
2849,Prod Masivo 2849,317.42,86,7
2850,Prod Masivo 2850,408.77,119,4
2851,Prod Masivo 2851,114.4,110,4
2852,Prod Masivo 2852,71.98,15,6
2853,Prod Masivo 2853,217.55,158,2
2854,Prod Masivo 2854,169.58,112,7
2855,Prod Masivo 2855,260.03,39,8
2856,Prod Masivo 2856,82.18,94,3
2857,Prod Masivo 2857,108.04,91,1
2858,Prod Masivo 2858,11.39,92,3
2859,Prod Masivo 2859,378.59,135,8
2860,Prod Masivo 2860,465.04,66,7
2861,Prod Masivo 2861,281.45,124,3
2862,Prod Masivo 2862,247.81,39,6
2863,Prod Masivo 2863,313.87,114,7
2864,Prod Masivo 2864,117.5,29,4
2865,Prod Masivo 2865,19.88,99,7
2866,Prod Masivo 2866,52.95,95,7
2867,Prod Masivo 2867,179.63,128,8
2868,Prod Masivo 2868,59.81,196,3
2869,Prod Masivo 2869,369.59,125,2
2870,Prod Masivo 2870,176.7,85,1
2871,Prod Masivo 2871,85.65,28,6
2872,Prod Masivo 2872,21.6,118,2
2873,Prod Masivo 2873,19.96,129,6
2874,Prod Masivo 2874,434.15,143,1
2875,Prod Masivo 2875,23.76,57,1
2876,Prod Masivo 2876,314.84,103,1
2877,Prod Masivo 2877,112.43,94,5
2878,Prod Masivo 2878,177.71,92,8
2879,Prod Masivo 2879,442.12,17,3
2880,Prod Masivo 2880,162.35,146,4
2881,Prod Masivo 2881,302.71,45,3
2882,Prod Masivo 2882,330.61,116,3
2883,Prod Masivo 2883,309.95,156,7
2884,Prod Masivo 2884,477.93,158,6
2885,Prod Masivo 2885,275.54,62,3
2886,Prod Masivo 2886,317.48,59,6
2887,Prod Masivo 2887,337.72,126,6
2888,Prod Masivo 2888,40.44,62,4
2889,Prod Masivo 2889,445.14,64,5
2890,Prod Masivo 2890,458.72,188,7
2891,Prod Masivo 2891,29.6,164,2
2892,Prod Masivo 2892,249.01,13,1
2893,Prod Masivo 2893,53.51,175,1
2894,Prod Masivo 2894,147.79,200,3
2895,Prod Masivo 2895,99.18,70,5
2896,Prod Masivo 2896,94.54,38,7
2897,Prod Masivo 2897,296.73,137,1
2898,Prod Masivo 2898,404.44,74,7
2899,Prod Masivo 2899,351.96,168,3
2900,Prod Masivo 2900,137.48,173,8
2901,Prod Masivo 2901,229.91,64,4
2902,Prod Masivo 2902,91.13,197,2
2903,Prod Masivo 2903,486.27,130,4
2904,Prod Masivo 2904,442.31,26,8
2905,Prod Masivo 2905,12.33,122,5
2906,Prod Masivo 2906,160.14,142,8
2907,Prod Masivo 2907,479.22,200,8
2908,Prod Masivo 2908,55.44,135,3
2909,Prod Masivo 2909,63.55,13,6
2910,Prod Masivo 2910,496.29,156,5
2911,Prod Masivo 2911,155.48,164,4
2912,Prod Masivo 2912,144.18,130,7
2913,Prod Masivo 2913,93.27,118,2
2914,Prod Masivo 2914,263.32,105,3
2915,Prod Masivo 2915,499.45,156,4
2916,Prod Masivo 2916,400.9,144,1
2917,Prod Masivo 2917,262.14,52,1
2918,Prod Masivo 2918,72.06,200,4
2919,Prod Masivo 2919,189.99,122,8
2920,Prod Masivo 2920,176.13,24,2
2921,Prod Masivo 2921,415.65,68,6
2922,Prod Masivo 2922,171.12,10,5
2923,Prod Masivo 2923,26.39,146,5
2924,Prod Masivo 2924,139.31,71,2
2925,Prod Masivo 2925,255.8,130,2
2926,Prod Masivo 2926,382.63,144,2
2927,Prod Masivo 2927,124.75,40,5
2928,Prod Masivo 2928,88.74,192,8
2929,Prod Masivo 2929,118.86,196,1
2930,Prod Masivo 2930,432.39,161,6
2931,Prod Masivo 2931,401.27,93,7
2932,Prod Masivo 2932,308.61,137,4
2933,Prod Masivo 2933,257.47,166,7
2934,Prod Masivo 2934,317.29,146,5
2935,Prod Masivo 2935,479.21,132,5
2936,Prod Masivo 2936,320.26,146,1
2937,Prod Masivo 2937,115.08,81,2
2938,Prod Masivo 2938,11.03,191,5
2939,Prod Masivo 2939,451.92,156,1
2940,Prod Masivo 2940,416.98,58,2
2941,Prod Masivo 2941,31.82,95,6
2942,Prod Masivo 2942,430.71,128,8
2943,Prod Masivo 2943,380.26,144,3
2944,Prod Masivo 2944,125.68,74,7
2945,Prod Masivo 2945,152.66,13,6
2946,Prod Masivo 2946,101.43,166,7
2947,Prod Masivo 2947,410.04,98,6
2948,Prod Masivo 2948,190.95,68,2
2949,Prod Masivo 2949,144.27,71,7
2950,Prod Masivo 2950,319.51,68,3
2951,Prod Masivo 2951,197.67,28,8
2952,Prod Masivo 2952,385.07,23,5
2953,Prod Masivo 2953,29.7,22,2
2954,Prod Masivo 2954,469.62,11,2
2955,Prod Masivo 2955,92.69,73,3
2956,Prod Masivo 2956,360.6,90,6
2957,Prod Masivo 2957,253.28,193,5
2958,Prod Masivo 2958,127.77,161,2
2959,Prod Masivo 2959,51.31,133,6
2960,Prod Masivo 2960,133.06,104,6
2961,Prod Masivo 2961,58.8,153,7
2962,Prod Masivo 2962,38.03,74,3
2963,Prod Masivo 2963,385.37,141,1
2964,Prod Masivo 2964,231.56,86,2
2965,Prod Masivo 2965,176.39,73,4
2966,Prod Masivo 2966,227.79,55,2
2967,Prod Masivo 2967,203.5,137,3
2968,Prod Masivo 2968,465.94,78,5
2969,Prod Masivo 2969,406.26,86,1
2970,Prod Masivo 2970,345.75,47,7
2971,Prod Masivo 2971,86.1,197,1
2972,Prod Masivo 2972,150.51,64,2
2973,Prod Masivo 2973,447.72,93,3
2974,Prod Masivo 2974,160.54,159,8
2975,Prod Masivo 2975,199.08,33,7
2976,Prod Masivo 2976,397.59,127,6
2977,Prod Masivo 2977,343.1,40,5
2978,Prod Masivo 2978,243.44,80,5
2979,Prod Masivo 2979,431.27,11,5
2980,Prod Masivo 2980,399.24,90,5
2981,Prod Masivo 2981,22.52,171,7
2982,Prod Masivo 2982,219.79,30,4
2983,Prod Masivo 2983,284.08,119,7
2984,Prod Masivo 2984,175.05,15,4
2985,Prod Masivo 2985,434.72,152,3
2986,Prod Masivo 2986,146.45,52,1
2987,Prod Masivo 2987,42.47,77,1
2988,Prod Masivo 2988,295.18,14,4
2989,Prod Masivo 2989,138.88,18,4
2990,Prod Masivo 2990,410.28,62,7
2991,Prod Masivo 2991,382.22,144,5
2992,Prod Masivo 2992,137.84,149,2
2993,Prod Masivo 2993,350.76,38,6
2994,Prod Masivo 2994,176.4,187,2
2995,Prod Masivo 2995,368.6,66,2
2996,Prod Masivo 2996,440.77,28,6
2997,Prod Masivo 2997,63.55,149,6
2998,Prod Masivo 2998,246.31,121,7
2999,Prod Masivo 2999,371.91,37,4
3000,Prod Masivo 3000,289.26,34,8
3001,Prod Masivo 3001,125.72,111,6
3002,Prod Masivo 3002,92.75,45,2
3003,Prod Masivo 3003,299.36,62,8
3004,Prod Masivo 3004,357.88,28,4
3005,Prod Masivo 3005,386.06,176,8
3006,Prod Masivo 3006,52.87,71,6
3007,Prod Masivo 3007,207.23,170,2
3008,Prod Masivo 3008,301.78,73,6
3009,Prod Masivo 3009,35.98,17,7
3010,Prod Masivo 3010,386.62,144,6
3011,Prod Masivo 3011,458.29,193,1
3012,Prod Masivo 3012,70.27,66,3
3013,Prod Masivo 3013,66.56,167,7
3014,Prod Masivo 3014,290.67,87,5
3015,Prod Masivo 3015,348.47,179,5
3016,Prod Masivo 3016,489.53,21,5
3017,Prod Masivo 3017,356.33,152,3
3018,Prod Masivo 3018,210.07,93,5
3019,Prod Masivo 3019,167.22,135,4
3020,Prod Masivo 3020,130.96,195,2
3021,Prod Masivo 3021,440.65,61,5
3022,Prod Masivo 3022,469.2,151,8
3023,Prod Masivo 3023,300.74,62,8
3024,Prod Masivo 3024,49.04,153,5
3025,Prod Masivo 3025,421.92,85,5
3026,Prod Masivo 3026,430.13,156,6
3027,Prod Masivo 3027,170.69,134,6
3028,Prod Masivo 3028,246.52,93,8
3029,Prod Masivo 3029,114.75,133,8
3030,Prod Masivo 3030,372.91,109,6
3031,Prod Masivo 3031,350.03,177,1
3032,Prod Masivo 3032,388.02,120,3
3033,Prod Masivo 3033,68.26,145,1
3034,Prod Masivo 3034,87.4,43,4
3035,Prod Masivo 3035,286.74,149,5
3036,Prod Masivo 3036,342.79,41,4
3037,Prod Masivo 3037,277.43,150,5
3038,Prod Masivo 3038,26.8,99,1
3039,Prod Masivo 3039,317.74,17,5
3040,Prod Masivo 3040,250.47,153,8
3041,Prod Masivo 3041,486.71,155,3
3042,Prod Masivo 3042,213.97,102,5
3043,Prod Masivo 3043,78.28,86,2
3044,Prod Masivo 3044,319.9,24,8
3045,Prod Masivo 3045,96.01,124,3
3046,Prod Masivo 3046,301.1,60,2
3047,Prod Masivo 3047,312.11,69,2
3048,Prod Masivo 3048,116.56,49,8
3049,Prod Masivo 3049,171.78,80,2
3050,Prod Masivo 3050,39.87,62,2
3051,Prod Masivo 3051,381.51,27,8
3052,Prod Masivo 3052,224.17,107,7
3053,Prod Masivo 3053,268.92,51,3
3054,Prod Masivo 3054,41.29,136,3
3055,Prod Masivo 3055,44.77,113,3
3056,Prod Masivo 3056,423.7,73,4
3057,Prod Masivo 3057,493.93,92,5
3058,Prod Masivo 3058,343.34,173,8
3059,Prod Masivo 3059,59.08,142,6
3060,Prod Masivo 3060,366.3,42,5
3061,Prod Masivo 3061,334.6,85,4
3062,Prod Masivo 3062,299.84,105,5
3063,Prod Masivo 3063,303.13,176,8
3064,Prod Masivo 3064,156.64,187,6
3065,Prod Masivo 3065,412.16,86,2
3066,Prod Masivo 3066,268.42,74,2
3067,Prod Masivo 3067,342.73,54,6
3068,Prod Masivo 3068,46.33,124,2
3069,Prod Masivo 3069,374.83,13,5
3070,Prod Masivo 3070,351.28,43,5
3071,Prod Masivo 3071,91.23,153,5
3072,Prod Masivo 3072,491.36,77,6
3073,Prod Masivo 3073,259.23,136,3
3074,Prod Masivo 3074,29.67,68,8
3075,Prod Masivo 3075,285.5,104,2
3076,Prod Masivo 3076,212.78,71,7
3077,Prod Masivo 3077,480.54,133,5
3078,Prod Masivo 3078,441.09,46,4
3079,Prod Masivo 3079,351.42,113,8
3080,Prod Masivo 3080,450.94,54,6
3081,Prod Masivo 3081,177.96,30,5
3082,Prod Masivo 3082,170.29,177,7
3083,Prod Masivo 3083,292.03,82,4
3084,Prod Masivo 3084,367.55,153,2
3085,Prod Masivo 3085,334.81,182,8
3086,Prod Masivo 3086,367.57,130,8
3087,Prod Masivo 3087,417.6,168,2
3088,Prod Masivo 3088,17.03,194,2
3089,Prod Masivo 3089,172.57,98,7
3090,Prod Masivo 3090,397.26,60,8
3091,Prod Masivo 3091,154.49,187,1
3092,Prod Masivo 3092,236.77,40,2
3093,Prod Masivo 3093,386.6,163,3
3094,Prod Masivo 3094,450.5,147,6
3095,Prod Masivo 3095,408.36,77,4
3096,Prod Masivo 3096,59.94,95,5
3097,Prod Masivo 3097,297.17,186,1
3098,Prod Masivo 3098,339.85,18,6
3099,Prod Masivo 3099,57.25,157,7
3100,Prod Masivo 3100,328.66,74,6
3101,Prod Masivo 3101,98.57,169,1
3102,Prod Masivo 3102,310.86,28,6
3103,Prod Masivo 3103,287.85,92,4
3104,Prod Masivo 3104,243.11,150,6
3105,Prod Masivo 3105,32.25,70,7
3106,Prod Masivo 3106,479.68,177,2
3107,Prod Masivo 3107,75.56,100,4
3108,Prod Masivo 3108,95.92,123,3
3109,Prod Masivo 3109,187.21,51,1
3110,Prod Masivo 3110,351.46,195,3
3111,Prod Masivo 3111,353.97,80,3
3112,Prod Masivo 3112,468.26,129,5
3113,Prod Masivo 3113,350.68,88,1
3114,Prod Masivo 3114,381.21,160,3
3115,Prod Masivo 3115,134.23,83,2
3116,Prod Masivo 3116,371.33,66,7
3117,Prod Masivo 3117,297.06,158,3
3118,Prod Masivo 3118,391.7,191,5
3119,Prod Masivo 3119,248.29,120,5
3120,Prod Masivo 3120,319.36,120,1
3121,Prod Masivo 3121,284.65,189,3
3122,Prod Masivo 3122,240.8,26,1
3123,Prod Masivo 3123,159.5,105,6
3124,Prod Masivo 3124,387.29,164,7
3125,Prod Masivo 3125,157.49,141,5
3126,Prod Masivo 3126,185.78,22,6
3127,Prod Masivo 3127,337.82,117,5
3128,Prod Masivo 3128,451.53,106,4
3129,Prod Masivo 3129,324.04,32,4
3130,Prod Masivo 3130,128.27,71,3
3131,Prod Masivo 3131,466.19,39,5
3132,Prod Masivo 3132,62.91,127,6
3133,Prod Masivo 3133,136.25,191,8
3134,Prod Masivo 3134,450.27,115,5
3135,Prod Masivo 3135,261.79,65,2
3136,Prod Masivo 3136,259.83,126,2
3137,Prod Masivo 3137,498.09,12,4
3138,Prod Masivo 3138,395.69,112,4
3139,Prod Masivo 3139,272.23,121,3
3140,Prod Masivo 3140,422.6,131,2
3141,Prod Masivo 3141,328.24,151,3
3142,Prod Masivo 3142,410.46,174,4
3143,Prod Masivo 3143,187.34,60,4
3144,Prod Masivo 3144,199.88,61,7
3145,Prod Masivo 3145,210.73,29,3
3146,Prod Masivo 3146,395.39,53,4
3147,Prod Masivo 3147,206.18,154,3
3148,Prod Masivo 3148,217.61,175,4
3149,Prod Masivo 3149,251.53,116,6
3150,Prod Masivo 3150,78.71,64,1
3151,Prod Masivo 3151,22.4,53,3
3152,Prod Masivo 3152,130.16,104,8
3153,Prod Masivo 3153,466.98,148,6
3154,Prod Masivo 3154,211.29,168,3
3155,Prod Masivo 3155,309.48,21,8
3156,Prod Masivo 3156,405.72,175,2
3157,Prod Masivo 3157,308.99,152,5
3158,Prod Masivo 3158,372.14,56,1
3159,Prod Masivo 3159,265.51,70,5
3160,Prod Masivo 3160,89.18,157,1
3161,Prod Masivo 3161,83.37,174,1
3162,Prod Masivo 3162,206.29,121,3
3163,Prod Masivo 3163,328.5,145,6
3164,Prod Masivo 3164,496.72,25,7
3165,Prod Masivo 3165,357.39,26,8
3166,Prod Masivo 3166,219.71,120,5
3167,Prod Masivo 3167,355.32,179,7
3168,Prod Masivo 3168,126.37,148,3
3169,Prod Masivo 3169,237.57,136,8
3170,Prod Masivo 3170,56.0,21,6
3171,Prod Masivo 3171,131.5,139,5
3172,Prod Masivo 3172,120.77,53,6
3173,Prod Masivo 3173,457.56,28,2
3174,Prod Masivo 3174,214.72,165,5
3175,Prod Masivo 3175,50.91,14,3
3176,Prod Masivo 3176,79.68,47,7
3177,Prod Masivo 3177,468.28,41,8
3178,Prod Masivo 3178,106.96,108,2
3179,Prod Masivo 3179,29.26,58,8
3180,Prod Masivo 3180,372.89,115,4
3181,Prod Masivo 3181,113.21,26,3
3182,Prod Masivo 3182,333.21,120,6
3183,Prod Masivo 3183,193.69,24,4
3184,Prod Masivo 3184,422.63,118,6
3185,Prod Masivo 3185,142.05,178,2
3186,Prod Masivo 3186,288.03,145,3
3187,Prod Masivo 3187,270.97,87,1
3188,Prod Masivo 3188,282.04,91,8
3189,Prod Masivo 3189,84.6,193,5
3190,Prod Masivo 3190,315.39,141,2
3191,Prod Masivo 3191,147.57,196,2
3192,Prod Masivo 3192,196.9,166,7
3193,Prod Masivo 3193,285.47,168,1
3194,Prod Masivo 3194,352.62,183,2
3195,Prod Masivo 3195,148.7,161,8
3196,Prod Masivo 3196,390.49,12,3
3197,Prod Masivo 3197,246.23,112,7
3198,Prod Masivo 3198,473.31,169,7
3199,Prod Masivo 3199,220.58,65,1
3200,Prod Masivo 3200,199.4,186,7
3201,Prod Masivo 3201,159.05,148,8
3202,Prod Masivo 3202,393.1,109,6
3203,Prod Masivo 3203,428.05,200,7
3204,Prod Masivo 3204,367.06,164,4
3205,Prod Masivo 3205,275.13,52,1
3206,Prod Masivo 3206,309.38,146,3
3207,Prod Masivo 3207,216.04,99,5
3208,Prod Masivo 3208,204.07,65,8
3209,Prod Masivo 3209,36.88,190,7
3210,Prod Masivo 3210,474.48,75,1
3211,Prod Masivo 3211,202.26,142,6
3212,Prod Masivo 3212,236.55,60,7
3213,Prod Masivo 3213,253.49,59,8
3214,Prod Masivo 3214,83.31,43,4
3215,Prod Masivo 3215,286.49,42,5
3216,Prod Masivo 3216,429.89,200,8
3217,Prod Masivo 3217,286.92,144,1
3218,Prod Masivo 3218,442.42,43,2
3219,Prod Masivo 3219,147.22,55,8
3220,Prod Masivo 3220,474.43,162,7
3221,Prod Masivo 3221,78.62,71,8
3222,Prod Masivo 3222,201.19,65,8
3223,Prod Masivo 3223,382.28,168,8
3224,Prod Masivo 3224,489.54,105,4
3225,Prod Masivo 3225,432.8,74,3
3226,Prod Masivo 3226,285.2,36,4
3227,Prod Masivo 3227,328.04,46,2
3228,Prod Masivo 3228,231.08,50,3
3229,Prod Masivo 3229,407.59,35,3
3230,Prod Masivo 3230,328.38,68,3
3231,Prod Masivo 3231,134.97,105,5
3232,Prod Masivo 3232,470.58,16,4
3233,Prod Masivo 3233,434.31,161,5
3234,Prod Masivo 3234,298.17,108,7
3235,Prod Masivo 3235,288.21,118,2
3236,Prod Masivo 3236,188.0,150,1
3237,Prod Masivo 3237,205.66,124,8
3238,Prod Masivo 3238,221.1,107,8
3239,Prod Masivo 3239,402.05,159,4
3240,Prod Masivo 3240,88.3,58,3
3241,Prod Masivo 3241,428.89,12,7
3242,Prod Masivo 3242,238.06,122,4
3243,Prod Masivo 3243,119.35,82,5
3244,Prod Masivo 3244,221.51,144,6
3245,Prod Masivo 3245,212.47,160,2
3246,Prod Masivo 3246,176.77,194,6
3247,Prod Masivo 3247,482.96,63,7
3248,Prod Masivo 3248,489.94,71,7
3249,Prod Masivo 3249,438.69,113,4
3250,Prod Masivo 3250,431.1,114,1
3251,Prod Masivo 3251,138.93,130,1
3252,Prod Masivo 3252,333.19,76,1
3253,Prod Masivo 3253,76.22,35,6
3254,Prod Masivo 3254,370.1,197,7
3255,Prod Masivo 3255,65.34,160,4
3256,Prod Masivo 3256,354.92,65,8
3257,Prod Masivo 3257,156.06,87,1
3258,Prod Masivo 3258,145.73,197,4
3259,Prod Masivo 3259,414.92,75,7
3260,Prod Masivo 3260,443.81,175,5
3261,Prod Masivo 3261,261.34,102,8
3262,Prod Masivo 3262,296.6,198,2
3263,Prod Masivo 3263,74.08,132,6
3264,Prod Masivo 3264,251.45,120,3
3265,Prod Masivo 3265,93.07,197,4
3266,Prod Masivo 3266,141.63,10,7
3267,Prod Masivo 3267,259.01,152,4
3268,Prod Masivo 3268,422.14,37,8
3269,Prod Masivo 3269,414.17,134,1
3270,Prod Masivo 3270,361.94,89,4
3271,Prod Masivo 3271,25.67,140,4
3272,Prod Masivo 3272,128.26,92,3
3273,Prod Masivo 3273,392.07,168,8
3274,Prod Masivo 3274,479.29,73,8
3275,Prod Masivo 3275,191.93,179,7
3276,Prod Masivo 3276,477.01,23,1
3277,Prod Masivo 3277,465.55,152,3
3278,Prod Masivo 3278,299.52,52,7
3279,Prod Masivo 3279,327.12,178,1
3280,Prod Masivo 3280,369.25,197,3
3281,Prod Masivo 3281,147.71,160,2
3282,Prod Masivo 3282,437.39,176,6
3283,Prod Masivo 3283,470.02,177,5
3284,Prod Masivo 3284,227.4,182,7
3285,Prod Masivo 3285,227.44,95,4
3286,Prod Masivo 3286,181.01,161,1
3287,Prod Masivo 3287,156.45,192,3
3288,Prod Masivo 3288,189.29,111,3
3289,Prod Masivo 3289,453.58,77,5
3290,Prod Masivo 3290,198.42,193,8
3291,Prod Masivo 3291,429.79,131,1
3292,Prod Masivo 3292,38.88,86,5
3293,Prod Masivo 3293,183.62,181,4
3294,Prod Masivo 3294,49.09,41,3
3295,Prod Masivo 3295,415.05,180,6
3296,Prod Masivo 3296,228.13,38,1
3297,Prod Masivo 3297,158.25,16,3
3298,Prod Masivo 3298,47.68,62,6
3299,Prod Masivo 3299,344.39,127,8
3300,Prod Masivo 3300,230.18,59,1
3301,Prod Masivo 3301,305.96,183,3
3302,Prod Masivo 3302,382.38,136,2
3303,Prod Masivo 3303,408.84,118,1
3304,Prod Masivo 3304,292.71,59,2
3305,Prod Masivo 3305,172.36,133,8
3306,Prod Masivo 3306,176.29,13,2
3307,Prod Masivo 3307,305.03,168,7
3308,Prod Masivo 3308,169.42,93,1
3309,Prod Masivo 3309,92.24,80,6
3310,Prod Masivo 3310,263.72,45,5
3311,Prod Masivo 3311,122.59,134,2
3312,Prod Masivo 3312,311.71,180,4
3313,Prod Masivo 3313,44.25,119,2
3314,Prod Masivo 3314,157.86,86,3
3315,Prod Masivo 3315,482.85,48,1
3316,Prod Masivo 3316,162.71,64,4
3317,Prod Masivo 3317,22.16,130,3
3318,Prod Masivo 3318,324.7,166,6
3319,Prod Masivo 3319,449.49,93,4
3320,Prod Masivo 3320,493.7,158,4
3321,Prod Masivo 3321,343.91,184,4
3322,Prod Masivo 3322,147.56,108,4
3323,Prod Masivo 3323,328.33,32,1
3324,Prod Masivo 3324,457.78,183,6
3325,Prod Masivo 3325,73.92,98,2
3326,Prod Masivo 3326,166.41,54,4
3327,Prod Masivo 3327,229.28,48,4
3328,Prod Masivo 3328,437.33,200,3
3329,Prod Masivo 3329,103.82,167,5
3330,Prod Masivo 3330,132.4,69,2
3331,Prod Masivo 3331,450.02,188,8
3332,Prod Masivo 3332,347.89,74,2
3333,Prod Masivo 3333,173.91,95,6
3334,Prod Masivo 3334,188.11,164,1
3335,Prod Masivo 3335,405.74,134,8
3336,Prod Masivo 3336,394.81,193,4
3337,Prod Masivo 3337,340.38,53,3
3338,Prod Masivo 3338,421.72,116,4
3339,Prod Masivo 3339,250.85,50,7
3340,Prod Masivo 3340,41.77,33,2
3341,Prod Masivo 3341,46.63,73,6
3342,Prod Masivo 3342,299.46,154,8
3343,Prod Masivo 3343,171.19,90,8
3344,Prod Masivo 3344,403.21,77,4
3345,Prod Masivo 3345,417.34,42,6
3346,Prod Masivo 3346,327.2,147,7
3347,Prod Masivo 3347,178.9,149,7
3348,Prod Masivo 3348,400.47,62,2
3349,Prod Masivo 3349,185.45,167,3
3350,Prod Masivo 3350,245.83,110,2
3351,Prod Masivo 3351,331.6,43,7
3352,Prod Masivo 3352,25.28,133,1
3353,Prod Masivo 3353,80.54,54,3
3354,Prod Masivo 3354,282.69,48,7
3355,Prod Masivo 3355,98.92,123,7
3356,Prod Masivo 3356,498.96,164,2
3357,Prod Masivo 3357,178.02,161,5
3358,Prod Masivo 3358,99.52,175,3
3359,Prod Masivo 3359,148.0,118,8
3360,Prod Masivo 3360,64.75,100,3
3361,Prod Masivo 3361,34.32,51,3
3362,Prod Masivo 3362,55.83,158,4
3363,Prod Masivo 3363,105.94,76,7
3364,Prod Masivo 3364,96.59,106,2
3365,Prod Masivo 3365,56.54,134,3
3366,Prod Masivo 3366,327.51,84,7
3367,Prod Masivo 3367,304.52,50,3
3368,Prod Masivo 3368,150.16,107,7
3369,Prod Masivo 3369,213.18,45,2
3370,Prod Masivo 3370,330.84,36,6
3371,Prod Masivo 3371,51.16,150,5
3372,Prod Masivo 3372,482.55,37,3
3373,Prod Masivo 3373,48.95,192,4
3374,Prod Masivo 3374,427.56,16,8
3375,Prod Masivo 3375,301.09,197,3
3376,Prod Masivo 3376,166.65,179,1
3377,Prod Masivo 3377,306.89,159,6
3378,Prod Masivo 3378,428.3,184,6
3379,Prod Masivo 3379,405.83,19,2
3380,Prod Masivo 3380,11.74,154,7
3381,Prod Masivo 3381,392.4,17,7
3382,Prod Masivo 3382,262.8,50,4
3383,Prod Masivo 3383,273.83,40,8
3384,Prod Masivo 3384,58.75,60,8
3385,Prod Masivo 3385,406.24,171,3
3386,Prod Masivo 3386,145.28,60,8
3387,Prod Masivo 3387,156.7,182,5
3388,Prod Masivo 3388,11.61,136,6
3389,Prod Masivo 3389,159.98,136,1
3390,Prod Masivo 3390,55.71,115,4
3391,Prod Masivo 3391,399.89,100,4
3392,Prod Masivo 3392,155.7,135,4
3393,Prod Masivo 3393,455.63,28,1
3394,Prod Masivo 3394,56.83,38,2
3395,Prod Masivo 3395,338.53,137,2
3396,Prod Masivo 3396,247.47,62,1
3397,Prod Masivo 3397,196.53,16,1
3398,Prod Masivo 3398,246.76,27,5
3399,Prod Masivo 3399,487.35,98,1
3400,Prod Masivo 3400,115.63,131,1
3401,Prod Masivo 3401,138.58,120,7
3402,Prod Masivo 3402,87.0,104,7
3403,Prod Masivo 3403,399.13,166,4
3404,Prod Masivo 3404,197.87,84,1
3405,Prod Masivo 3405,246.75,63,6
3406,Prod Masivo 3406,392.35,80,7
3407,Prod Masivo 3407,177.2,62,8
3408,Prod Masivo 3408,166.98,98,1
3409,Prod Masivo 3409,213.19,200,6
3410,Prod Masivo 3410,12.69,180,6
3411,Prod Masivo 3411,421.55,166,8
3412,Prod Masivo 3412,148.4,20,3
3413,Prod Masivo 3413,202.37,35,1
3414,Prod Masivo 3414,456.81,29,2
3415,Prod Masivo 3415,277.4,53,6
3416,Prod Masivo 3416,454.97,186,7
3417,Prod Masivo 3417,232.89,37,8
3418,Prod Masivo 3418,179.24,12,3
3419,Prod Masivo 3419,65.04,27,3
3420,Prod Masivo 3420,351.07,130,5
3421,Prod Masivo 3421,109.26,185,2
3422,Prod Masivo 3422,498.34,57,6
3423,Prod Masivo 3423,281.7,19,8
3424,Prod Masivo 3424,120.81,109,4
3425,Prod Masivo 3425,362.02,97,5
3426,Prod Masivo 3426,91.76,52,7
3427,Prod Masivo 3427,27.5,159,1
3428,Prod Masivo 3428,409.22,31,4
3429,Prod Masivo 3429,103.17,82,5
3430,Prod Masivo 3430,416.57,114,7
3431,Prod Masivo 3431,31.13,121,6
3432,Prod Masivo 3432,266.22,148,5
3433,Prod Masivo 3433,229.72,84,3
3434,Prod Masivo 3434,334.6,171,3
3435,Prod Masivo 3435,169.14,41,1
3436,Prod Masivo 3436,409.41,95,7
3437,Prod Masivo 3437,404.33,167,8
3438,Prod Masivo 3438,388.95,29,1
3439,Prod Masivo 3439,465.09,172,1
3440,Prod Masivo 3440,431.18,84,2
3441,Prod Masivo 3441,480.31,197,2
3442,Prod Masivo 3442,342.77,120,7
3443,Prod Masivo 3443,32.48,153,6
3444,Prod Masivo 3444,43.76,127,2
3445,Prod Masivo 3445,176.98,126,5
3446,Prod Masivo 3446,48.07,48,4
3447,Prod Masivo 3447,160.92,194,4
3448,Prod Masivo 3448,167.58,147,1
3449,Prod Masivo 3449,461.91,105,4
3450,Prod Masivo 3450,265.35,149,8
3451,Prod Masivo 3451,455.24,69,5
3452,Prod Masivo 3452,247.01,178,7
3453,Prod Masivo 3453,430.69,190,4
3454,Prod Masivo 3454,37.66,176,4
3455,Prod Masivo 3455,165.18,77,7
3456,Prod Masivo 3456,167.26,39,1
3457,Prod Masivo 3457,240.01,183,5
3458,Prod Masivo 3458,460.37,193,2
3459,Prod Masivo 3459,326.47,194,1
3460,Prod Masivo 3460,158.17,34,3
3461,Prod Masivo 3461,418.0,62,3
3462,Prod Masivo 3462,395.41,188,8
3463,Prod Masivo 3463,390.71,153,1
3464,Prod Masivo 3464,202.17,91,7
3465,Prod Masivo 3465,359.07,128,2
3466,Prod Masivo 3466,456.32,164,8
3467,Prod Masivo 3467,258.74,136,8
3468,Prod Masivo 3468,96.99,100,1
3469,Prod Masivo 3469,356.63,170,3
3470,Prod Masivo 3470,61.9,172,7
3471,Prod Masivo 3471,294.62,110,6
3472,Prod Masivo 3472,23.26,141,2
3473,Prod Masivo 3473,283.19,159,4
3474,Prod Masivo 3474,382.87,166,8
3475,Prod Masivo 3475,447.72,86,2
3476,Prod Masivo 3476,388.31,143,5
3477,Prod Masivo 3477,82.62,170,4
3478,Prod Masivo 3478,364.65,113,5
3479,Prod Masivo 3479,485.32,177,8
3480,Prod Masivo 3480,228.76,175,3
3481,Prod Masivo 3481,254.99,59,4
3482,Prod Masivo 3482,267.82,198,2
3483,Prod Masivo 3483,15.41,194,1
3484,Prod Masivo 3484,93.35,34,4
3485,Prod Masivo 3485,130.44,92,2
3486,Prod Masivo 3486,220.8,166,6
3487,Prod Masivo 3487,165.81,58,3
3488,Prod Masivo 3488,57.87,47,1
3489,Prod Masivo 3489,347.39,91,1
3490,Prod Masivo 3490,115.17,107,6
3491,Prod Masivo 3491,24.53,47,2
3492,Prod Masivo 3492,310.42,85,1
3493,Prod Masivo 3493,225.03,38,1
3494,Prod Masivo 3494,341.4,49,4
3495,Prod Masivo 3495,495.53,189,4
3496,Prod Masivo 3496,117.06,153,5
3497,Prod Masivo 3497,444.86,116,7
3498,Prod Masivo 3498,70.8,43,5
3499,Prod Masivo 3499,85.64,175,5
3500,Prod Masivo 3500,76.56,137,6
3501,Prod Masivo 3501,94.49,161,6
3502,Prod Masivo 3502,185.85,70,1
3503,Prod Masivo 3503,98.58,197,7
3504,Prod Masivo 3504,254.28,156,4
3505,Prod Masivo 3505,339.26,188,8
3506,Prod Masivo 3506,415.92,179,1
3507,Prod Masivo 3507,238.76,48,6
3508,Prod Masivo 3508,58.58,170,4
3509,Prod Masivo 3509,85.39,47,6
3510,Prod Masivo 3510,276.07,144,3
3511,Prod Masivo 3511,443.92,106,6
3512,Prod Masivo 3512,314.27,78,4
3513,Prod Masivo 3513,15.92,111,5
3514,Prod Masivo 3514,145.49,196,2
3515,Prod Masivo 3515,132.4,121,1
3516,Prod Masivo 3516,485.06,187,7
3517,Prod Masivo 3517,353.15,200,5
3518,Prod Masivo 3518,358.98,136,5
3519,Prod Masivo 3519,364.77,134,7
3520,Prod Masivo 3520,171.52,92,8
3521,Prod Masivo 3521,333.25,99,8
3522,Prod Masivo 3522,104.83,155,2
3523,Prod Masivo 3523,321.49,85,8
3524,Prod Masivo 3524,334.93,188,8
3525,Prod Masivo 3525,35.71,83,4
3526,Prod Masivo 3526,327.27,13,4
3527,Prod Masivo 3527,414.61,83,7
3528,Prod Masivo 3528,33.07,65,5
3529,Prod Masivo 3529,23.66,152,8
3530,Prod Masivo 3530,202.3,130,3
3531,Prod Masivo 3531,379.26,142,1
3532,Prod Masivo 3532,202.02,187,2
3533,Prod Masivo 3533,251.71,47,6
3534,Prod Masivo 3534,59.28,27,8
3535,Prod Masivo 3535,10.22,120,5
3536,Prod Masivo 3536,234.86,150,4
3537,Prod Masivo 3537,305.32,97,3
3538,Prod Masivo 3538,288.24,127,2
3539,Prod Masivo 3539,168.98,146,7
3540,Prod Masivo 3540,453.27,22,2
3541,Prod Masivo 3541,117.12,200,5
3542,Prod Masivo 3542,481.62,41,4
3543,Prod Masivo 3543,390.56,37,5
3544,Prod Masivo 3544,233.98,145,7
3545,Prod Masivo 3545,373.79,107,5
3546,Prod Masivo 3546,92.31,96,5
3547,Prod Masivo 3547,66.23,126,7
3548,Prod Masivo 3548,413.53,74,4
3549,Prod Masivo 3549,21.9,192,1
3550,Prod Masivo 3550,62.92,142,5
3551,Prod Masivo 3551,417.95,121,1
3552,Prod Masivo 3552,228.92,27,3
3553,Prod Masivo 3553,29.89,63,3
3554,Prod Masivo 3554,39.94,65,5
3555,Prod Masivo 3555,392.53,174,3
3556,Prod Masivo 3556,393.62,133,8
3557,Prod Masivo 3557,187.23,13,5
3558,Prod Masivo 3558,37.97,61,4
3559,Prod Masivo 3559,168.98,128,2
3560,Prod Masivo 3560,390.03,86,8
3561,Prod Masivo 3561,129.9,133,4
3562,Prod Masivo 3562,195.46,192,2
3563,Prod Masivo 3563,287.55,134,6
3564,Prod Masivo 3564,425.45,182,1
3565,Prod Masivo 3565,371.7,33,6
3566,Prod Masivo 3566,465.38,181,8
3567,Prod Masivo 3567,114.16,172,6
3568,Prod Masivo 3568,264.23,61,2
3569,Prod Masivo 3569,232.55,11,2
3570,Prod Masivo 3570,212.91,55,2
3571,Prod Masivo 3571,250.88,185,1
3572,Prod Masivo 3572,86.22,63,2
3573,Prod Masivo 3573,371.03,179,3
3574,Prod Masivo 3574,427.61,60,8
3575,Prod Masivo 3575,483.53,92,4
3576,Prod Masivo 3576,199.14,63,8
3577,Prod Masivo 3577,403.79,153,3
3578,Prod Masivo 3578,179.32,90,7
3579,Prod Masivo 3579,43.19,29,7
3580,Prod Masivo 3580,157.31,146,5
3581,Prod Masivo 3581,471.48,162,1
3582,Prod Masivo 3582,243.53,88,3
3583,Prod Masivo 3583,61.33,16,1
3584,Prod Masivo 3584,403.88,41,8
3585,Prod Masivo 3585,173.3,21,8
3586,Prod Masivo 3586,32.93,187,6
3587,Prod Masivo 3587,265.56,57,4
3588,Prod Masivo 3588,391.56,122,1
3589,Prod Masivo 3589,160.27,150,8
3590,Prod Masivo 3590,459.01,91,3
3591,Prod Masivo 3591,62.27,172,1
3592,Prod Masivo 3592,396.8,168,4
3593,Prod Masivo 3593,33.75,143,6
3594,Prod Masivo 3594,494.38,58,2
3595,Prod Masivo 3595,92.51,174,1
3596,Prod Masivo 3596,254.57,84,7
3597,Prod Masivo 3597,315.22,199,3
3598,Prod Masivo 3598,227.29,125,8
3599,Prod Masivo 3599,203.0,84,4
3600,Prod Masivo 3600,394.95,26,2
3601,Prod Masivo 3601,369.2,86,8
3602,Prod Masivo 3602,336.83,90,1
3603,Prod Masivo 3603,428.81,72,4
3604,Prod Masivo 3604,116.05,20,7
3605,Prod Masivo 3605,215.18,80,6
3606,Prod Masivo 3606,86.28,64,2
3607,Prod Masivo 3607,169.39,153,8
3608,Prod Masivo 3608,25.93,65,4
3609,Prod Masivo 3609,210.11,173,2
3610,Prod Masivo 3610,163.78,66,8
3611,Prod Masivo 3611,315.6,125,8
3612,Prod Masivo 3612,295.0,131,6
3613,Prod Masivo 3613,206.34,35,3
3614,Prod Masivo 3614,470.92,61,5
3615,Prod Masivo 3615,375.67,34,3
3616,Prod Masivo 3616,333.83,112,1
3617,Prod Masivo 3617,165.55,33,7
3618,Prod Masivo 3618,388.95,111,5
3619,Prod Masivo 3619,469.5,49,6
3620,Prod Masivo 3620,254.85,158,3
3621,Prod Masivo 3621,488.21,61,5
3622,Prod Masivo 3622,449.82,71,4
3623,Prod Masivo 3623,157.37,68,1
3624,Prod Masivo 3624,363.97,108,1
3625,Prod Masivo 3625,38.67,166,5
3626,Prod Masivo 3626,240.4,172,8
3627,Prod Masivo 3627,18.89,171,8
3628,Prod Masivo 3628,126.2,43,7
3629,Prod Masivo 3629,155.05,46,6
3630,Prod Masivo 3630,214.27,129,6
3631,Prod Masivo 3631,176.44,176,1
3632,Prod Masivo 3632,458.97,46,3
3633,Prod Masivo 3633,370.06,67,3
3634,Prod Masivo 3634,454.92,117,5
3635,Prod Masivo 3635,391.47,155,7
3636,Prod Masivo 3636,125.35,122,1
3637,Prod Masivo 3637,44.4,158,1
3638,Prod Masivo 3638,37.02,65,6
3639,Prod Masivo 3639,59.4,34,5
3640,Prod Masivo 3640,237.03,111,2
3641,Prod Masivo 3641,276.46,124,3
3642,Prod Masivo 3642,161.94,122,5
3643,Prod Masivo 3643,46.26,144,5
3644,Prod Masivo 3644,468.17,108,5
3645,Prod Masivo 3645,318.4,176,6
3646,Prod Masivo 3646,352.82,128,3
3647,Prod Masivo 3647,468.19,49,7
3648,Prod Masivo 3648,391.93,167,1
3649,Prod Masivo 3649,480.96,48,4
3650,Prod Masivo 3650,245.25,40,5
3651,Prod Masivo 3651,82.09,160,5
3652,Prod Masivo 3652,494.02,88,5
3653,Prod Masivo 3653,306.99,121,5
3654,Prod Masivo 3654,180.63,79,6
3655,Prod Masivo 3655,191.07,196,6
3656,Prod Masivo 3656,353.57,178,8
3657,Prod Masivo 3657,241.75,101,7
3658,Prod Masivo 3658,16.74,142,1
3659,Prod Masivo 3659,327.77,171,6
3660,Prod Masivo 3660,150.96,151,5
3661,Prod Masivo 3661,445.0,24,7
3662,Prod Masivo 3662,268.45,128,6
3663,Prod Masivo 3663,346.61,64,8
3664,Prod Masivo 3664,458.53,104,5
3665,Prod Masivo 3665,396.69,145,2
3666,Prod Masivo 3666,367.4,166,6
3667,Prod Masivo 3667,51.87,60,7
3668,Prod Masivo 3668,425.4,191,7
3669,Prod Masivo 3669,461.83,159,3
3670,Prod Masivo 3670,189.13,18,7
3671,Prod Masivo 3671,146.24,44,5
3672,Prod Masivo 3672,197.08,43,6
3673,Prod Masivo 3673,356.42,153,2
3674,Prod Masivo 3674,123.33,131,4
3675,Prod Masivo 3675,45.17,60,4
3676,Prod Masivo 3676,327.7,130,1
3677,Prod Masivo 3677,80.83,161,5
3678,Prod Masivo 3678,259.43,21,7
3679,Prod Masivo 3679,259.59,41,2
3680,Prod Masivo 3680,448.29,53,1
3681,Prod Masivo 3681,162.39,53,1
3682,Prod Masivo 3682,137.03,178,4
3683,Prod Masivo 3683,56.58,114,1
3684,Prod Masivo 3684,23.04,157,6
3685,Prod Masivo 3685,492.51,51,5
3686,Prod Masivo 3686,338.64,47,8
3687,Prod Masivo 3687,406.22,131,7
3688,Prod Masivo 3688,213.99,45,8
3689,Prod Masivo 3689,193.27,18,2
3690,Prod Masivo 3690,222.12,26,2
3691,Prod Masivo 3691,406.6,53,4
3692,Prod Masivo 3692,55.13,83,6
3693,Prod Masivo 3693,341.07,162,7
3694,Prod Masivo 3694,210.3,36,4
3695,Prod Masivo 3695,81.73,124,4
3696,Prod Masivo 3696,215.75,17,7
3697,Prod Masivo 3697,27.54,146,7
3698,Prod Masivo 3698,383.69,21,4
3699,Prod Masivo 3699,78.93,141,6
3700,Prod Masivo 3700,146.45,135,4
3701,Prod Masivo 3701,302.26,156,5
3702,Prod Masivo 3702,476.13,50,8
3703,Prod Masivo 3703,245.45,48,6
3704,Prod Masivo 3704,421.45,22,5
3705,Prod Masivo 3705,361.03,155,3
3706,Prod Masivo 3706,24.85,115,7
3707,Prod Masivo 3707,241.68,145,8
3708,Prod Masivo 3708,202.11,127,2
3709,Prod Masivo 3709,263.84,11,6
3710,Prod Masivo 3710,271.53,41,1
3711,Prod Masivo 3711,60.92,132,3
3712,Prod Masivo 3712,57.51,90,5
3713,Prod Masivo 3713,230.81,195,7
3714,Prod Masivo 3714,407.29,78,4
3715,Prod Masivo 3715,240.62,130,3
3716,Prod Masivo 3716,309.79,41,4
3717,Prod Masivo 3717,366.38,183,2
3718,Prod Masivo 3718,135.54,111,1
3719,Prod Masivo 3719,375.62,53,3
3720,Prod Masivo 3720,196.34,147,1
3721,Prod Masivo 3721,112.78,152,6
3722,Prod Masivo 3722,473.04,84,3
3723,Prod Masivo 3723,449.31,17,6
3724,Prod Masivo 3724,229.39,52,2
3725,Prod Masivo 3725,448.29,114,6
3726,Prod Masivo 3726,212.05,39,2
3727,Prod Masivo 3727,147.6,181,6
3728,Prod Masivo 3728,88.42,161,1
3729,Prod Masivo 3729,42.38,85,7
3730,Prod Masivo 3730,116.02,131,1
3731,Prod Masivo 3731,448.54,184,8
3732,Prod Masivo 3732,316.78,128,5
3733,Prod Masivo 3733,454.22,113,1
3734,Prod Masivo 3734,103.02,90,3
3735,Prod Masivo 3735,183.38,181,6
3736,Prod Masivo 3736,325.64,95,3
3737,Prod Masivo 3737,389.67,158,5
3738,Prod Masivo 3738,124.49,54,4
3739,Prod Masivo 3739,28.65,158,7
3740,Prod Masivo 3740,110.73,143,6
3741,Prod Masivo 3741,159.01,65,2
3742,Prod Masivo 3742,178.32,80,3
3743,Prod Masivo 3743,464.92,60,4
3744,Prod Masivo 3744,260.88,155,7
3745,Prod Masivo 3745,343.33,78,5
3746,Prod Masivo 3746,241.48,41,5
3747,Prod Masivo 3747,165.16,108,3
3748,Prod Masivo 3748,49.52,73,1
3749,Prod Masivo 3749,246.92,194,3
3750,Prod Masivo 3750,100.14,51,7
3751,Prod Masivo 3751,234.52,171,1
3752,Prod Masivo 3752,120.67,158,8
3753,Prod Masivo 3753,243.56,73,1
3754,Prod Masivo 3754,217.97,163,7
3755,Prod Masivo 3755,216.37,133,2
3756,Prod Masivo 3756,308.84,193,2
3757,Prod Masivo 3757,343.24,150,2
3758,Prod Masivo 3758,16.13,110,3
3759,Prod Masivo 3759,46.25,50,4
3760,Prod Masivo 3760,447.8,37,4
3761,Prod Masivo 3761,328.28,39,8
3762,Prod Masivo 3762,336.37,117,7
3763,Prod Masivo 3763,10.18,63,8
3764,Prod Masivo 3764,267.25,60,7
3765,Prod Masivo 3765,79.04,42,7
3766,Prod Masivo 3766,156.89,50,3
3767,Prod Masivo 3767,123.07,85,7
3768,Prod Masivo 3768,176.1,89,7
3769,Prod Masivo 3769,429.63,169,6
3770,Prod Masivo 3770,228.89,119,1
3771,Prod Masivo 3771,410.79,62,4
3772,Prod Masivo 3772,141.29,41,1
3773,Prod Masivo 3773,35.54,13,2
3774,Prod Masivo 3774,275.23,139,7
3775,Prod Masivo 3775,301.75,170,2
3776,Prod Masivo 3776,333.97,112,3
3777,Prod Masivo 3777,123.64,177,6
3778,Prod Masivo 3778,36.33,151,1
3779,Prod Masivo 3779,157.49,56,4
3780,Prod Masivo 3780,62.07,123,3
3781,Prod Masivo 3781,128.98,70,2
3782,Prod Masivo 3782,117.52,194,7
3783,Prod Masivo 3783,157.5,126,3
3784,Prod Masivo 3784,142.13,199,6
3785,Prod Masivo 3785,451.86,65,7
3786,Prod Masivo 3786,166.7,49,7
3787,Prod Masivo 3787,482.94,32,7
3788,Prod Masivo 3788,263.0,30,1
3789,Prod Masivo 3789,140.37,132,5
3790,Prod Masivo 3790,279.59,83,5
3791,Prod Masivo 3791,158.29,183,2
3792,Prod Masivo 3792,238.77,110,1
3793,Prod Masivo 3793,250.07,122,1
3794,Prod Masivo 3794,368.9,136,7
3795,Prod Masivo 3795,214.45,54,1
3796,Prod Masivo 3796,28.41,53,3
3797,Prod Masivo 3797,345.23,88,3
3798,Prod Masivo 3798,99.38,156,2
3799,Prod Masivo 3799,248.86,98,2
3800,Prod Masivo 3800,407.09,162,3
3801,Prod Masivo 3801,51.41,27,4
3802,Prod Masivo 3802,495.36,179,2
3803,Prod Masivo 3803,478.49,143,4
3804,Prod Masivo 3804,20.89,20,6
3805,Prod Masivo 3805,241.22,94,7
3806,Prod Masivo 3806,47.64,148,8
3807,Prod Masivo 3807,355.81,137,5
3808,Prod Masivo 3808,18.48,44,3
3809,Prod Masivo 3809,329.95,123,1
3810,Prod Masivo 3810,112.46,92,5
3811,Prod Masivo 3811,474.93,48,1
3812,Prod Masivo 3812,445.98,130,3
3813,Prod Masivo 3813,354.29,68,3
3814,Prod Masivo 3814,289.71,145,5
3815,Prod Masivo 3815,203.58,125,2
3816,Prod Masivo 3816,471.86,174,5
3817,Prod Masivo 3817,414.2,118,5
3818,Prod Masivo 3818,457.06,80,4
3819,Prod Masivo 3819,358.53,48,6
3820,Prod Masivo 3820,120.46,90,3
3821,Prod Masivo 3821,308.49,175,1
3822,Prod Masivo 3822,258.86,92,6
3823,Prod Masivo 3823,125.72,27,2
3824,Prod Masivo 3824,485.91,147,2
3825,Prod Masivo 3825,336.4,127,7
3826,Prod Masivo 3826,298.88,61,4
3827,Prod Masivo 3827,418.58,86,2
3828,Prod Masivo 3828,403.84,137,2
3829,Prod Masivo 3829,92.29,196,1
3830,Prod Masivo 3830,171.08,78,8
3831,Prod Masivo 3831,233.74,21,2
3832,Prod Masivo 3832,289.23,190,5
3833,Prod Masivo 3833,261.41,48,5
3834,Prod Masivo 3834,453.47,169,3
3835,Prod Masivo 3835,19.32,46,6
3836,Prod Masivo 3836,150.99,96,2
3837,Prod Masivo 3837,181.67,120,5
3838,Prod Masivo 3838,59.92,101,6
3839,Prod Masivo 3839,257.65,135,1
3840,Prod Masivo 3840,434.82,16,4
3841,Prod Masivo 3841,169.34,118,8
3842,Prod Masivo 3842,233.87,47,6
3843,Prod Masivo 3843,249.32,62,8
3844,Prod Masivo 3844,185.43,139,2
3845,Prod Masivo 3845,393.66,91,1
3846,Prod Masivo 3846,146.5,13,3
3847,Prod Masivo 3847,81.89,126,5
3848,Prod Masivo 3848,13.78,70,4
3849,Prod Masivo 3849,353.98,57,2
3850,Prod Masivo 3850,422.62,22,8
3851,Prod Masivo 3851,170.68,150,6
3852,Prod Masivo 3852,290.35,141,8
3853,Prod Masivo 3853,186.29,176,2
3854,Prod Masivo 3854,84.75,129,8
3855,Prod Masivo 3855,153.81,87,3
3856,Prod Masivo 3856,363.19,106,7
3857,Prod Masivo 3857,186.99,158,5
3858,Prod Masivo 3858,156.16,76,1
3859,Prod Masivo 3859,39.27,127,8
3860,Prod Masivo 3860,73.18,155,1
3861,Prod Masivo 3861,332.22,18,7
3862,Prod Masivo 3862,456.29,171,1
3863,Prod Masivo 3863,296.08,54,8
3864,Prod Masivo 3864,63.81,33,7
3865,Prod Masivo 3865,123.77,103,2
3866,Prod Masivo 3866,167.2,145,3
3867,Prod Masivo 3867,466.12,154,6
3868,Prod Masivo 3868,491.73,180,5
3869,Prod Masivo 3869,369.25,177,2
3870,Prod Masivo 3870,112.19,76,8
3871,Prod Masivo 3871,199.22,71,4
3872,Prod Masivo 3872,241.26,119,4
3873,Prod Masivo 3873,302.2,20,3
3874,Prod Masivo 3874,166.77,179,5
3875,Prod Masivo 3875,333.85,13,8
3876,Prod Masivo 3876,16.06,10,3
3877,Prod Masivo 3877,385.97,170,1
3878,Prod Masivo 3878,343.86,106,1
3879,Prod Masivo 3879,362.11,188,2
3880,Prod Masivo 3880,444.81,109,5
3881,Prod Masivo 3881,80.27,79,8
3882,Prod Masivo 3882,56.72,79,3
3883,Prod Masivo 3883,350.59,71,5
3884,Prod Masivo 3884,308.85,55,2
3885,Prod Masivo 3885,90.06,13,2
3886,Prod Masivo 3886,418.5,181,6
3887,Prod Masivo 3887,245.12,153,3
3888,Prod Masivo 3888,46.01,171,1
3889,Prod Masivo 3889,439.64,42,8
3890,Prod Masivo 3890,197.81,167,4
3891,Prod Masivo 3891,448.22,12,7
3892,Prod Masivo 3892,182.56,112,4
3893,Prod Masivo 3893,242.14,157,3
3894,Prod Masivo 3894,367.79,67,6
3895,Prod Masivo 3895,179.93,121,7
3896,Prod Masivo 3896,453.29,115,6
3897,Prod Masivo 3897,174.63,49,4
3898,Prod Masivo 3898,431.69,196,7
3899,Prod Masivo 3899,493.74,139,7
3900,Prod Masivo 3900,418.28,88,5
3901,Prod Masivo 3901,58.85,191,8
3902,Prod Masivo 3902,191.03,62,8
3903,Prod Masivo 3903,427.62,28,3
3904,Prod Masivo 3904,228.55,114,8
3905,Prod Masivo 3905,139.87,142,3
3906,Prod Masivo 3906,295.82,87,6
3907,Prod Masivo 3907,286.91,141,1
3908,Prod Masivo 3908,299.33,109,8
3909,Prod Masivo 3909,272.14,161,5
3910,Prod Masivo 3910,118.3,13,2
3911,Prod Masivo 3911,281.19,153,4
3912,Prod Masivo 3912,139.04,127,4
3913,Prod Masivo 3913,338.84,199,6
3914,Prod Masivo 3914,206.07,24,4
3915,Prod Masivo 3915,404.69,181,6
3916,Prod Masivo 3916,251.62,135,5
3917,Prod Masivo 3917,264.82,57,7
3918,Prod Masivo 3918,419.01,79,1
3919,Prod Masivo 3919,289.14,38,2
3920,Prod Masivo 3920,359.6,66,7
3921,Prod Masivo 3921,322.06,10,5
3922,Prod Masivo 3922,472.64,198,1
3923,Prod Masivo 3923,178.91,142,5
3924,Prod Masivo 3924,178.87,61,1
3925,Prod Masivo 3925,297.35,31,1
3926,Prod Masivo 3926,325.76,167,5
3927,Prod Masivo 3927,497.43,77,2
3928,Prod Masivo 3928,395.8,96,8
3929,Prod Masivo 3929,344.46,125,4
3930,Prod Masivo 3930,50.49,34,3
3931,Prod Masivo 3931,424.96,57,4
3932,Prod Masivo 3932,464.1,88,8
3933,Prod Masivo 3933,403.09,72,4
3934,Prod Masivo 3934,48.3,114,2
3935,Prod Masivo 3935,360.83,188,4
3936,Prod Masivo 3936,102.11,48,1
3937,Prod Masivo 3937,206.57,177,2
3938,Prod Masivo 3938,84.44,191,6
3939,Prod Masivo 3939,97.39,73,2
3940,Prod Masivo 3940,373.76,11,5
3941,Prod Masivo 3941,212.5,129,1
3942,Prod Masivo 3942,398.2,199,6
3943,Prod Masivo 3943,148.83,129,7
3944,Prod Masivo 3944,453.31,108,3
3945,Prod Masivo 3945,385.23,124,8
3946,Prod Masivo 3946,260.09,78,6
3947,Prod Masivo 3947,208.38,123,3
3948,Prod Masivo 3948,124.31,88,2
3949,Prod Masivo 3949,228.69,20,3
3950,Prod Masivo 3950,45.23,166,5
3951,Prod Masivo 3951,450.09,37,5
3952,Prod Masivo 3952,269.54,134,5
3953,Prod Masivo 3953,67.02,100,4
3954,Prod Masivo 3954,85.04,172,1
3955,Prod Masivo 3955,227.96,23,5
3956,Prod Masivo 3956,432.1,71,7
3957,Prod Masivo 3957,177.35,47,1
3958,Prod Masivo 3958,188.71,128,6
3959,Prod Masivo 3959,280.92,105,2
3960,Prod Masivo 3960,349.75,161,8
3961,Prod Masivo 3961,472.45,92,3
3962,Prod Masivo 3962,471.23,172,7
3963,Prod Masivo 3963,97.68,132,5
3964,Prod Masivo 3964,164.22,145,7
3965,Prod Masivo 3965,110.01,167,2
3966,Prod Masivo 3966,99.64,146,2
3967,Prod Masivo 3967,34.63,95,5
3968,Prod Masivo 3968,174.22,76,5
3969,Prod Masivo 3969,167.57,169,3
3970,Prod Masivo 3970,317.6,50,8
3971,Prod Masivo 3971,412.27,195,2
3972,Prod Masivo 3972,91.79,15,8
3973,Prod Masivo 3973,155.1,162,1
3974,Prod Masivo 3974,94.39,137,7
3975,Prod Masivo 3975,11.15,184,4
3976,Prod Masivo 3976,215.1,70,6
3977,Prod Masivo 3977,142.75,100,7
3978,Prod Masivo 3978,301.31,19,1
3979,Prod Masivo 3979,347.31,41,8
3980,Prod Masivo 3980,413.61,167,4
3981,Prod Masivo 3981,59.86,12,1
3982,Prod Masivo 3982,335.33,166,8
3983,Prod Masivo 3983,477.58,122,6
3984,Prod Masivo 3984,319.06,36,7
3985,Prod Masivo 3985,325.73,34,2
3986,Prod Masivo 3986,32.74,18,7
3987,Prod Masivo 3987,69.29,180,7
3988,Prod Masivo 3988,357.03,108,1
3989,Prod Masivo 3989,200.91,21,2
3990,Prod Masivo 3990,192.13,40,6
3991,Prod Masivo 3991,14.57,104,6
3992,Prod Masivo 3992,285.42,40,3
3993,Prod Masivo 3993,416.74,14,7
3994,Prod Masivo 3994,442.79,128,2
3995,Prod Masivo 3995,367.63,27,1
3996,Prod Masivo 3996,366.8,84,2
3997,Prod Masivo 3997,112.17,179,1
3998,Prod Masivo 3998,35.6,130,2
3999,Prod Masivo 3999,181.27,87,1
4000,Prod Masivo 4000,286.44,84,4
4001,Prod Masivo 4001,419.93,78,2
4002,Prod Masivo 4002,499.16,93,4
4003,Prod Masivo 4003,26.61,89,5
4004,Prod Masivo 4004,140.12,23,7
4005,Prod Masivo 4005,479.21,103,3
4006,Prod Masivo 4006,115.65,198,4
4007,Prod Masivo 4007,304.51,53,5
4008,Prod Masivo 4008,245.7,17,3
4009,Prod Masivo 4009,282.2,36,8
4010,Prod Masivo 4010,312.86,179,7
4011,Prod Masivo 4011,447.66,120,6
4012,Prod Masivo 4012,357.56,174,4
4013,Prod Masivo 4013,164.38,61,6
4014,Prod Masivo 4014,327.4,12,5
4015,Prod Masivo 4015,246.6,13,1
4016,Prod Masivo 4016,179.35,180,2
4017,Prod Masivo 4017,369.79,43,6
4018,Prod Masivo 4018,442.6,32,6
4019,Prod Masivo 4019,152.68,140,3
4020,Prod Masivo 4020,240.24,11,3
4021,Prod Masivo 4021,76.55,159,7
4022,Prod Masivo 4022,189.59,186,2
4023,Prod Masivo 4023,67.55,39,7
4024,Prod Masivo 4024,305.57,65,5
4025,Prod Masivo 4025,350.71,75,1
4026,Prod Masivo 4026,417.19,158,3
4027,Prod Masivo 4027,137.25,92,4
4028,Prod Masivo 4028,243.47,142,1
4029,Prod Masivo 4029,248.88,140,5
4030,Prod Masivo 4030,301.62,18,5
4031,Prod Masivo 4031,398.67,157,1
4032,Prod Masivo 4032,480.21,96,7
4033,Prod Masivo 4033,184.62,111,1
4034,Prod Masivo 4034,485.0,88,7
4035,Prod Masivo 4035,143.86,179,8
4036,Prod Masivo 4036,336.37,23,7
4037,Prod Masivo 4037,54.97,197,3
4038,Prod Masivo 4038,151.22,98,2
4039,Prod Masivo 4039,226.65,180,1
4040,Prod Masivo 4040,442.86,96,6
4041,Prod Masivo 4041,256.8,80,3
4042,Prod Masivo 4042,159.29,189,4
4043,Prod Masivo 4043,10.18,99,3
4044,Prod Masivo 4044,178.77,81,5
4045,Prod Masivo 4045,285.22,14,7
4046,Prod Masivo 4046,413.43,66,6
4047,Prod Masivo 4047,350.73,141,2
4048,Prod Masivo 4048,327.32,199,4
4049,Prod Masivo 4049,323.6,69,7
4050,Prod Masivo 4050,481.13,189,8
4051,Prod Masivo 4051,205.18,14,1
4052,Prod Masivo 4052,401.35,177,6
4053,Prod Masivo 4053,307.08,81,1
4054,Prod Masivo 4054,47.95,21,5
4055,Prod Masivo 4055,197.87,130,6
4056,Prod Masivo 4056,28.25,14,6
4057,Prod Masivo 4057,49.38,180,5
4058,Prod Masivo 4058,160.0,189,7
4059,Prod Masivo 4059,458.09,81,3
4060,Prod Masivo 4060,111.94,131,3
4061,Prod Masivo 4061,81.39,24,6
4062,Prod Masivo 4062,133.31,148,2
4063,Prod Masivo 4063,307.25,139,7
4064,Prod Masivo 4064,380.44,172,3
4065,Prod Masivo 4065,353.36,95,5
4066,Prod Masivo 4066,92.55,119,8
4067,Prod Masivo 4067,363.91,199,6
4068,Prod Masivo 4068,199.71,15,2
4069,Prod Masivo 4069,197.26,116,1
4070,Prod Masivo 4070,348.15,194,1
4071,Prod Masivo 4071,146.21,136,3
4072,Prod Masivo 4072,94.5,127,8
4073,Prod Masivo 4073,431.39,86,2
4074,Prod Masivo 4074,394.03,41,7
4075,Prod Masivo 4075,284.61,24,2
4076,Prod Masivo 4076,244.73,29,2
4077,Prod Masivo 4077,29.81,159,4
4078,Prod Masivo 4078,356.79,141,5
4079,Prod Masivo 4079,156.22,88,6
4080,Prod Masivo 4080,80.46,63,1
4081,Prod Masivo 4081,211.05,63,2
4082,Prod Masivo 4082,391.07,92,3
4083,Prod Masivo 4083,130.8,141,5
4084,Prod Masivo 4084,418.96,24,6
4085,Prod Masivo 4085,468.9,195,3
4086,Prod Masivo 4086,97.62,117,5
4087,Prod Masivo 4087,359.44,17,4
4088,Prod Masivo 4088,96.07,23,8
4089,Prod Masivo 4089,93.51,137,4
4090,Prod Masivo 4090,339.55,133,1
4091,Prod Masivo 4091,57.47,106,7
4092,Prod Masivo 4092,367.98,145,7
4093,Prod Masivo 4093,269.08,113,6
4094,Prod Masivo 4094,115.08,166,3
4095,Prod Masivo 4095,197.98,140,1
4096,Prod Masivo 4096,111.94,123,3
4097,Prod Masivo 4097,192.76,198,1
4098,Prod Masivo 4098,468.68,105,6
4099,Prod Masivo 4099,263.89,43,8
4100,Prod Masivo 4100,330.37,65,2
4101,Prod Masivo 4101,401.02,151,7
4102,Prod Masivo 4102,188.28,115,5
4103,Prod Masivo 4103,241.18,173,1
4104,Prod Masivo 4104,333.78,113,2
4105,Prod Masivo 4105,390.17,103,5
4106,Prod Masivo 4106,462.94,135,1
4107,Prod Masivo 4107,127.72,34,4
4108,Prod Masivo 4108,168.52,172,1
4109,Prod Masivo 4109,482.9,150,2
4110,Prod Masivo 4110,466.21,50,1
4111,Prod Masivo 4111,491.57,102,7
4112,Prod Masivo 4112,134.93,41,6
4113,Prod Masivo 4113,48.27,132,3
4114,Prod Masivo 4114,178.39,91,7
4115,Prod Masivo 4115,45.81,73,3
4116,Prod Masivo 4116,499.43,180,4
4117,Prod Masivo 4117,414.65,127,2
4118,Prod Masivo 4118,249.78,21,6
4119,Prod Masivo 4119,177.86,52,2
4120,Prod Masivo 4120,67.39,128,1
4121,Prod Masivo 4121,267.87,26,4
4122,Prod Masivo 4122,220.72,192,4
4123,Prod Masivo 4123,42.2,80,3
4124,Prod Masivo 4124,78.47,106,7
4125,Prod Masivo 4125,450.99,137,2
4126,Prod Masivo 4126,233.28,61,8
4127,Prod Masivo 4127,314.33,70,1
4128,Prod Masivo 4128,113.98,139,3
4129,Prod Masivo 4129,93.26,186,3
4130,Prod Masivo 4130,382.36,79,4
4131,Prod Masivo 4131,313.08,98,8
4132,Prod Masivo 4132,189.39,36,2
4133,Prod Masivo 4133,495.56,61,6
4134,Prod Masivo 4134,474.86,62,5
4135,Prod Masivo 4135,477.51,196,8
4136,Prod Masivo 4136,300.82,68,1
4137,Prod Masivo 4137,434.14,97,6
4138,Prod Masivo 4138,25.98,149,4
4139,Prod Masivo 4139,21.48,179,6
4140,Prod Masivo 4140,450.46,166,7
4141,Prod Masivo 4141,124.07,37,7
4142,Prod Masivo 4142,241.22,144,3
4143,Prod Masivo 4143,226.57,70,8
4144,Prod Masivo 4144,353.42,115,6
4145,Prod Masivo 4145,446.42,38,5
4146,Prod Masivo 4146,361.51,38,6
4147,Prod Masivo 4147,434.89,72,4
4148,Prod Masivo 4148,233.16,120,4
4149,Prod Masivo 4149,273.85,44,1
4150,Prod Masivo 4150,140.58,27,8
4151,Prod Masivo 4151,281.49,34,3
4152,Prod Masivo 4152,120.95,188,1
4153,Prod Masivo 4153,366.36,122,4
4154,Prod Masivo 4154,209.57,10,8
4155,Prod Masivo 4155,474.49,196,3
4156,Prod Masivo 4156,285.51,28,7
4157,Prod Masivo 4157,134.95,47,4
4158,Prod Masivo 4158,203.35,178,8
4159,Prod Masivo 4159,173.66,177,1
4160,Prod Masivo 4160,345.5,130,2
4161,Prod Masivo 4161,44.84,166,1
4162,Prod Masivo 4162,242.74,74,2
4163,Prod Masivo 4163,334.98,177,5
4164,Prod Masivo 4164,407.8,30,4
4165,Prod Masivo 4165,333.32,200,3
4166,Prod Masivo 4166,156.09,64,7
4167,Prod Masivo 4167,234.29,14,5
4168,Prod Masivo 4168,411.72,48,7
4169,Prod Masivo 4169,463.01,83,4
4170,Prod Masivo 4170,390.4,118,7
4171,Prod Masivo 4171,87.61,50,4
4172,Prod Masivo 4172,280.36,149,7
4173,Prod Masivo 4173,258.82,24,7
4174,Prod Masivo 4174,344.01,133,2
4175,Prod Masivo 4175,128.43,62,7
4176,Prod Masivo 4176,227.09,137,8
4177,Prod Masivo 4177,215.69,54,5
4178,Prod Masivo 4178,261.36,30,8
4179,Prod Masivo 4179,253.44,89,5
4180,Prod Masivo 4180,166.35,47,3
4181,Prod Masivo 4181,97.84,87,3
4182,Prod Masivo 4182,294.5,194,4
4183,Prod Masivo 4183,322.15,55,5
4184,Prod Masivo 4184,325.28,191,5
4185,Prod Masivo 4185,222.14,176,7
4186,Prod Masivo 4186,277.48,126,4
4187,Prod Masivo 4187,134.21,192,3
4188,Prod Masivo 4188,307.39,38,3
4189,Prod Masivo 4189,314.34,39,1
4190,Prod Masivo 4190,100.99,29,3
4191,Prod Masivo 4191,404.57,182,1
4192,Prod Masivo 4192,409.74,52,7
4193,Prod Masivo 4193,96.33,110,2
4194,Prod Masivo 4194,486.03,98,3
4195,Prod Masivo 4195,447.21,139,6
4196,Prod Masivo 4196,176.3,42,1
4197,Prod Masivo 4197,159.88,188,5
4198,Prod Masivo 4198,80.53,108,6
4199,Prod Masivo 4199,118.72,196,6
4200,Prod Masivo 4200,398.93,115,3
4201,Prod Masivo 4201,40.03,23,2
4202,Prod Masivo 4202,72.63,64,1
4203,Prod Masivo 4203,106.57,46,7
4204,Prod Masivo 4204,238.37,196,5
4205,Prod Masivo 4205,471.71,38,5
4206,Prod Masivo 4206,206.02,185,7
4207,Prod Masivo 4207,319.68,48,8
4208,Prod Masivo 4208,143.59,65,7
4209,Prod Masivo 4209,236.78,176,3
4210,Prod Masivo 4210,367.56,48,6
4211,Prod Masivo 4211,81.12,50,6
4212,Prod Masivo 4212,145.08,89,5
4213,Prod Masivo 4213,321.83,46,5
4214,Prod Masivo 4214,146.72,111,3
4215,Prod Masivo 4215,381.39,70,2
4216,Prod Masivo 4216,53.15,14,3
4217,Prod Masivo 4217,148.5,103,6
4218,Prod Masivo 4218,58.61,98,3
4219,Prod Masivo 4219,308.86,159,7
4220,Prod Masivo 4220,209.52,110,7
4221,Prod Masivo 4221,169.83,139,3
4222,Prod Masivo 4222,168.75,119,4
4223,Prod Masivo 4223,206.41,47,4
4224,Prod Masivo 4224,127.14,23,1
4225,Prod Masivo 4225,19.44,171,7
4226,Prod Masivo 4226,443.58,92,8
4227,Prod Masivo 4227,135.19,10,8
4228,Prod Masivo 4228,203.56,93,8
4229,Prod Masivo 4229,293.24,144,3
4230,Prod Masivo 4230,61.5,188,7
4231,Prod Masivo 4231,223.2,78,8
4232,Prod Masivo 4232,12.56,165,8
4233,Prod Masivo 4233,176.72,183,5
4234,Prod Masivo 4234,412.24,36,1
4235,Prod Masivo 4235,161.72,131,2
4236,Prod Masivo 4236,254.84,191,5
4237,Prod Masivo 4237,449.13,123,4
4238,Prod Masivo 4238,77.45,75,2
4239,Prod Masivo 4239,216.92,104,5
4240,Prod Masivo 4240,114.26,180,7
4241,Prod Masivo 4241,420.49,106,7
4242,Prod Masivo 4242,483.11,78,3
4243,Prod Masivo 4243,292.44,116,8
4244,Prod Masivo 4244,332.2,133,4
4245,Prod Masivo 4245,302.05,68,8
4246,Prod Masivo 4246,39.3,132,3
4247,Prod Masivo 4247,498.35,97,1
4248,Prod Masivo 4248,451.0,77,5
4249,Prod Masivo 4249,85.71,63,8
4250,Prod Masivo 4250,219.91,118,7
4251,Prod Masivo 4251,180.65,27,6
4252,Prod Masivo 4252,263.58,145,4
4253,Prod Masivo 4253,399.35,15,4
4254,Prod Masivo 4254,85.4,138,1
4255,Prod Masivo 4255,178.04,86,6
4256,Prod Masivo 4256,495.76,169,1
4257,Prod Masivo 4257,372.06,58,1
4258,Prod Masivo 4258,52.6,192,1
4259,Prod Masivo 4259,93.61,124,6
4260,Prod Masivo 4260,453.45,137,1
4261,Prod Masivo 4261,44.84,188,3
4262,Prod Masivo 4262,401.42,38,7
4263,Prod Masivo 4263,267.83,95,8
4264,Prod Masivo 4264,495.22,113,4
4265,Prod Masivo 4265,162.09,15,7
4266,Prod Masivo 4266,293.64,61,2
4267,Prod Masivo 4267,30.68,178,3
4268,Prod Masivo 4268,187.47,22,7
4269,Prod Masivo 4269,392.8,128,2
4270,Prod Masivo 4270,290.35,135,1
4271,Prod Masivo 4271,499.62,98,1
4272,Prod Masivo 4272,62.88,56,1
4273,Prod Masivo 4273,355.13,161,3
4274,Prod Masivo 4274,194.1,90,7
4275,Prod Masivo 4275,493.7,49,2
4276,Prod Masivo 4276,456.51,105,1
4277,Prod Masivo 4277,38.77,188,5
4278,Prod Masivo 4278,217.27,196,1
4279,Prod Masivo 4279,425.75,89,2
4280,Prod Masivo 4280,270.72,133,6
4281,Prod Masivo 4281,198.07,100,3
4282,Prod Masivo 4282,230.02,56,1
4283,Prod Masivo 4283,350.54,137,5
4284,Prod Masivo 4284,323.17,192,3
4285,Prod Masivo 4285,431.72,65,5
4286,Prod Masivo 4286,254.28,89,1
4287,Prod Masivo 4287,79.81,97,4
4288,Prod Masivo 4288,186.12,188,2
4289,Prod Masivo 4289,393.82,101,7
4290,Prod Masivo 4290,59.52,128,1
4291,Prod Masivo 4291,253.36,43,1
4292,Prod Masivo 4292,311.78,59,5
4293,Prod Masivo 4293,457.22,61,1
4294,Prod Masivo 4294,141.05,12,3
4295,Prod Masivo 4295,99.4,158,4
4296,Prod Masivo 4296,487.99,96,3
4297,Prod Masivo 4297,32.69,112,2
4298,Prod Masivo 4298,47.96,79,6
4299,Prod Masivo 4299,194.12,144,3
4300,Prod Masivo 4300,321.41,189,4
4301,Prod Masivo 4301,232.19,146,7
4302,Prod Masivo 4302,215.59,146,6
4303,Prod Masivo 4303,292.02,44,5
4304,Prod Masivo 4304,148.57,32,5
4305,Prod Masivo 4305,61.24,102,8
4306,Prod Masivo 4306,243.45,115,7
4307,Prod Masivo 4307,57.42,124,5
4308,Prod Masivo 4308,179.73,83,8
4309,Prod Masivo 4309,226.47,44,5
4310,Prod Masivo 4310,270.3,55,5
4311,Prod Masivo 4311,350.74,18,5
4312,Prod Masivo 4312,380.2,108,7
4313,Prod Masivo 4313,368.94,95,4
4314,Prod Masivo 4314,19.36,93,5
4315,Prod Masivo 4315,443.1,18,7
4316,Prod Masivo 4316,495.26,175,8
4317,Prod Masivo 4317,253.43,73,6
4318,Prod Masivo 4318,135.46,82,8
4319,Prod Masivo 4319,219.61,91,4
4320,Prod Masivo 4320,54.51,151,8
4321,Prod Masivo 4321,269.86,172,3
4322,Prod Masivo 4322,220.77,31,2
4323,Prod Masivo 4323,218.37,81,2
4324,Prod Masivo 4324,115.56,157,5
4325,Prod Masivo 4325,163.12,123,2
4326,Prod Masivo 4326,200.8,59,1
4327,Prod Masivo 4327,319.94,166,2
4328,Prod Masivo 4328,337.61,18,1
4329,Prod Masivo 4329,154.41,86,6
4330,Prod Masivo 4330,70.2,31,7
4331,Prod Masivo 4331,83.64,73,1
4332,Prod Masivo 4332,61.85,138,8
4333,Prod Masivo 4333,212.45,96,3
4334,Prod Masivo 4334,456.11,92,3
4335,Prod Masivo 4335,484.54,153,6
4336,Prod Masivo 4336,156.7,38,7
4337,Prod Masivo 4337,178.12,37,1
4338,Prod Masivo 4338,196.05,193,3
4339,Prod Masivo 4339,345.43,105,1
4340,Prod Masivo 4340,146.16,54,1
4341,Prod Masivo 4341,470.05,43,3
4342,Prod Masivo 4342,339.54,183,6
4343,Prod Masivo 4343,33.65,162,1
4344,Prod Masivo 4344,394.12,94,4
4345,Prod Masivo 4345,24.46,38,1
4346,Prod Masivo 4346,276.4,185,1
4347,Prod Masivo 4347,205.97,160,7
4348,Prod Masivo 4348,40.29,44,8
4349,Prod Masivo 4349,360.65,153,5
4350,Prod Masivo 4350,157.54,62,1
4351,Prod Masivo 4351,457.14,165,7
4352,Prod Masivo 4352,473.28,27,7
4353,Prod Masivo 4353,370.17,126,5
4354,Prod Masivo 4354,141.48,15,1
4355,Prod Masivo 4355,92.58,193,7
4356,Prod Masivo 4356,487.01,172,7
4357,Prod Masivo 4357,262.18,84,1
4358,Prod Masivo 4358,210.29,175,1
4359,Prod Masivo 4359,39.88,120,3
4360,Prod Masivo 4360,219.36,116,6
4361,Prod Masivo 4361,32.64,199,1
4362,Prod Masivo 4362,252.6,43,3
4363,Prod Masivo 4363,476.82,69,7
4364,Prod Masivo 4364,75.51,196,5
4365,Prod Masivo 4365,80.6,128,8
4366,Prod Masivo 4366,378.83,165,2
4367,Prod Masivo 4367,164.33,98,6
4368,Prod Masivo 4368,199.07,93,4
4369,Prod Masivo 4369,65.78,167,2
4370,Prod Masivo 4370,493.69,182,7
4371,Prod Masivo 4371,41.39,108,6
4372,Prod Masivo 4372,404.79,20,1
4373,Prod Masivo 4373,73.29,186,8
4374,Prod Masivo 4374,414.54,132,2
4375,Prod Masivo 4375,61.44,18,4
4376,Prod Masivo 4376,27.1,127,7
4377,Prod Masivo 4377,461.11,124,2
4378,Prod Masivo 4378,46.99,102,2
4379,Prod Masivo 4379,68.39,171,4
4380,Prod Masivo 4380,23.42,68,5
4381,Prod Masivo 4381,443.23,57,6
4382,Prod Masivo 4382,119.78,162,5
4383,Prod Masivo 4383,202.46,20,1
4384,Prod Masivo 4384,353.23,155,5
4385,Prod Masivo 4385,471.3,171,6
4386,Prod Masivo 4386,203.15,191,7
4387,Prod Masivo 4387,114.19,21,2
4388,Prod Masivo 4388,167.71,120,4
4389,Prod Masivo 4389,315.93,119,8
4390,Prod Masivo 4390,252.99,81,4
4391,Prod Masivo 4391,132.82,43,6
4392,Prod Masivo 4392,337.06,32,6
4393,Prod Masivo 4393,190.36,141,1
4394,Prod Masivo 4394,143.09,23,1
4395,Prod Masivo 4395,441.52,150,1
4396,Prod Masivo 4396,50.35,76,3
4397,Prod Masivo 4397,112.21,72,6
4398,Prod Masivo 4398,379.28,147,7
4399,Prod Masivo 4399,84.46,195,7
4400,Prod Masivo 4400,260.78,19,3
4401,Prod Masivo 4401,210.81,70,8
4402,Prod Masivo 4402,72.45,192,3
4403,Prod Masivo 4403,401.68,169,6
4404,Prod Masivo 4404,349.58,156,4
4405,Prod Masivo 4405,195.62,149,4
4406,Prod Masivo 4406,244.67,78,5
4407,Prod Masivo 4407,54.42,151,2
4408,Prod Masivo 4408,276.99,169,3
4409,Prod Masivo 4409,212.4,154,6
4410,Prod Masivo 4410,270.08,66,6
4411,Prod Masivo 4411,227.68,146,3
4412,Prod Masivo 4412,443.2,97,1
4413,Prod Masivo 4413,285.8,134,2
4414,Prod Masivo 4414,164.19,115,5
4415,Prod Masivo 4415,143.27,156,5
4416,Prod Masivo 4416,467.16,79,1
4417,Prod Masivo 4417,479.9,25,8
4418,Prod Masivo 4418,394.52,186,4
4419,Prod Masivo 4419,225.73,122,8
4420,Prod Masivo 4420,457.02,56,6
4421,Prod Masivo 4421,122.61,170,4
4422,Prod Masivo 4422,67.08,176,8
4423,Prod Masivo 4423,72.98,105,5
4424,Prod Masivo 4424,163.57,105,2
4425,Prod Masivo 4425,451.08,193,4
4426,Prod Masivo 4426,218.29,150,8
4427,Prod Masivo 4427,232.52,103,1
4428,Prod Masivo 4428,25.59,74,5
4429,Prod Masivo 4429,322.87,149,2
4430,Prod Masivo 4430,199.61,174,1
4431,Prod Masivo 4431,217.68,128,3
4432,Prod Masivo 4432,38.82,69,6
4433,Prod Masivo 4433,449.03,38,4
4434,Prod Masivo 4434,291.82,52,8
4435,Prod Masivo 4435,141.35,145,3
4436,Prod Masivo 4436,382.73,102,6
4437,Prod Masivo 4437,169.16,182,6
4438,Prod Masivo 4438,108.95,137,4
4439,Prod Masivo 4439,90.68,101,5
4440,Prod Masivo 4440,101.78,96,6
4441,Prod Masivo 4441,452.21,119,3
4442,Prod Masivo 4442,196.27,124,6
4443,Prod Masivo 4443,179.23,165,7
4444,Prod Masivo 4444,260.38,40,1
4445,Prod Masivo 4445,85.3,10,8
4446,Prod Masivo 4446,107.46,199,8
4447,Prod Masivo 4447,405.2,190,8
4448,Prod Masivo 4448,120.35,112,2
4449,Prod Masivo 4449,61.39,56,8
4450,Prod Masivo 4450,389.44,11,7
4451,Prod Masivo 4451,340.42,31,5
4452,Prod Masivo 4452,374.64,38,5
4453,Prod Masivo 4453,383.56,179,7
4454,Prod Masivo 4454,345.99,41,3
4455,Prod Masivo 4455,19.46,155,4
4456,Prod Masivo 4456,65.76,23,8
4457,Prod Masivo 4457,343.09,109,2
4458,Prod Masivo 4458,454.57,96,5
4459,Prod Masivo 4459,281.63,19,3
4460,Prod Masivo 4460,365.28,53,6
4461,Prod Masivo 4461,395.49,17,7
4462,Prod Masivo 4462,254.69,106,8
4463,Prod Masivo 4463,48.2,124,1
4464,Prod Masivo 4464,431.84,77,3
4465,Prod Masivo 4465,430.62,77,5
4466,Prod Masivo 4466,476.44,174,2
4467,Prod Masivo 4467,330.93,69,7
4468,Prod Masivo 4468,360.08,113,8
4469,Prod Masivo 4469,273.23,159,4
4470,Prod Masivo 4470,152.82,49,3
4471,Prod Masivo 4471,238.22,176,3
4472,Prod Masivo 4472,37.04,30,6
4473,Prod Masivo 4473,480.96,22,8
4474,Prod Masivo 4474,246.28,91,1
4475,Prod Masivo 4475,232.61,149,7
4476,Prod Masivo 4476,324.1,29,2
4477,Prod Masivo 4477,465.4,126,4
4478,Prod Masivo 4478,468.76,13,4
4479,Prod Masivo 4479,16.16,87,3
4480,Prod Masivo 4480,380.04,80,8
4481,Prod Masivo 4481,70.1,194,6
4482,Prod Masivo 4482,290.74,199,1
4483,Prod Masivo 4483,308.38,110,3
4484,Prod Masivo 4484,255.45,146,7
4485,Prod Masivo 4485,235.4,37,8
4486,Prod Masivo 4486,405.91,39,4
4487,Prod Masivo 4487,374.86,162,1
4488,Prod Masivo 4488,215.58,21,4
4489,Prod Masivo 4489,241.29,136,2
4490,Prod Masivo 4490,123.46,77,8
4491,Prod Masivo 4491,62.15,154,7
4492,Prod Masivo 4492,416.34,38,5
4493,Prod Masivo 4493,206.4,168,7
4494,Prod Masivo 4494,395.73,33,4
4495,Prod Masivo 4495,193.76,52,2
4496,Prod Masivo 4496,331.25,22,3
4497,Prod Masivo 4497,421.97,13,7
4498,Prod Masivo 4498,411.79,18,8
4499,Prod Masivo 4499,412.02,169,4
4500,Prod Masivo 4500,487.05,97,8
4501,Prod Masivo 4501,112.54,35,5
4502,Prod Masivo 4502,51.76,101,8
4503,Prod Masivo 4503,299.62,150,1
4504,Prod Masivo 4504,205.28,60,3
4505,Prod Masivo 4505,275.98,24,8
4506,Prod Masivo 4506,322.22,156,6
4507,Prod Masivo 4507,245.67,61,3
4508,Prod Masivo 4508,317.63,173,1
4509,Prod Masivo 4509,358.99,81,2
4510,Prod Masivo 4510,385.36,36,4
4511,Prod Masivo 4511,46.3,147,6
4512,Prod Masivo 4512,296.47,136,4
4513,Prod Masivo 4513,212.96,93,5
4514,Prod Masivo 4514,81.74,14,8
4515,Prod Masivo 4515,172.88,130,2
4516,Prod Masivo 4516,202.11,14,6
4517,Prod Masivo 4517,286.24,137,4
4518,Prod Masivo 4518,498.92,152,5
4519,Prod Masivo 4519,410.06,137,8
4520,Prod Masivo 4520,235.67,91,6
4521,Prod Masivo 4521,293.48,180,1
4522,Prod Masivo 4522,437.85,71,6
4523,Prod Masivo 4523,17.4,81,3
4524,Prod Masivo 4524,174.33,43,8
4525,Prod Masivo 4525,16.55,140,2
4526,Prod Masivo 4526,23.25,88,7
4527,Prod Masivo 4527,159.09,126,3
4528,Prod Masivo 4528,70.93,71,1
4529,Prod Masivo 4529,211.91,151,8
4530,Prod Masivo 4530,320.11,101,1
4531,Prod Masivo 4531,336.26,86,7
4532,Prod Masivo 4532,427.64,194,7
4533,Prod Masivo 4533,226.89,80,5
4534,Prod Masivo 4534,380.89,96,4
4535,Prod Masivo 4535,89.3,198,1
4536,Prod Masivo 4536,165.79,160,6
4537,Prod Masivo 4537,435.96,12,5
4538,Prod Masivo 4538,385.83,80,3
4539,Prod Masivo 4539,419.12,173,6
4540,Prod Masivo 4540,76.69,47,4
4541,Prod Masivo 4541,453.02,66,1
4542,Prod Masivo 4542,270.54,133,3
4543,Prod Masivo 4543,170.21,120,2
4544,Prod Masivo 4544,23.52,191,1
4545,Prod Masivo 4545,270.59,180,3
4546,Prod Masivo 4546,493.31,138,2
4547,Prod Masivo 4547,381.73,106,1
4548,Prod Masivo 4548,101.62,61,3
4549,Prod Masivo 4549,468.32,98,7
4550,Prod Masivo 4550,335.43,57,8
4551,Prod Masivo 4551,49.42,181,5
4552,Prod Masivo 4552,180.89,125,8
4553,Prod Masivo 4553,426.94,36,5
4554,Prod Masivo 4554,129.3,161,5
4555,Prod Masivo 4555,59.72,95,1
4556,Prod Masivo 4556,441.84,44,4
4557,Prod Masivo 4557,37.96,29,6
4558,Prod Masivo 4558,318.76,95,5
4559,Prod Masivo 4559,358.0,99,6
4560,Prod Masivo 4560,244.2,192,5
4561,Prod Masivo 4561,410.6,136,6
4562,Prod Masivo 4562,95.16,123,1
4563,Prod Masivo 4563,491.93,26,5
4564,Prod Masivo 4564,291.32,184,5
4565,Prod Masivo 4565,183.64,152,7
4566,Prod Masivo 4566,429.29,188,6
4567,Prod Masivo 4567,78.44,200,8
4568,Prod Masivo 4568,387.57,61,4
4569,Prod Masivo 4569,262.69,145,6
4570,Prod Masivo 4570,477.19,109,7
4571,Prod Masivo 4571,336.39,104,4
4572,Prod Masivo 4572,222.72,181,4
4573,Prod Masivo 4573,377.33,45,5
4574,Prod Masivo 4574,408.83,40,6
4575,Prod Masivo 4575,270.69,51,5
4576,Prod Masivo 4576,211.37,171,8
4577,Prod Masivo 4577,119.27,74,8
4578,Prod Masivo 4578,123.08,126,2
4579,Prod Masivo 4579,474.78,171,6
4580,Prod Masivo 4580,71.97,100,3
4581,Prod Masivo 4581,130.84,149,2
4582,Prod Masivo 4582,158.1,140,2
4583,Prod Masivo 4583,174.62,17,3
4584,Prod Masivo 4584,317.16,32,2
4585,Prod Masivo 4585,433.97,57,7
4586,Prod Masivo 4586,78.98,82,6
4587,Prod Masivo 4587,106.45,74,5
4588,Prod Masivo 4588,68.3,33,5
4589,Prod Masivo 4589,466.64,134,6
4590,Prod Masivo 4590,399.59,134,1
4591,Prod Masivo 4591,48.09,146,3
4592,Prod Masivo 4592,188.23,60,1
4593,Prod Masivo 4593,330.28,46,5
4594,Prod Masivo 4594,455.17,89,6
4595,Prod Masivo 4595,193.19,121,1
4596,Prod Masivo 4596,314.19,166,3
4597,Prod Masivo 4597,322.01,16,3
4598,Prod Masivo 4598,180.07,171,6
4599,Prod Masivo 4599,465.0,80,4
4600,Prod Masivo 4600,194.92,113,4
4601,Prod Masivo 4601,440.18,16,6
4602,Prod Masivo 4602,59.65,120,4
4603,Prod Masivo 4603,89.16,80,6
4604,Prod Masivo 4604,470.37,155,5
4605,Prod Masivo 4605,221.56,180,1
4606,Prod Masivo 4606,166.61,68,4
4607,Prod Masivo 4607,444.75,11,6
4608,Prod Masivo 4608,394.26,176,1
4609,Prod Masivo 4609,150.23,153,4
4610,Prod Masivo 4610,484.07,146,3
4611,Prod Masivo 4611,192.73,176,6
4612,Prod Masivo 4612,227.77,98,1
4613,Prod Masivo 4613,456.02,140,5
4614,Prod Masivo 4614,129.43,147,5
4615,Prod Masivo 4615,357.44,74,4
4616,Prod Masivo 4616,441.81,184,4
4617,Prod Masivo 4617,130.05,100,5
4618,Prod Masivo 4618,437.05,179,7
4619,Prod Masivo 4619,199.16,64,4
4620,Prod Masivo 4620,66.0,141,7
4621,Prod Masivo 4621,14.48,17,4
4622,Prod Masivo 4622,327.98,91,5
4623,Prod Masivo 4623,260.16,108,1
4624,Prod Masivo 4624,318.23,186,1
4625,Prod Masivo 4625,206.53,144,1
4626,Prod Masivo 4626,403.18,100,7
4627,Prod Masivo 4627,459.98,12,6
4628,Prod Masivo 4628,10.83,36,3
4629,Prod Masivo 4629,275.34,29,8
4630,Prod Masivo 4630,372.39,163,3
4631,Prod Masivo 4631,144.2,189,4
4632,Prod Masivo 4632,335.22,133,2
4633,Prod Masivo 4633,97.43,34,5
4634,Prod Masivo 4634,352.04,167,7
4635,Prod Masivo 4635,380.4,175,7
4636,Prod Masivo 4636,207.2,111,7
4637,Prod Masivo 4637,270.1,87,1
4638,Prod Masivo 4638,333.42,56,1
4639,Prod Masivo 4639,76.38,161,8
4640,Prod Masivo 4640,366.68,88,5
4641,Prod Masivo 4641,344.29,192,5
4642,Prod Masivo 4642,290.47,179,4
4643,Prod Masivo 4643,63.84,65,3
4644,Prod Masivo 4644,248.47,163,2
4645,Prod Masivo 4645,80.43,75,4
4646,Prod Masivo 4646,238.37,143,6
4647,Prod Masivo 4647,456.34,124,4
4648,Prod Masivo 4648,159.77,41,4
4649,Prod Masivo 4649,130.88,49,3
4650,Prod Masivo 4650,263.58,102,6
4651,Prod Masivo 4651,432.41,20,7
4652,Prod Masivo 4652,238.45,37,2
4653,Prod Masivo 4653,175.34,25,8
4654,Prod Masivo 4654,230.83,45,8
4655,Prod Masivo 4655,259.97,31,7
4656,Prod Masivo 4656,273.85,163,7
4657,Prod Masivo 4657,398.57,64,8
4658,Prod Masivo 4658,223.85,173,5
4659,Prod Masivo 4659,482.34,70,7
4660,Prod Masivo 4660,339.84,65,3
4661,Prod Masivo 4661,487.09,192,5
4662,Prod Masivo 4662,192.74,13,7
4663,Prod Masivo 4663,455.78,51,7
4664,Prod Masivo 4664,270.51,78,2
4665,Prod Masivo 4665,349.65,98,1
4666,Prod Masivo 4666,133.52,79,3
4667,Prod Masivo 4667,58.56,193,2
4668,Prod Masivo 4668,253.84,11,6
4669,Prod Masivo 4669,54.73,180,6
4670,Prod Masivo 4670,263.24,110,2
4671,Prod Masivo 4671,159.37,136,7
4672,Prod Masivo 4672,336.09,137,2
4673,Prod Masivo 4673,132.93,113,3
4674,Prod Masivo 4674,85.07,82,2
4675,Prod Masivo 4675,330.98,74,5
4676,Prod Masivo 4676,214.17,22,6
4677,Prod Masivo 4677,62.46,131,7
4678,Prod Masivo 4678,409.82,157,3
4679,Prod Masivo 4679,64.88,42,6
4680,Prod Masivo 4680,16.11,75,3
4681,Prod Masivo 4681,426.09,149,1
4682,Prod Masivo 4682,372.74,144,3
4683,Prod Masivo 4683,443.13,137,2
4684,Prod Masivo 4684,357.42,125,8
4685,Prod Masivo 4685,360.21,106,7
4686,Prod Masivo 4686,308.75,41,1
4687,Prod Masivo 4687,220.45,81,1
4688,Prod Masivo 4688,196.53,120,5
4689,Prod Masivo 4689,112.88,188,7
4690,Prod Masivo 4690,219.44,91,8
4691,Prod Masivo 4691,18.59,61,3
4692,Prod Masivo 4692,294.63,87,7
4693,Prod Masivo 4693,165.81,83,1
4694,Prod Masivo 4694,290.37,30,1
4695,Prod Masivo 4695,70.41,125,5
4696,Prod Masivo 4696,390.08,76,6
4697,Prod Masivo 4697,17.87,89,4
4698,Prod Masivo 4698,103.54,87,5
4699,Prod Masivo 4699,214.83,147,2
4700,Prod Masivo 4700,392.77,184,4
4701,Prod Masivo 4701,148.94,56,3
4702,Prod Masivo 4702,221.32,73,1
4703,Prod Masivo 4703,248.61,137,7
4704,Prod Masivo 4704,64.32,127,1
4705,Prod Masivo 4705,13.61,138,3
4706,Prod Masivo 4706,244.38,46,8
4707,Prod Masivo 4707,86.46,27,4
4708,Prod Masivo 4708,410.94,55,8
4709,Prod Masivo 4709,432.51,122,2
4710,Prod Masivo 4710,183.35,170,5
4711,Prod Masivo 4711,463.76,99,7
4712,Prod Masivo 4712,61.35,10,2
4713,Prod Masivo 4713,133.76,182,6
4714,Prod Masivo 4714,217.86,121,2
4715,Prod Masivo 4715,81.11,117,4
4716,Prod Masivo 4716,395.73,28,3
4717,Prod Masivo 4717,19.88,146,1
4718,Prod Masivo 4718,147.44,189,4
4719,Prod Masivo 4719,487.35,39,5
4720,Prod Masivo 4720,241.25,24,2
4721,Prod Masivo 4721,47.65,187,6
4722,Prod Masivo 4722,28.13,119,2
4723,Prod Masivo 4723,359.3,17,4
4724,Prod Masivo 4724,203.33,155,7
4725,Prod Masivo 4725,343.22,129,2
4726,Prod Masivo 4726,457.34,200,4
4727,Prod Masivo 4727,304.23,58,3
4728,Prod Masivo 4728,367.19,91,5
4729,Prod Masivo 4729,81.27,15,4
4730,Prod Masivo 4730,486.73,140,5
4731,Prod Masivo 4731,72.96,188,8
4732,Prod Masivo 4732,292.5,21,7
4733,Prod Masivo 4733,102.6,174,2
4734,Prod Masivo 4734,49.02,97,4
4735,Prod Masivo 4735,455.22,36,4
4736,Prod Masivo 4736,247.79,180,3
4737,Prod Masivo 4737,85.33,147,3
4738,Prod Masivo 4738,286.55,197,5
4739,Prod Masivo 4739,274.87,45,3
4740,Prod Masivo 4740,316.18,72,3
4741,Prod Masivo 4741,257.7,174,8
4742,Prod Masivo 4742,242.34,139,5
4743,Prod Masivo 4743,116.5,24,4
4744,Prod Masivo 4744,455.78,98,1
4745,Prod Masivo 4745,183.74,192,7
4746,Prod Masivo 4746,336.01,148,6
4747,Prod Masivo 4747,171.17,72,5
4748,Prod Masivo 4748,173.62,142,3
4749,Prod Masivo 4749,143.72,20,8
4750,Prod Masivo 4750,405.49,37,4
4751,Prod Masivo 4751,394.37,77,6
4752,Prod Masivo 4752,218.51,139,7
4753,Prod Masivo 4753,443.49,145,7
4754,Prod Masivo 4754,24.05,18,3
4755,Prod Masivo 4755,152.64,195,4
4756,Prod Masivo 4756,344.44,118,1
4757,Prod Masivo 4757,337.78,152,8
4758,Prod Masivo 4758,215.33,117,4
4759,Prod Masivo 4759,281.82,16,6
4760,Prod Masivo 4760,343.28,32,1
4761,Prod Masivo 4761,222.41,29,2
4762,Prod Masivo 4762,195.93,62,1
4763,Prod Masivo 4763,486.66,149,6
4764,Prod Masivo 4764,356.21,46,5
4765,Prod Masivo 4765,48.44,43,7
4766,Prod Masivo 4766,85.21,191,4
4767,Prod Masivo 4767,39.6,157,7
4768,Prod Masivo 4768,183.8,130,6
4769,Prod Masivo 4769,494.28,130,4
4770,Prod Masivo 4770,487.63,36,2
4771,Prod Masivo 4771,244.55,104,3
4772,Prod Masivo 4772,457.85,108,3
4773,Prod Masivo 4773,256.34,157,5
4774,Prod Masivo 4774,193.93,78,4
4775,Prod Masivo 4775,334.57,154,5
4776,Prod Masivo 4776,52.62,187,1
4777,Prod Masivo 4777,410.25,97,2
4778,Prod Masivo 4778,211.47,176,5
4779,Prod Masivo 4779,148.7,79,7
4780,Prod Masivo 4780,458.25,146,1
4781,Prod Masivo 4781,306.84,92,7
4782,Prod Masivo 4782,430.44,125,2
4783,Prod Masivo 4783,324.82,192,5
4784,Prod Masivo 4784,268.51,39,8
4785,Prod Masivo 4785,61.71,120,7
4786,Prod Masivo 4786,261.03,190,2
4787,Prod Masivo 4787,479.25,86,7
4788,Prod Masivo 4788,466.37,196,8
4789,Prod Masivo 4789,396.9,127,7
4790,Prod Masivo 4790,195.09,150,2
4791,Prod Masivo 4791,139.75,48,2
4792,Prod Masivo 4792,100.23,101,4
4793,Prod Masivo 4793,284.27,147,1
4794,Prod Masivo 4794,114.71,132,8
4795,Prod Masivo 4795,266.41,158,1
4796,Prod Masivo 4796,113.88,148,4
4797,Prod Masivo 4797,60.58,37,8
4798,Prod Masivo 4798,347.52,161,5
4799,Prod Masivo 4799,426.33,67,3
4800,Prod Masivo 4800,371.02,142,6
4801,Prod Masivo 4801,151.62,26,3
4802,Prod Masivo 4802,160.67,82,8
4803,Prod Masivo 4803,81.1,62,7
4804,Prod Masivo 4804,58.14,57,8
4805,Prod Masivo 4805,189.49,37,4
4806,Prod Masivo 4806,389.88,128,1
4807,Prod Masivo 4807,474.72,191,1
4808,Prod Masivo 4808,181.6,43,5
4809,Prod Masivo 4809,337.03,29,5
4810,Prod Masivo 4810,363.49,85,6
4811,Prod Masivo 4811,305.84,87,2
4812,Prod Masivo 4812,329.87,131,2
4813,Prod Masivo 4813,154.96,32,2
4814,Prod Masivo 4814,291.75,78,4
4815,Prod Masivo 4815,407.97,22,7
4816,Prod Masivo 4816,128.29,23,6
4817,Prod Masivo 4817,493.13,169,4
4818,Prod Masivo 4818,191.09,196,8
4819,Prod Masivo 4819,149.08,57,8
4820,Prod Masivo 4820,83.1,70,5
4821,Prod Masivo 4821,468.01,79,4
4822,Prod Masivo 4822,70.33,134,8
4823,Prod Masivo 4823,418.46,132,1
4824,Prod Masivo 4824,473.45,76,5
4825,Prod Masivo 4825,302.66,39,4
4826,Prod Masivo 4826,441.53,61,2
4827,Prod Masivo 4827,312.25,41,1
4828,Prod Masivo 4828,277.84,128,3
4829,Prod Masivo 4829,429.29,176,7
4830,Prod Masivo 4830,241.06,193,7
4831,Prod Masivo 4831,478.07,149,5
4832,Prod Masivo 4832,322.07,177,5
4833,Prod Masivo 4833,145.75,54,2
4834,Prod Masivo 4834,200.92,175,1
4835,Prod Masivo 4835,224.31,144,5
4836,Prod Masivo 4836,55.88,147,3
4837,Prod Masivo 4837,496.34,198,3
4838,Prod Masivo 4838,353.31,139,1
4839,Prod Masivo 4839,151.11,57,1
4840,Prod Masivo 4840,99.5,83,8
4841,Prod Masivo 4841,159.84,173,8
4842,Prod Masivo 4842,63.41,190,4
4843,Prod Masivo 4843,175.68,147,4
4844,Prod Masivo 4844,404.65,185,6
4845,Prod Masivo 4845,114.97,18,3
4846,Prod Masivo 4846,257.53,44,7
4847,Prod Masivo 4847,197.94,38,8
4848,Prod Masivo 4848,141.43,33,5
4849,Prod Masivo 4849,347.71,115,4
4850,Prod Masivo 4850,445.35,35,8
4851,Prod Masivo 4851,167.99,105,7
4852,Prod Masivo 4852,330.72,182,1
4853,Prod Masivo 4853,450.23,68,6
4854,Prod Masivo 4854,17.33,178,3
4855,Prod Masivo 4855,110.51,123,3
4856,Prod Masivo 4856,91.23,166,6
4857,Prod Masivo 4857,87.62,194,2
4858,Prod Masivo 4858,26.54,140,2
4859,Prod Masivo 4859,78.25,106,6
4860,Prod Masivo 4860,214.31,156,6
4861,Prod Masivo 4861,204.94,31,2
4862,Prod Masivo 4862,332.74,160,2
4863,Prod Masivo 4863,375.28,70,1
4864,Prod Masivo 4864,383.47,142,4
4865,Prod Masivo 4865,188.27,49,3
4866,Prod Masivo 4866,76.88,66,4
4867,Prod Masivo 4867,323.5,138,7
4868,Prod Masivo 4868,20.82,155,7
4869,Prod Masivo 4869,496.9,101,5
4870,Prod Masivo 4870,201.58,166,8
4871,Prod Masivo 4871,281.64,184,3
4872,Prod Masivo 4872,346.7,183,2
4873,Prod Masivo 4873,150.22,180,5
4874,Prod Masivo 4874,319.41,126,1
4875,Prod Masivo 4875,232.08,60,8
4876,Prod Masivo 4876,65.15,70,3
4877,Prod Masivo 4877,263.57,21,8
4878,Prod Masivo 4878,405.51,175,5
4879,Prod Masivo 4879,331.12,174,1
4880,Prod Masivo 4880,259.19,106,8
4881,Prod Masivo 4881,176.93,158,8
4882,Prod Masivo 4882,65.64,52,7
4883,Prod Masivo 4883,232.75,115,6
4884,Prod Masivo 4884,30.42,42,5
4885,Prod Masivo 4885,98.95,173,7
4886,Prod Masivo 4886,54.11,48,5
4887,Prod Masivo 4887,338.32,162,6
4888,Prod Masivo 4888,94.02,175,3
4889,Prod Masivo 4889,294.87,172,1
4890,Prod Masivo 4890,93.9,105,8
4891,Prod Masivo 4891,434.07,99,2
4892,Prod Masivo 4892,284.39,136,2
4893,Prod Masivo 4893,59.17,196,5
4894,Prod Masivo 4894,277.09,94,1
4895,Prod Masivo 4895,323.54,165,6
4896,Prod Masivo 4896,457.57,200,8
4897,Prod Masivo 4897,260.16,136,5
4898,Prod Masivo 4898,432.45,56,4
4899,Prod Masivo 4899,394.65,164,5
4900,Prod Masivo 4900,291.93,178,2
4901,Prod Masivo 4901,91.95,194,6
4902,Prod Masivo 4902,397.85,48,3
4903,Prod Masivo 4903,486.08,199,2
4904,Prod Masivo 4904,226.09,191,7
4905,Prod Masivo 4905,302.84,136,6
4906,Prod Masivo 4906,108.71,87,3
4907,Prod Masivo 4907,20.05,125,4
4908,Prod Masivo 4908,134.13,32,7
4909,Prod Masivo 4909,497.77,183,4
4910,Prod Masivo 4910,421.94,66,6
4911,Prod Masivo 4911,315.25,98,1
4912,Prod Masivo 4912,36.14,137,7
4913,Prod Masivo 4913,301.54,44,5
4914,Prod Masivo 4914,134.71,32,2
4915,Prod Masivo 4915,341.28,18,3
4916,Prod Masivo 4916,191.77,17,1
4917,Prod Masivo 4917,355.5,186,3
4918,Prod Masivo 4918,146.62,163,6
4919,Prod Masivo 4919,214.61,63,4
4920,Prod Masivo 4920,101.62,86,7
4921,Prod Masivo 4921,53.48,155,2
4922,Prod Masivo 4922,424.23,27,2
4923,Prod Masivo 4923,266.78,62,1
4924,Prod Masivo 4924,446.81,10,7
4925,Prod Masivo 4925,426.03,34,8
4926,Prod Masivo 4926,237.64,159,7
4927,Prod Masivo 4927,217.63,28,5
4928,Prod Masivo 4928,106.03,148,4
4929,Prod Masivo 4929,24.16,88,2
4930,Prod Masivo 4930,96.05,86,5
4931,Prod Masivo 4931,26.78,138,6
4932,Prod Masivo 4932,263.95,41,3
4933,Prod Masivo 4933,385.45,90,2
4934,Prod Masivo 4934,492.49,80,6
4935,Prod Masivo 4935,445.78,46,3
4936,Prod Masivo 4936,194.59,131,3
4937,Prod Masivo 4937,324.49,108,1
4938,Prod Masivo 4938,100.88,74,3
4939,Prod Masivo 4939,64.38,57,3
4940,Prod Masivo 4940,492.71,33,7
4941,Prod Masivo 4941,156.84,136,5
4942,Prod Masivo 4942,350.89,148,2
4943,Prod Masivo 4943,448.78,77,4
4944,Prod Masivo 4944,491.82,109,3
4945,Prod Masivo 4945,231.65,189,6
4946,Prod Masivo 4946,235.84,94,4
4947,Prod Masivo 4947,204.34,194,2
4948,Prod Masivo 4948,355.77,194,5
4949,Prod Masivo 4949,428.88,42,4
4950,Prod Masivo 4950,115.46,14,6
4951,Prod Masivo 4951,107.45,136,1
4952,Prod Masivo 4952,95.31,15,1
4953,Prod Masivo 4953,457.36,135,6
4954,Prod Masivo 4954,154.83,19,2
4955,Prod Masivo 4955,207.75,113,1
4956,Prod Masivo 4956,35.82,123,8
4957,Prod Masivo 4957,242.85,163,2
4958,Prod Masivo 4958,282.99,15,2
4959,Prod Masivo 4959,206.68,29,8
4960,Prod Masivo 4960,482.35,88,6
4961,Prod Masivo 4961,449.72,146,3
4962,Prod Masivo 4962,304.56,90,2
4963,Prod Masivo 4963,386.21,165,5
4964,Prod Masivo 4964,23.82,104,3
4965,Prod Masivo 4965,226.13,75,4
4966,Prod Masivo 4966,455.14,169,5
4967,Prod Masivo 4967,185.69,71,7
4968,Prod Masivo 4968,244.46,34,3
4969,Prod Masivo 4969,246.69,137,3
4970,Prod Masivo 4970,171.08,119,8
4971,Prod Masivo 4971,289.92,134,6
4972,Prod Masivo 4972,468.72,97,2
4973,Prod Masivo 4973,65.25,66,2
4974,Prod Masivo 4974,29.5,112,8
4975,Prod Masivo 4975,61.13,199,8
4976,Prod Masivo 4976,418.99,89,5
4977,Prod Masivo 4977,424.7,52,7
4978,Prod Masivo 4978,161.84,184,8
4979,Prod Masivo 4979,498.26,20,1
4980,Prod Masivo 4980,406.63,144,6
4981,Prod Masivo 4981,385.51,65,3
4982,Prod Masivo 4982,193.51,172,3
4983,Prod Masivo 4983,140.87,95,2
4984,Prod Masivo 4984,176.38,78,7
4985,Prod Masivo 4985,118.49,109,7
4986,Prod Masivo 4986,246.61,106,5
4987,Prod Masivo 4987,346.28,145,6
4988,Prod Masivo 4988,449.07,121,1
4989,Prod Masivo 4989,408.45,131,8
4990,Prod Masivo 4990,249.04,29,1
4991,Prod Masivo 4991,106.44,65,3
4992,Prod Masivo 4992,373.81,112,4
4993,Prod Masivo 4993,459.21,196,8
4994,Prod Masivo 4994,248.02,92,8
4995,Prod Masivo 4995,360.93,188,3
4996,Prod Masivo 4996,355.78,76,6
4997,Prod Masivo 4997,70.97,85,7
4998,Prod Masivo 4998,47.34,117,6
4999,Prod Masivo 4999,284.73,78,2
5000,Prod Masivo 5000,311.65,159,1
5001,Prod Masivo 5001,239.8,148,7
5002,Prod Masivo 5002,421.89,31,8
5003,Prod Masivo 5003,42.55,145,6
5004,Prod Masivo 5004,230.84,142,1
5005,Prod Masivo 5005,490.09,174,7
5006,Prod Masivo 5006,244.68,177,3
5007,Prod Masivo 5007,169.09,113,2
5008,Prod Masivo 5008,84.92,47,7
5009,Prod Masivo 5009,204.4,36,2
5010,Prod Masivo 5010,45.36,42,3
5011,Prod Masivo 5011,270.92,156,1
5012,Prod Masivo 5012,254.4,193,5
5013,Prod Masivo 5013,345.39,60,1
5014,Prod Masivo 5014,164.93,67,7
5015,Prod Masivo 5015,188.08,176,7
5016,Prod Masivo 5016,286.35,31,3
5017,Prod Masivo 5017,333.02,19,8
5018,Prod Masivo 5018,476.55,185,5
5019,Prod Masivo 5019,216.76,48,8
5020,Prod Masivo 5020,481.22,92,2
5021,Prod Masivo 5021,183.44,81,4
5022,Prod Masivo 5022,330.45,124,3
5023,Prod Masivo 5023,60.45,109,4
5024,Prod Masivo 5024,336.19,100,6
5025,Prod Masivo 5025,382.79,166,7
5026,Prod Masivo 5026,405.93,70,1
5027,Prod Masivo 5027,371.4,146,5
5028,Prod Masivo 5028,471.81,20,4
5029,Prod Masivo 5029,286.27,148,5
5030,Prod Masivo 5030,108.78,185,4
5031,Prod Masivo 5031,232.16,79,6
5032,Prod Masivo 5032,323.99,172,6
5033,Prod Masivo 5033,356.5,11,5
5034,Prod Masivo 5034,339.42,175,4
5035,Prod Masivo 5035,203.82,151,7
5036,Prod Masivo 5036,55.88,126,6
5037,Prod Masivo 5037,204.73,57,7
5038,Prod Masivo 5038,194.63,127,5
5039,Prod Masivo 5039,42.57,101,4
5040,Prod Masivo 5040,77.89,125,3
5041,Prod Masivo 5041,472.3,162,6
5042,Prod Masivo 5042,237.37,118,5
5043,Prod Masivo 5043,277.18,116,4
5044,Prod Masivo 5044,253.56,78,2
5045,Prod Masivo 5045,291.54,56,8
5046,Prod Masivo 5046,14.02,142,4
5047,Prod Masivo 5047,107.98,64,1
5048,Prod Masivo 5048,21.84,141,8
5049,Prod Masivo 5049,217.82,24,1
5050,Prod Masivo 5050,325.16,50,6
5051,Prod Masivo 5051,129.52,200,5
5052,Prod Masivo 5052,174.71,125,7
5053,Prod Masivo 5053,58.51,59,6
5054,Prod Masivo 5054,95.7,167,7
5055,Prod Masivo 5055,345.69,62,4
5056,Prod Masivo 5056,234.53,60,8
5057,Prod Masivo 5057,198.66,103,3
5058,Prod Masivo 5058,323.46,178,6
5059,Prod Masivo 5059,167.02,169,2
5060,Prod Masivo 5060,402.86,155,3
5061,Prod Masivo 5061,320.92,14,2
5062,Prod Masivo 5062,494.32,82,4
5063,Prod Masivo 5063,406.16,158,4
5064,Prod Masivo 5064,257.71,76,4
5065,Prod Masivo 5065,162.72,84,3
5066,Prod Masivo 5066,318.07,123,1
5067,Prod Masivo 5067,427.05,48,2
5068,Prod Masivo 5068,290.04,174,3
5069,Prod Masivo 5069,126.84,87,8
5070,Prod Masivo 5070,160.28,55,2
5071,Prod Masivo 5071,417.56,85,4
5072,Prod Masivo 5072,307.8,190,4
5073,Prod Masivo 5073,202.2,35,6
5074,Prod Masivo 5074,365.4,73,6
5075,Prod Masivo 5075,411.82,182,2
5076,Prod Masivo 5076,117.27,165,7
5077,Prod Masivo 5077,69.95,196,5
5078,Prod Masivo 5078,74.13,123,4
5079,Prod Masivo 5079,175.35,198,1
5080,Prod Masivo 5080,408.46,134,7
5081,Prod Masivo 5081,49.13,59,1
5082,Prod Masivo 5082,333.46,161,6
5083,Prod Masivo 5083,297.66,89,3
5084,Prod Masivo 5084,371.91,100,2
5085,Prod Masivo 5085,466.19,88,7
5086,Prod Masivo 5086,111.89,20,7
5087,Prod Masivo 5087,441.64,74,7
5088,Prod Masivo 5088,433.18,87,3
5089,Prod Masivo 5089,145.3,72,2
5090,Prod Masivo 5090,18.38,86,7
5091,Prod Masivo 5091,491.42,163,8
5092,Prod Masivo 5092,179.31,147,7
5093,Prod Masivo 5093,190.81,140,3
5094,Prod Masivo 5094,425.25,48,2
5095,Prod Masivo 5095,452.91,115,8
5096,Prod Masivo 5096,139.16,164,6
5097,Prod Masivo 5097,89.09,31,4
5098,Prod Masivo 5098,423.21,167,8
5099,Prod Masivo 5099,440.19,14,5
5100,Prod Masivo 5100,90.74,49,2
5101,Prod Masivo 5101,363.73,198,4
5102,Prod Masivo 5102,432.77,177,1
5103,Prod Masivo 5103,291.82,118,4
5104,Prod Masivo 5104,365.03,35,3
5105,Prod Masivo 5105,150.33,125,8
5106,Prod Masivo 5106,255.44,197,1
5107,Prod Masivo 5107,321.93,19,2
5108,Prod Masivo 5108,199.8,38,8
5109,Prod Masivo 5109,147.75,149,6
5110,Prod Masivo 5110,347.48,112,4
5111,Prod Masivo 5111,113.23,105,1
5112,Prod Masivo 5112,288.87,158,8
5113,Prod Masivo 5113,132.6,59,4
5114,Prod Masivo 5114,210.79,84,4
5115,Prod Masivo 5115,249.81,46,3
5116,Prod Masivo 5116,475.94,81,5
5117,Prod Masivo 5117,345.9,138,5
5118,Prod Masivo 5118,78.4,54,6
5119,Prod Masivo 5119,170.99,177,1
5120,Prod Masivo 5120,175.22,88,8
5121,Prod Masivo 5121,411.27,185,7
5122,Prod Masivo 5122,52.51,88,7
5123,Prod Masivo 5123,455.16,137,5
5124,Prod Masivo 5124,42.6,98,7
5125,Prod Masivo 5125,457.98,44,7
5126,Prod Masivo 5126,26.58,38,1
5127,Prod Masivo 5127,41.49,40,7
5128,Prod Masivo 5128,352.52,11,3
5129,Prod Masivo 5129,349.05,64,5
5130,Prod Masivo 5130,499.2,64,6
5131,Prod Masivo 5131,498.68,18,2
5132,Prod Masivo 5132,456.2,138,7
5133,Prod Masivo 5133,424.08,20,2
5134,Prod Masivo 5134,486.5,120,4
5135,Prod Masivo 5135,345.78,21,5
5136,Prod Masivo 5136,53.67,143,8
5137,Prod Masivo 5137,406.25,36,1
5138,Prod Masivo 5138,214.21,115,6
5139,Prod Masivo 5139,227.1,157,7
5140,Prod Masivo 5140,278.04,192,6
5141,Prod Masivo 5141,222.96,163,3
5142,Prod Masivo 5142,276.11,102,1
5143,Prod Masivo 5143,207.96,118,1
5144,Prod Masivo 5144,189.23,176,2
5145,Prod Masivo 5145,13.86,95,7
5146,Prod Masivo 5146,135.09,142,5
5147,Prod Masivo 5147,463.49,69,4
5148,Prod Masivo 5148,143.57,76,4
5149,Prod Masivo 5149,261.89,133,5
5150,Prod Masivo 5150,344.5,109,3
5151,Prod Masivo 5151,30.52,101,6
5152,Prod Masivo 5152,445.72,26,2
5153,Prod Masivo 5153,471.62,55,1
5154,Prod Masivo 5154,29.38,83,8
5155,Prod Masivo 5155,29.42,20,1
5156,Prod Masivo 5156,483.77,77,2
5157,Prod Masivo 5157,17.4,127,4
5158,Prod Masivo 5158,19.38,173,5
5159,Prod Masivo 5159,298.17,45,4
5160,Prod Masivo 5160,430.85,158,3
5161,Prod Masivo 5161,75.41,183,3
5162,Prod Masivo 5162,95.21,178,3
5163,Prod Masivo 5163,186.24,65,6
5164,Prod Masivo 5164,257.48,194,4
5165,Prod Masivo 5165,355.79,152,8
5166,Prod Masivo 5166,135.32,30,6
5167,Prod Masivo 5167,368.99,18,2
5168,Prod Masivo 5168,181.85,61,2
5169,Prod Masivo 5169,101.97,152,8
5170,Prod Masivo 5170,488.35,150,8
5171,Prod Masivo 5171,442.17,167,4
5172,Prod Masivo 5172,34.44,123,3
5173,Prod Masivo 5173,389.12,21,5
5174,Prod Masivo 5174,132.4,102,2
5175,Prod Masivo 5175,253.97,176,3
5176,Prod Masivo 5176,368.96,46,1
5177,Prod Masivo 5177,331.56,130,8
5178,Prod Masivo 5178,437.83,112,8
5179,Prod Masivo 5179,147.29,45,7
5180,Prod Masivo 5180,496.07,47,6
5181,Prod Masivo 5181,138.61,152,5
5182,Prod Masivo 5182,393.99,94,6
5183,Prod Masivo 5183,180.37,120,6
5184,Prod Masivo 5184,144.2,183,5
5185,Prod Masivo 5185,197.66,183,5
5186,Prod Masivo 5186,459.69,144,4
5187,Prod Masivo 5187,166.08,161,5
5188,Prod Masivo 5188,124.47,89,3
5189,Prod Masivo 5189,96.23,81,3
5190,Prod Masivo 5190,459.63,136,7
5191,Prod Masivo 5191,374.57,85,3
5192,Prod Masivo 5192,200.96,143,8
5193,Prod Masivo 5193,438.33,163,8
5194,Prod Masivo 5194,264.92,103,2
5195,Prod Masivo 5195,408.65,150,1
5196,Prod Masivo 5196,80.57,176,1
5197,Prod Masivo 5197,139.02,100,4
5198,Prod Masivo 5198,362.88,92,3
5199,Prod Masivo 5199,78.28,84,2
5200,Prod Masivo 5200,441.31,63,7
5201,Prod Masivo 5201,63.32,54,2
5202,Prod Masivo 5202,105.62,21,7
5203,Prod Masivo 5203,261.62,53,8
5204,Prod Masivo 5204,88.1,41,1
5205,Prod Masivo 5205,27.82,182,2
5206,Prod Masivo 5206,344.81,169,2
5207,Prod Masivo 5207,218.16,179,2
5208,Prod Masivo 5208,162.78,22,5
5209,Prod Masivo 5209,146.91,187,2
5210,Prod Masivo 5210,78.85,125,1
5211,Prod Masivo 5211,377.07,89,7
5212,Prod Masivo 5212,239.14,108,6
5213,Prod Masivo 5213,185.94,132,1
5214,Prod Masivo 5214,153.77,122,1
5215,Prod Masivo 5215,431.08,55,8
5216,Prod Masivo 5216,367.2,54,3
5217,Prod Masivo 5217,97.79,113,8
5218,Prod Masivo 5218,366.84,113,4
5219,Prod Masivo 5219,88.15,171,1
5220,Prod Masivo 5220,427.96,133,1
5221,Prod Masivo 5221,244.57,38,4
5222,Prod Masivo 5222,82.47,34,6
5223,Prod Masivo 5223,86.2,148,3
5224,Prod Masivo 5224,54.9,58,7
5225,Prod Masivo 5225,107.39,158,4
5226,Prod Masivo 5226,362.92,115,6
5227,Prod Masivo 5227,303.56,198,5
5228,Prod Masivo 5228,389.56,19,4
5229,Prod Masivo 5229,420.27,175,6
5230,Prod Masivo 5230,53.89,106,8
5231,Prod Masivo 5231,454.55,50,4
5232,Prod Masivo 5232,229.73,54,8
5233,Prod Masivo 5233,238.32,70,5
5234,Prod Masivo 5234,23.76,109,3
5235,Prod Masivo 5235,422.25,185,4
5236,Prod Masivo 5236,31.06,159,5
5237,Prod Masivo 5237,300.49,195,4
5238,Prod Masivo 5238,499.91,49,4
5239,Prod Masivo 5239,304.49,193,6
5240,Prod Masivo 5240,313.04,181,3
5241,Prod Masivo 5241,161.74,131,3
5242,Prod Masivo 5242,260.04,186,7
5243,Prod Masivo 5243,180.86,17,8
5244,Prod Masivo 5244,34.76,105,2
5245,Prod Masivo 5245,17.15,174,2
5246,Prod Masivo 5246,476.59,164,3
5247,Prod Masivo 5247,125.18,59,3
5248,Prod Masivo 5248,73.59,159,7
5249,Prod Masivo 5249,321.17,132,6
5250,Prod Masivo 5250,479.62,166,2
5251,Prod Masivo 5251,336.42,159,4
5252,Prod Masivo 5252,465.37,139,6
5253,Prod Masivo 5253,70.79,118,6
5254,Prod Masivo 5254,498.44,94,1
5255,Prod Masivo 5255,213.74,17,6
5256,Prod Masivo 5256,422.98,43,2
5257,Prod Masivo 5257,138.43,34,8
5258,Prod Masivo 5258,252.54,193,6
5259,Prod Masivo 5259,460.35,100,7
5260,Prod Masivo 5260,89.28,181,3
5261,Prod Masivo 5261,363.63,16,4
5262,Prod Masivo 5262,447.81,128,5
5263,Prod Masivo 5263,328.39,83,7
5264,Prod Masivo 5264,168.65,177,6
5265,Prod Masivo 5265,157.19,170,1
5266,Prod Masivo 5266,248.78,83,5
5267,Prod Masivo 5267,262.89,138,4
5268,Prod Masivo 5268,74.68,195,1
5269,Prod Masivo 5269,456.09,160,7
5270,Prod Masivo 5270,205.96,173,5
5271,Prod Masivo 5271,368.45,87,3
5272,Prod Masivo 5272,385.41,189,5
5273,Prod Masivo 5273,85.47,71,2
5274,Prod Masivo 5274,14.91,104,8
5275,Prod Masivo 5275,322.58,14,4
5276,Prod Masivo 5276,308.17,46,7
5277,Prod Masivo 5277,317.87,17,2
5278,Prod Masivo 5278,413.49,177,1
5279,Prod Masivo 5279,409.48,12,8
5280,Prod Masivo 5280,99.97,32,4
5281,Prod Masivo 5281,247.19,67,2
5282,Prod Masivo 5282,403.94,82,6
5283,Prod Masivo 5283,200.37,168,3
5284,Prod Masivo 5284,300.58,70,5
5285,Prod Masivo 5285,343.47,168,4
5286,Prod Masivo 5286,75.01,102,6
5287,Prod Masivo 5287,112.27,80,7
5288,Prod Masivo 5288,418.88,68,4
5289,Prod Masivo 5289,13.41,142,2
5290,Prod Masivo 5290,220.43,117,7
5291,Prod Masivo 5291,293.26,115,4
5292,Prod Masivo 5292,31.62,186,1
5293,Prod Masivo 5293,107.37,39,3
5294,Prod Masivo 5294,419.74,108,2
5295,Prod Masivo 5295,337.7,136,4
5296,Prod Masivo 5296,203.25,120,7
5297,Prod Masivo 5297,343.54,90,7
5298,Prod Masivo 5298,466.9,118,6
5299,Prod Masivo 5299,431.8,165,3
5300,Prod Masivo 5300,187.04,190,5
5301,Prod Masivo 5301,89.81,125,2
5302,Prod Masivo 5302,371.15,115,6
5303,Prod Masivo 5303,423.77,31,6
5304,Prod Masivo 5304,74.32,100,6
5305,Prod Masivo 5305,204.42,96,3
5306,Prod Masivo 5306,398.16,81,1
5307,Prod Masivo 5307,327.44,187,8
5308,Prod Masivo 5308,224.74,40,5
5309,Prod Masivo 5309,426.85,28,1
5310,Prod Masivo 5310,42.66,183,7
5311,Prod Masivo 5311,330.49,29,2
5312,Prod Masivo 5312,491.67,188,8
5313,Prod Masivo 5313,449.95,112,8
5314,Prod Masivo 5314,233.18,143,5
5315,Prod Masivo 5315,331.84,49,1
5316,Prod Masivo 5316,433.87,131,7
5317,Prod Masivo 5317,427.52,118,6
5318,Prod Masivo 5318,249.4,111,1
5319,Prod Masivo 5319,192.61,80,8
5320,Prod Masivo 5320,490.02,185,2
5321,Prod Masivo 5321,365.25,172,6
5322,Prod Masivo 5322,475.48,82,5
5323,Prod Masivo 5323,116.6,23,8
5324,Prod Masivo 5324,318.82,177,8
5325,Prod Masivo 5325,89.3,31,7
5326,Prod Masivo 5326,327.99,191,7
5327,Prod Masivo 5327,278.47,23,8
5328,Prod Masivo 5328,49.65,162,5
5329,Prod Masivo 5329,373.05,81,8
5330,Prod Masivo 5330,218.36,131,5
5331,Prod Masivo 5331,51.95,157,8
5332,Prod Masivo 5332,324.05,68,3
5333,Prod Masivo 5333,61.57,181,4
5334,Prod Masivo 5334,41.36,50,2
5335,Prod Masivo 5335,492.8,172,3
5336,Prod Masivo 5336,325.58,122,1
5337,Prod Masivo 5337,99.63,68,2
5338,Prod Masivo 5338,409.64,46,3
5339,Prod Masivo 5339,205.86,141,1
5340,Prod Masivo 5340,301.42,31,8
5341,Prod Masivo 5341,382.64,158,2
5342,Prod Masivo 5342,171.26,63,6
5343,Prod Masivo 5343,217.81,139,4
5344,Prod Masivo 5344,190.61,174,1
5345,Prod Masivo 5345,410.19,70,8
5346,Prod Masivo 5346,278.48,14,5
5347,Prod Masivo 5347,347.45,115,1
5348,Prod Masivo 5348,496.81,67,7
5349,Prod Masivo 5349,255.51,153,6
5350,Prod Masivo 5350,167.3,48,5
5351,Prod Masivo 5351,281.05,20,4
5352,Prod Masivo 5352,44.11,195,1
5353,Prod Masivo 5353,482.6,150,4
5354,Prod Masivo 5354,333.95,147,2
5355,Prod Masivo 5355,491.29,181,2
5356,Prod Masivo 5356,297.28,30,5
5357,Prod Masivo 5357,482.1,91,8
5358,Prod Masivo 5358,140.07,39,2
5359,Prod Masivo 5359,169.77,125,1
5360,Prod Masivo 5360,109.88,149,2
5361,Prod Masivo 5361,160.47,121,4
5362,Prod Masivo 5362,277.6,139,7
5363,Prod Masivo 5363,98.29,151,4
5364,Prod Masivo 5364,489.93,97,3
5365,Prod Masivo 5365,328.31,54,8
5366,Prod Masivo 5366,354.82,19,3
5367,Prod Masivo 5367,111.35,101,3
5368,Prod Masivo 5368,404.83,46,4
5369,Prod Masivo 5369,161.22,161,7
5370,Prod Masivo 5370,179.95,98,7
5371,Prod Masivo 5371,394.24,121,6
5372,Prod Masivo 5372,295.17,17,2
5373,Prod Masivo 5373,297.88,120,8
5374,Prod Masivo 5374,62.22,52,2
5375,Prod Masivo 5375,146.61,20,4
5376,Prod Masivo 5376,314.42,185,2
5377,Prod Masivo 5377,91.5,66,8
5378,Prod Masivo 5378,134.66,81,2
5379,Prod Masivo 5379,199.27,18,8
5380,Prod Masivo 5380,220.39,76,7
5381,Prod Masivo 5381,156.89,172,3
5382,Prod Masivo 5382,162.12,126,7
5383,Prod Masivo 5383,465.82,195,4
5384,Prod Masivo 5384,321.09,32,7
5385,Prod Masivo 5385,454.78,50,7
5386,Prod Masivo 5386,416.52,176,6
5387,Prod Masivo 5387,81.96,182,8
5388,Prod Masivo 5388,274.27,64,8
5389,Prod Masivo 5389,443.66,15,1
5390,Prod Masivo 5390,35.69,146,4
5391,Prod Masivo 5391,159.87,57,7
5392,Prod Masivo 5392,366.43,146,7
5393,Prod Masivo 5393,124.78,69,1
5394,Prod Masivo 5394,343.53,125,6
5395,Prod Masivo 5395,468.03,92,2
5396,Prod Masivo 5396,488.64,147,5
5397,Prod Masivo 5397,295.42,131,7
5398,Prod Masivo 5398,341.95,79,8
5399,Prod Masivo 5399,27.0,175,8
5400,Prod Masivo 5400,186.99,83,5
5401,Prod Masivo 5401,332.44,170,3
5402,Prod Masivo 5402,237.33,59,4
5403,Prod Masivo 5403,164.09,153,6
5404,Prod Masivo 5404,115.52,180,1
5405,Prod Masivo 5405,55.42,64,4
5406,Prod Masivo 5406,267.92,38,6
5407,Prod Masivo 5407,112.43,192,8
5408,Prod Masivo 5408,429.64,88,2
5409,Prod Masivo 5409,60.94,185,1
5410,Prod Masivo 5410,424.34,16,1
5411,Prod Masivo 5411,420.07,160,6
5412,Prod Masivo 5412,287.16,149,8
5413,Prod Masivo 5413,340.44,75,7
5414,Prod Masivo 5414,406.21,141,8
5415,Prod Masivo 5415,250.96,71,7
5416,Prod Masivo 5416,80.94,87,6
5417,Prod Masivo 5417,11.91,66,5
5418,Prod Masivo 5418,424.04,77,1
5419,Prod Masivo 5419,107.0,24,3
5420,Prod Masivo 5420,372.0,199,5
5421,Prod Masivo 5421,315.05,139,6
5422,Prod Masivo 5422,136.9,65,4
5423,Prod Masivo 5423,85.6,59,5
5424,Prod Masivo 5424,426.25,76,1
5425,Prod Masivo 5425,197.45,36,1
5426,Prod Masivo 5426,427.82,48,2
5427,Prod Masivo 5427,384.99,28,6
5428,Prod Masivo 5428,418.93,140,6
5429,Prod Masivo 5429,493.53,159,8
5430,Prod Masivo 5430,225.56,81,2
5431,Prod Masivo 5431,262.49,25,1
5432,Prod Masivo 5432,265.83,35,6
5433,Prod Masivo 5433,385.18,194,1
5434,Prod Masivo 5434,199.63,165,5
5435,Prod Masivo 5435,380.29,168,4
5436,Prod Masivo 5436,364.28,51,6
5437,Prod Masivo 5437,158.91,68,8
5438,Prod Masivo 5438,87.47,119,1
5439,Prod Masivo 5439,380.35,131,5
5440,Prod Masivo 5440,188.99,77,6
5441,Prod Masivo 5441,313.36,40,8
5442,Prod Masivo 5442,65.82,67,7
5443,Prod Masivo 5443,424.19,47,8
5444,Prod Masivo 5444,338.98,68,2
5445,Prod Masivo 5445,135.68,62,4
5446,Prod Masivo 5446,464.29,73,6
5447,Prod Masivo 5447,294.69,155,5
5448,Prod Masivo 5448,154.01,53,2
5449,Prod Masivo 5449,226.91,102,5
5450,Prod Masivo 5450,201.46,154,4
5451,Prod Masivo 5451,107.77,137,4
5452,Prod Masivo 5452,436.8,12,2
5453,Prod Masivo 5453,48.68,182,8
5454,Prod Masivo 5454,488.2,72,5
5455,Prod Masivo 5455,51.04,29,7
5456,Prod Masivo 5456,353.33,121,4
5457,Prod Masivo 5457,396.73,69,8
5458,Prod Masivo 5458,242.1,55,6
5459,Prod Masivo 5459,370.51,67,8
5460,Prod Masivo 5460,133.1,155,3
5461,Prod Masivo 5461,40.81,13,1
5462,Prod Masivo 5462,155.27,167,8
5463,Prod Masivo 5463,211.37,87,1
5464,Prod Masivo 5464,486.54,69,5
5465,Prod Masivo 5465,81.95,132,8
5466,Prod Masivo 5466,379.04,133,7
5467,Prod Masivo 5467,26.91,106,3
5468,Prod Masivo 5468,36.01,77,7
5469,Prod Masivo 5469,204.13,35,6
5470,Prod Masivo 5470,392.85,104,8
5471,Prod Masivo 5471,251.6,30,1
5472,Prod Masivo 5472,326.76,86,4
5473,Prod Masivo 5473,27.91,23,4
5474,Prod Masivo 5474,334.06,151,6
5475,Prod Masivo 5475,396.81,126,1
5476,Prod Masivo 5476,413.45,195,3
5477,Prod Masivo 5477,101.0,142,6
5478,Prod Masivo 5478,467.61,75,7
5479,Prod Masivo 5479,454.79,75,1
5480,Prod Masivo 5480,247.03,128,4
5481,Prod Masivo 5481,108.21,10,5
5482,Prod Masivo 5482,416.8,189,7
5483,Prod Masivo 5483,69.75,113,7
5484,Prod Masivo 5484,169.14,67,7
5485,Prod Masivo 5485,407.99,184,2
5486,Prod Masivo 5486,456.08,110,2
5487,Prod Masivo 5487,216.79,57,8
5488,Prod Masivo 5488,25.8,142,8
5489,Prod Masivo 5489,484.47,90,2
5490,Prod Masivo 5490,248.07,165,5
5491,Prod Masivo 5491,319.13,22,7
5492,Prod Masivo 5492,354.42,68,5
5493,Prod Masivo 5493,133.59,39,1
5494,Prod Masivo 5494,109.36,171,8
5495,Prod Masivo 5495,102.71,93,3
5496,Prod Masivo 5496,468.46,31,8
5497,Prod Masivo 5497,53.03,175,5
5498,Prod Masivo 5498,243.72,44,5
5499,Prod Masivo 5499,39.78,106,4
5500,Prod Masivo 5500,89.11,21,5
5501,Prod Masivo 5501,104.37,153,4
5502,Prod Masivo 5502,241.63,60,1
5503,Prod Masivo 5503,498.4,175,2
5504,Prod Masivo 5504,435.03,179,1
5505,Prod Masivo 5505,132.41,37,3
5506,Prod Masivo 5506,451.29,194,8
5507,Prod Masivo 5507,322.42,54,6
5508,Prod Masivo 5508,459.46,55,6
5509,Prod Masivo 5509,95.63,79,4
5510,Prod Masivo 5510,213.14,133,5
5511,Prod Masivo 5511,480.15,163,5
5512,Prod Masivo 5512,92.99,170,3
5513,Prod Masivo 5513,31.13,77,8
5514,Prod Masivo 5514,268.13,154,1
5515,Prod Masivo 5515,233.58,37,2
5516,Prod Masivo 5516,392.33,123,7
5517,Prod Masivo 5517,178.47,145,5
5518,Prod Masivo 5518,300.38,189,2
5519,Prod Masivo 5519,18.14,37,3
5520,Prod Masivo 5520,327.04,194,6
5521,Prod Masivo 5521,429.45,102,1
5522,Prod Masivo 5522,435.71,140,8
5523,Prod Masivo 5523,119.78,96,3
5524,Prod Masivo 5524,345.96,10,6
5525,Prod Masivo 5525,81.4,96,7
5526,Prod Masivo 5526,203.21,71,8
5527,Prod Masivo 5527,66.95,52,3
5528,Prod Masivo 5528,476.17,159,7
5529,Prod Masivo 5529,318.79,144,2
5530,Prod Masivo 5530,111.69,73,7
5531,Prod Masivo 5531,446.0,129,5
5532,Prod Masivo 5532,474.13,138,3
5533,Prod Masivo 5533,283.93,181,7
5534,Prod Masivo 5534,169.75,183,3
5535,Prod Masivo 5535,56.57,164,1
5536,Prod Masivo 5536,218.43,122,6
5537,Prod Masivo 5537,100.51,179,4
5538,Prod Masivo 5538,260.63,26,4
5539,Prod Masivo 5539,210.97,10,8
5540,Prod Masivo 5540,411.5,102,7
5541,Prod Masivo 5541,213.43,189,4
5542,Prod Masivo 5542,459.63,191,7
5543,Prod Masivo 5543,66.61,128,2
5544,Prod Masivo 5544,329.86,25,2
5545,Prod Masivo 5545,41.49,173,1
5546,Prod Masivo 5546,293.44,151,5
5547,Prod Masivo 5547,398.95,150,3
5548,Prod Masivo 5548,451.12,74,1
5549,Prod Masivo 5549,396.49,181,3
5550,Prod Masivo 5550,477.24,115,3
5551,Prod Masivo 5551,317.73,13,2
5552,Prod Masivo 5552,444.28,76,6
5553,Prod Masivo 5553,483.06,142,3
5554,Prod Masivo 5554,301.17,20,3
5555,Prod Masivo 5555,99.54,22,4
5556,Prod Masivo 5556,319.37,111,4
5557,Prod Masivo 5557,281.69,143,7
5558,Prod Masivo 5558,364.61,83,6
5559,Prod Masivo 5559,362.85,19,5
5560,Prod Masivo 5560,496.79,135,2
5561,Prod Masivo 5561,470.4,87,4
5562,Prod Masivo 5562,187.14,193,6
5563,Prod Masivo 5563,303.17,47,5
5564,Prod Masivo 5564,132.38,19,6
5565,Prod Masivo 5565,218.36,50,3
5566,Prod Masivo 5566,259.42,10,4
5567,Prod Masivo 5567,251.79,21,7
5568,Prod Masivo 5568,377.32,77,2
5569,Prod Masivo 5569,127.8,128,2
5570,Prod Masivo 5570,85.66,68,2
5571,Prod Masivo 5571,117.6,64,1
5572,Prod Masivo 5572,113.93,109,3
5573,Prod Masivo 5573,485.28,121,5
5574,Prod Masivo 5574,258.54,65,1
5575,Prod Masivo 5575,198.75,86,6
5576,Prod Masivo 5576,432.7,155,5
5577,Prod Masivo 5577,458.13,193,7
5578,Prod Masivo 5578,442.68,175,8
5579,Prod Masivo 5579,252.81,189,2
5580,Prod Masivo 5580,405.81,114,3
5581,Prod Masivo 5581,93.07,36,6
5582,Prod Masivo 5582,151.76,143,4
5583,Prod Masivo 5583,411.58,146,8
5584,Prod Masivo 5584,271.25,78,8
5585,Prod Masivo 5585,453.63,41,6
5586,Prod Masivo 5586,305.61,85,7
5587,Prod Masivo 5587,490.29,100,8
5588,Prod Masivo 5588,332.93,142,6
5589,Prod Masivo 5589,56.07,95,2
5590,Prod Masivo 5590,473.01,72,8
5591,Prod Masivo 5591,419.53,173,7
5592,Prod Masivo 5592,230.3,80,7
5593,Prod Masivo 5593,265.12,78,5
5594,Prod Masivo 5594,245.45,38,6
5595,Prod Masivo 5595,93.89,41,1
5596,Prod Masivo 5596,434.22,74,5
5597,Prod Masivo 5597,341.12,134,1
5598,Prod Masivo 5598,411.89,103,2
5599,Prod Masivo 5599,455.41,42,3
5600,Prod Masivo 5600,158.96,94,1
5601,Prod Masivo 5601,268.45,82,8
5602,Prod Masivo 5602,252.52,13,4
5603,Prod Masivo 5603,387.0,134,7
5604,Prod Masivo 5604,313.34,33,5
5605,Prod Masivo 5605,364.05,186,3
5606,Prod Masivo 5606,447.54,74,1
5607,Prod Masivo 5607,133.87,70,8
5608,Prod Masivo 5608,256.92,176,3
5609,Prod Masivo 5609,36.26,52,6
5610,Prod Masivo 5610,356.31,182,5
5611,Prod Masivo 5611,302.13,152,4
5612,Prod Masivo 5612,104.46,117,1
5613,Prod Masivo 5613,46.32,109,5
5614,Prod Masivo 5614,121.11,127,2
5615,Prod Masivo 5615,10.27,24,7
5616,Prod Masivo 5616,268.51,23,1
5617,Prod Masivo 5617,220.85,146,2
5618,Prod Masivo 5618,496.86,136,4
5619,Prod Masivo 5619,487.48,181,5
5620,Prod Masivo 5620,296.57,92,4
5621,Prod Masivo 5621,93.48,199,8
5622,Prod Masivo 5622,413.09,149,8
5623,Prod Masivo 5623,325.92,76,1
5624,Prod Masivo 5624,330.33,186,8
5625,Prod Masivo 5625,330.1,21,1
5626,Prod Masivo 5626,146.54,46,3
5627,Prod Masivo 5627,28.94,76,8
5628,Prod Masivo 5628,260.17,57,4
5629,Prod Masivo 5629,96.81,136,8
5630,Prod Masivo 5630,344.65,71,7
5631,Prod Masivo 5631,234.14,94,3
5632,Prod Masivo 5632,274.39,120,5
5633,Prod Masivo 5633,445.21,173,4
5634,Prod Masivo 5634,462.04,55,3
5635,Prod Masivo 5635,53.77,139,7
5636,Prod Masivo 5636,489.61,11,4
5637,Prod Masivo 5637,149.0,171,2
5638,Prod Masivo 5638,76.1,175,4
5639,Prod Masivo 5639,458.38,181,5
5640,Prod Masivo 5640,194.99,139,8
5641,Prod Masivo 5641,66.07,24,4
5642,Prod Masivo 5642,78.86,77,5
5643,Prod Masivo 5643,37.19,21,8
5644,Prod Masivo 5644,213.21,102,7
5645,Prod Masivo 5645,368.94,30,2
5646,Prod Masivo 5646,407.12,25,7
5647,Prod Masivo 5647,233.27,107,5
5648,Prod Masivo 5648,102.13,177,3
5649,Prod Masivo 5649,446.68,102,7
5650,Prod Masivo 5650,477.26,99,1
5651,Prod Masivo 5651,201.07,174,2
5652,Prod Masivo 5652,79.89,51,6
5653,Prod Masivo 5653,323.19,92,3
5654,Prod Masivo 5654,437.05,101,4
5655,Prod Masivo 5655,462.56,25,6
5656,Prod Masivo 5656,265.18,32,3
5657,Prod Masivo 5657,227.99,110,3
5658,Prod Masivo 5658,176.83,140,4
5659,Prod Masivo 5659,439.63,57,1
5660,Prod Masivo 5660,271.42,35,1
5661,Prod Masivo 5661,256.57,27,4
5662,Prod Masivo 5662,350.68,95,5
5663,Prod Masivo 5663,144.04,89,5
5664,Prod Masivo 5664,273.76,128,1
5665,Prod Masivo 5665,16.28,76,2
5666,Prod Masivo 5666,427.45,15,7
5667,Prod Masivo 5667,30.78,21,1
5668,Prod Masivo 5668,485.48,194,1
5669,Prod Masivo 5669,430.75,31,1
5670,Prod Masivo 5670,272.2,64,4
5671,Prod Masivo 5671,312.25,189,7
5672,Prod Masivo 5672,465.11,30,1
5673,Prod Masivo 5673,99.4,58,6
5674,Prod Masivo 5674,14.33,33,7
5675,Prod Masivo 5675,342.36,91,6
5676,Prod Masivo 5676,103.88,116,1
5677,Prod Masivo 5677,129.47,24,4
5678,Prod Masivo 5678,171.8,131,5
5679,Prod Masivo 5679,244.92,87,2
5680,Prod Masivo 5680,498.74,34,7
5681,Prod Masivo 5681,288.92,184,1
5682,Prod Masivo 5682,473.35,48,8
5683,Prod Masivo 5683,71.03,172,4
5684,Prod Masivo 5684,294.27,132,8
5685,Prod Masivo 5685,238.76,20,3
5686,Prod Masivo 5686,298.53,145,8
5687,Prod Masivo 5687,285.29,132,6
5688,Prod Masivo 5688,271.71,181,7
5689,Prod Masivo 5689,225.19,190,4
5690,Prod Masivo 5690,45.21,94,3
5691,Prod Masivo 5691,75.36,90,2
5692,Prod Masivo 5692,283.12,54,7
5693,Prod Masivo 5693,203.85,39,7
5694,Prod Masivo 5694,49.49,55,3
5695,Prod Masivo 5695,125.27,200,4
5696,Prod Masivo 5696,205.47,66,3
5697,Prod Masivo 5697,328.16,192,1
5698,Prod Masivo 5698,372.24,22,6
5699,Prod Masivo 5699,399.94,187,5
5700,Prod Masivo 5700,124.11,184,5
5701,Prod Masivo 5701,277.1,181,7
5702,Prod Masivo 5702,419.45,171,6
5703,Prod Masivo 5703,114.93,192,4
5704,Prod Masivo 5704,170.43,148,6
5705,Prod Masivo 5705,307.18,52,5
5706,Prod Masivo 5706,237.62,127,4
5707,Prod Masivo 5707,96.42,200,4
5708,Prod Masivo 5708,422.7,24,3
5709,Prod Masivo 5709,135.8,52,8
5710,Prod Masivo 5710,90.43,187,8
5711,Prod Masivo 5711,62.42,46,2
5712,Prod Masivo 5712,234.75,32,4
5713,Prod Masivo 5713,322.04,66,8
5714,Prod Masivo 5714,202.37,134,8
5715,Prod Masivo 5715,151.75,171,3
5716,Prod Masivo 5716,208.91,167,3
5717,Prod Masivo 5717,138.88,151,1
5718,Prod Masivo 5718,166.22,97,5
5719,Prod Masivo 5719,99.54,13,7
5720,Prod Masivo 5720,451.61,114,8
5721,Prod Masivo 5721,15.95,78,8
5722,Prod Masivo 5722,269.53,86,7
5723,Prod Masivo 5723,342.51,89,2
5724,Prod Masivo 5724,209.53,75,3
5725,Prod Masivo 5725,14.71,182,1
5726,Prod Masivo 5726,223.42,29,1
5727,Prod Masivo 5727,409.57,115,7
5728,Prod Masivo 5728,115.43,14,5
5729,Prod Masivo 5729,19.36,13,6
5730,Prod Masivo 5730,109.33,116,6
5731,Prod Masivo 5731,354.9,188,4
5732,Prod Masivo 5732,19.03,34,8
5733,Prod Masivo 5733,263.91,67,2
5734,Prod Masivo 5734,117.85,22,4
5735,Prod Masivo 5735,483.5,99,8
5736,Prod Masivo 5736,477.82,89,2
5737,Prod Masivo 5737,495.82,25,5
5738,Prod Masivo 5738,114.1,189,8
5739,Prod Masivo 5739,316.16,81,3
5740,Prod Masivo 5740,27.66,193,5
5741,Prod Masivo 5741,324.97,39,2
5742,Prod Masivo 5742,206.41,155,2
5743,Prod Masivo 5743,41.4,177,3
5744,Prod Masivo 5744,497.6,27,2
5745,Prod Masivo 5745,239.76,24,6
5746,Prod Masivo 5746,28.69,200,4
5747,Prod Masivo 5747,311.53,113,2
5748,Prod Masivo 5748,480.19,48,8
5749,Prod Masivo 5749,216.52,104,5
5750,Prod Masivo 5750,203.2,122,1
5751,Prod Masivo 5751,28.26,89,5
5752,Prod Masivo 5752,423.6,72,4
5753,Prod Masivo 5753,394.28,184,1
5754,Prod Masivo 5754,371.75,193,5
5755,Prod Masivo 5755,326.5,149,7
5756,Prod Masivo 5756,47.15,43,3
5757,Prod Masivo 5757,409.52,191,8
5758,Prod Masivo 5758,483.09,10,6
5759,Prod Masivo 5759,200.69,127,5
5760,Prod Masivo 5760,313.85,151,2
5761,Prod Masivo 5761,57.97,175,2
5762,Prod Masivo 5762,92.57,25,7
5763,Prod Masivo 5763,396.1,89,1
5764,Prod Masivo 5764,445.77,139,2
5765,Prod Masivo 5765,491.94,54,4
5766,Prod Masivo 5766,84.06,20,6
5767,Prod Masivo 5767,292.62,178,6
5768,Prod Masivo 5768,294.09,65,6
5769,Prod Masivo 5769,251.7,43,2
5770,Prod Masivo 5770,39.12,53,4
5771,Prod Masivo 5771,297.66,144,3
5772,Prod Masivo 5772,429.65,82,8
5773,Prod Masivo 5773,80.14,173,7
5774,Prod Masivo 5774,409.53,80,3
5775,Prod Masivo 5775,384.39,67,8
5776,Prod Masivo 5776,155.42,75,8
5777,Prod Masivo 5777,259.59,188,2
5778,Prod Masivo 5778,86.91,75,4
5779,Prod Masivo 5779,130.44,103,4
5780,Prod Masivo 5780,446.08,18,1
5781,Prod Masivo 5781,308.88,12,8
5782,Prod Masivo 5782,61.14,65,6
5783,Prod Masivo 5783,134.59,68,4
5784,Prod Masivo 5784,259.41,53,3
5785,Prod Masivo 5785,212.47,163,1
5786,Prod Masivo 5786,238.46,34,5
5787,Prod Masivo 5787,78.26,186,8
5788,Prod Masivo 5788,398.52,32,8
5789,Prod Masivo 5789,40.47,65,5
5790,Prod Masivo 5790,131.94,28,6
5791,Prod Masivo 5791,57.87,55,7
5792,Prod Masivo 5792,127.41,99,8
5793,Prod Masivo 5793,126.26,139,1
5794,Prod Masivo 5794,426.38,150,1
5795,Prod Masivo 5795,85.21,64,6
5796,Prod Masivo 5796,347.77,100,3
5797,Prod Masivo 5797,334.94,26,2
5798,Prod Masivo 5798,370.08,44,8
5799,Prod Masivo 5799,332.32,107,3
5800,Prod Masivo 5800,13.57,11,8
5801,Prod Masivo 5801,14.02,147,4
5802,Prod Masivo 5802,328.55,72,4
5803,Prod Masivo 5803,32.9,70,7
5804,Prod Masivo 5804,400.12,113,5
5805,Prod Masivo 5805,111.97,69,4
5806,Prod Masivo 5806,126.16,165,8
5807,Prod Masivo 5807,394.33,66,8
5808,Prod Masivo 5808,481.27,71,8
5809,Prod Masivo 5809,255.38,38,5
5810,Prod Masivo 5810,470.0,123,1
5811,Prod Masivo 5811,337.43,30,6
5812,Prod Masivo 5812,44.06,41,2
5813,Prod Masivo 5813,153.69,112,3
5814,Prod Masivo 5814,199.66,166,5
5815,Prod Masivo 5815,302.27,148,4
5816,Prod Masivo 5816,162.77,28,8
5817,Prod Masivo 5817,258.57,124,3
5818,Prod Masivo 5818,54.9,80,5
5819,Prod Masivo 5819,30.85,106,1
5820,Prod Masivo 5820,375.92,177,2
5821,Prod Masivo 5821,103.34,186,4
5822,Prod Masivo 5822,136.58,18,3
5823,Prod Masivo 5823,91.44,64,7
5824,Prod Masivo 5824,370.24,39,4
5825,Prod Masivo 5825,263.46,188,8
5826,Prod Masivo 5826,388.75,25,8
5827,Prod Masivo 5827,45.0,190,7
5828,Prod Masivo 5828,458.38,39,5
5829,Prod Masivo 5829,146.73,83,5
5830,Prod Masivo 5830,143.16,156,1
5831,Prod Masivo 5831,338.08,83,6
5832,Prod Masivo 5832,103.42,188,5
5833,Prod Masivo 5833,297.93,113,8
5834,Prod Masivo 5834,137.84,87,7
5835,Prod Masivo 5835,275.68,121,4
5836,Prod Masivo 5836,357.23,129,3
5837,Prod Masivo 5837,472.65,112,4
5838,Prod Masivo 5838,320.25,159,6
5839,Prod Masivo 5839,139.7,84,7
5840,Prod Masivo 5840,246.63,10,7
5841,Prod Masivo 5841,363.04,53,4
5842,Prod Masivo 5842,136.38,181,2
5843,Prod Masivo 5843,309.02,95,7
5844,Prod Masivo 5844,161.63,39,5
5845,Prod Masivo 5845,161.45,169,7
5846,Prod Masivo 5846,123.05,31,7
5847,Prod Masivo 5847,385.93,46,7
5848,Prod Masivo 5848,32.13,122,6
5849,Prod Masivo 5849,186.02,179,3
5850,Prod Masivo 5850,276.71,91,2
5851,Prod Masivo 5851,279.8,120,3
5852,Prod Masivo 5852,197.13,130,6
5853,Prod Masivo 5853,75.11,162,8
5854,Prod Masivo 5854,187.45,199,3
5855,Prod Masivo 5855,362.48,156,7
5856,Prod Masivo 5856,391.24,72,5
5857,Prod Masivo 5857,202.61,36,1
5858,Prod Masivo 5858,213.4,17,4
5859,Prod Masivo 5859,449.77,74,1
5860,Prod Masivo 5860,151.26,150,5
5861,Prod Masivo 5861,173.22,177,7
5862,Prod Masivo 5862,207.8,92,1
5863,Prod Masivo 5863,312.24,27,6
5864,Prod Masivo 5864,126.77,50,8
5865,Prod Masivo 5865,267.38,71,1
5866,Prod Masivo 5866,381.27,32,2
5867,Prod Masivo 5867,311.37,92,5
5868,Prod Masivo 5868,246.11,108,8
5869,Prod Masivo 5869,213.86,99,4
5870,Prod Masivo 5870,492.14,158,6
5871,Prod Masivo 5871,257.68,170,4
5872,Prod Masivo 5872,277.29,41,7
5873,Prod Masivo 5873,84.84,177,3
5874,Prod Masivo 5874,69.34,123,3
5875,Prod Masivo 5875,158.09,56,1
5876,Prod Masivo 5876,384.39,86,7
5877,Prod Masivo 5877,203.55,54,2
5878,Prod Masivo 5878,177.86,187,1
5879,Prod Masivo 5879,178.49,179,2
5880,Prod Masivo 5880,276.01,59,4
5881,Prod Masivo 5881,84.64,68,1
5882,Prod Masivo 5882,499.49,42,3
5883,Prod Masivo 5883,114.99,166,3
5884,Prod Masivo 5884,338.99,41,6
5885,Prod Masivo 5885,345.41,100,8
5886,Prod Masivo 5886,350.75,159,6
5887,Prod Masivo 5887,68.52,24,6
5888,Prod Masivo 5888,159.11,177,7
5889,Prod Masivo 5889,62.43,136,8
5890,Prod Masivo 5890,203.55,25,2
5891,Prod Masivo 5891,473.84,15,4
5892,Prod Masivo 5892,294.79,137,3
5893,Prod Masivo 5893,440.38,140,7
5894,Prod Masivo 5894,424.17,174,4
5895,Prod Masivo 5895,346.02,191,6
5896,Prod Masivo 5896,223.14,66,4
5897,Prod Masivo 5897,466.29,100,8
5898,Prod Masivo 5898,74.69,167,6
5899,Prod Masivo 5899,495.8,62,2
5900,Prod Masivo 5900,345.29,41,5
5901,Prod Masivo 5901,205.09,140,2
5902,Prod Masivo 5902,148.31,138,8
5903,Prod Masivo 5903,365.55,121,1
5904,Prod Masivo 5904,335.12,12,1
5905,Prod Masivo 5905,135.32,68,1
5906,Prod Masivo 5906,268.12,84,4
5907,Prod Masivo 5907,15.81,122,2
5908,Prod Masivo 5908,376.05,141,7
5909,Prod Masivo 5909,286.36,56,3
5910,Prod Masivo 5910,143.01,109,3
5911,Prod Masivo 5911,463.14,96,1
5912,Prod Masivo 5912,239.79,54,2
5913,Prod Masivo 5913,57.34,191,1
5914,Prod Masivo 5914,302.14,144,1
5915,Prod Masivo 5915,330.58,141,4
5916,Prod Masivo 5916,92.78,17,1
5917,Prod Masivo 5917,378.03,192,6
5918,Prod Masivo 5918,104.33,92,7
5919,Prod Masivo 5919,152.12,79,3
5920,Prod Masivo 5920,66.28,41,4
5921,Prod Masivo 5921,351.33,12,5
5922,Prod Masivo 5922,162.77,149,1
5923,Prod Masivo 5923,314.12,102,5
5924,Prod Masivo 5924,385.01,116,7
5925,Prod Masivo 5925,130.49,70,5
5926,Prod Masivo 5926,420.78,107,8
5927,Prod Masivo 5927,348.46,66,3
5928,Prod Masivo 5928,86.64,199,5
5929,Prod Masivo 5929,252.29,91,4
5930,Prod Masivo 5930,202.54,183,7
5931,Prod Masivo 5931,447.41,94,4
5932,Prod Masivo 5932,62.63,53,4
5933,Prod Masivo 5933,239.03,191,1
5934,Prod Masivo 5934,417.61,135,1
5935,Prod Masivo 5935,362.72,39,2
5936,Prod Masivo 5936,208.09,176,2
5937,Prod Masivo 5937,488.61,200,2
5938,Prod Masivo 5938,150.21,135,6
5939,Prod Masivo 5939,184.86,50,8
5940,Prod Masivo 5940,28.31,144,2
5941,Prod Masivo 5941,414.88,113,6
5942,Prod Masivo 5942,191.34,108,1
5943,Prod Masivo 5943,66.43,47,8
5944,Prod Masivo 5944,16.18,199,5
5945,Prod Masivo 5945,182.09,153,1
5946,Prod Masivo 5946,495.17,59,7
5947,Prod Masivo 5947,124.89,186,1
5948,Prod Masivo 5948,277.69,74,8
5949,Prod Masivo 5949,328.49,117,5
5950,Prod Masivo 5950,51.07,160,4
5951,Prod Masivo 5951,40.51,180,3
5952,Prod Masivo 5952,343.4,111,5
5953,Prod Masivo 5953,461.81,105,4
5954,Prod Masivo 5954,379.88,74,4
5955,Prod Masivo 5955,373.6,28,4
5956,Prod Masivo 5956,10.6,17,7
5957,Prod Masivo 5957,121.25,115,2
5958,Prod Masivo 5958,189.05,134,8
5959,Prod Masivo 5959,340.53,187,7
5960,Prod Masivo 5960,302.46,109,6
5961,Prod Masivo 5961,454.53,82,7
5962,Prod Masivo 5962,89.52,194,5
5963,Prod Masivo 5963,58.64,92,1
5964,Prod Masivo 5964,336.07,96,1
5965,Prod Masivo 5965,158.75,167,3
5966,Prod Masivo 5966,342.83,163,4
5967,Prod Masivo 5967,464.42,46,3
5968,Prod Masivo 5968,106.18,50,1
5969,Prod Masivo 5969,260.11,114,6
5970,Prod Masivo 5970,347.94,103,3
5971,Prod Masivo 5971,361.59,136,1
5972,Prod Masivo 5972,62.64,129,2
5973,Prod Masivo 5973,61.72,56,2
5974,Prod Masivo 5974,188.39,93,5
5975,Prod Masivo 5975,220.8,57,1
5976,Prod Masivo 5976,266.76,146,5
5977,Prod Masivo 5977,413.76,12,1
5978,Prod Masivo 5978,302.37,115,8
5979,Prod Masivo 5979,425.56,178,4
5980,Prod Masivo 5980,183.09,123,3
5981,Prod Masivo 5981,452.05,18,5
5982,Prod Masivo 5982,115.84,65,3
5983,Prod Masivo 5983,458.6,139,2
5984,Prod Masivo 5984,43.07,45,7
5985,Prod Masivo 5985,390.89,146,2
5986,Prod Masivo 5986,294.53,155,5
5987,Prod Masivo 5987,361.2,58,2
5988,Prod Masivo 5988,457.46,55,1
5989,Prod Masivo 5989,222.1,149,7
5990,Prod Masivo 5990,40.55,98,3
5991,Prod Masivo 5991,471.98,173,3
5992,Prod Masivo 5992,211.92,177,6
5993,Prod Masivo 5993,295.52,83,6
5994,Prod Masivo 5994,297.86,49,2
5995,Prod Masivo 5995,216.11,141,6
5996,Prod Masivo 5996,174.86,95,8
5997,Prod Masivo 5997,215.62,151,7
5998,Prod Masivo 5998,242.04,73,4
5999,Prod Masivo 5999,428.85,84,6
6000,Prod Masivo 6000,171.65,104,1
6001,Prod Masivo 6001,127.31,199,5
6002,Prod Masivo 6002,368.74,196,4
6003,Prod Masivo 6003,16.96,47,5
6004,Prod Masivo 6004,309.57,143,3
6005,Prod Masivo 6005,140.22,171,6
6006,Prod Masivo 6006,165.57,82,2
6007,Prod Masivo 6007,365.28,92,1
6008,Prod Masivo 6008,142.29,23,7
6009,Prod Masivo 6009,425.51,188,5
6010,Prod Masivo 6010,108.36,106,8
6011,Prod Masivo 6011,471.86,135,6
6012,Prod Masivo 6012,378.43,104,7
6013,Prod Masivo 6013,295.9,29,7
6014,Prod Masivo 6014,45.05,79,3
6015,Prod Masivo 6015,53.75,37,4
6016,Prod Masivo 6016,138.84,144,5
6017,Prod Masivo 6017,15.7,122,8
6018,Prod Masivo 6018,259.15,172,7
6019,Prod Masivo 6019,370.56,107,4
6020,Prod Masivo 6020,489.05,122,1
6021,Prod Masivo 6021,140.88,108,5
6022,Prod Masivo 6022,482.13,90,5
6023,Prod Masivo 6023,377.25,109,4
6024,Prod Masivo 6024,63.54,100,3
6025,Prod Masivo 6025,323.64,97,4
6026,Prod Masivo 6026,419.28,26,7
6027,Prod Masivo 6027,296.85,94,6
6028,Prod Masivo 6028,395.44,105,5
6029,Prod Masivo 6029,408.97,173,3
6030,Prod Masivo 6030,172.95,118,2
6031,Prod Masivo 6031,334.28,182,8
6032,Prod Masivo 6032,113.58,101,4
6033,Prod Masivo 6033,228.72,117,2
6034,Prod Masivo 6034,76.77,64,7
6035,Prod Masivo 6035,354.64,83,8
6036,Prod Masivo 6036,330.28,61,6
6037,Prod Masivo 6037,419.55,169,6
6038,Prod Masivo 6038,145.23,20,8
6039,Prod Masivo 6039,428.53,10,4
6040,Prod Masivo 6040,10.28,178,3
6041,Prod Masivo 6041,343.91,113,1
6042,Prod Masivo 6042,379.6,23,1
6043,Prod Masivo 6043,134.91,36,3
6044,Prod Masivo 6044,327.22,54,3
6045,Prod Masivo 6045,161.88,180,7
6046,Prod Masivo 6046,72.86,39,3
6047,Prod Masivo 6047,473.76,48,8
6048,Prod Masivo 6048,188.0,65,1
6049,Prod Masivo 6049,142.93,159,7
6050,Prod Masivo 6050,217.26,192,1
6051,Prod Masivo 6051,165.38,165,4
6052,Prod Masivo 6052,31.66,53,2
6053,Prod Masivo 6053,444.63,145,3
6054,Prod Masivo 6054,455.59,31,8
6055,Prod Masivo 6055,345.13,30,3
6056,Prod Masivo 6056,21.88,109,5
6057,Prod Masivo 6057,123.34,158,8
6058,Prod Masivo 6058,47.65,20,5
6059,Prod Masivo 6059,151.7,92,7
6060,Prod Masivo 6060,268.85,41,2
6061,Prod Masivo 6061,497.94,35,3
6062,Prod Masivo 6062,221.96,16,6
6063,Prod Masivo 6063,43.79,186,1
6064,Prod Masivo 6064,432.54,24,4
6065,Prod Masivo 6065,198.89,115,2
6066,Prod Masivo 6066,255.31,43,5
6067,Prod Masivo 6067,409.79,135,8
6068,Prod Masivo 6068,335.74,136,8
6069,Prod Masivo 6069,193.87,88,8
6070,Prod Masivo 6070,19.88,119,5
6071,Prod Masivo 6071,136.87,32,3
6072,Prod Masivo 6072,356.22,124,5
6073,Prod Masivo 6073,336.42,182,5
6074,Prod Masivo 6074,336.31,103,3
6075,Prod Masivo 6075,214.38,137,8
6076,Prod Masivo 6076,308.87,189,2
6077,Prod Masivo 6077,220.73,120,3
6078,Prod Masivo 6078,401.97,29,6
6079,Prod Masivo 6079,117.32,149,8
6080,Prod Masivo 6080,494.24,133,5
6081,Prod Masivo 6081,99.18,154,1
6082,Prod Masivo 6082,145.66,17,3
6083,Prod Masivo 6083,31.3,15,3
6084,Prod Masivo 6084,201.49,112,7
6085,Prod Masivo 6085,366.6,51,8
6086,Prod Masivo 6086,477.5,74,2
6087,Prod Masivo 6087,222.6,103,1
6088,Prod Masivo 6088,495.0,170,7
6089,Prod Masivo 6089,362.1,66,2
6090,Prod Masivo 6090,353.25,156,4
6091,Prod Masivo 6091,58.18,159,1
6092,Prod Masivo 6092,340.41,185,8
6093,Prod Masivo 6093,237.41,179,3
6094,Prod Masivo 6094,319.53,78,6
6095,Prod Masivo 6095,161.42,37,8
6096,Prod Masivo 6096,479.21,200,1
6097,Prod Masivo 6097,67.86,44,6
6098,Prod Masivo 6098,395.75,175,2
6099,Prod Masivo 6099,289.34,26,6
6100,Prod Masivo 6100,166.14,99,2
6101,Prod Masivo 6101,333.31,112,8
6102,Prod Masivo 6102,234.46,124,1
6103,Prod Masivo 6103,450.55,68,4
6104,Prod Masivo 6104,76.4,111,5
6105,Prod Masivo 6105,371.98,172,3
6106,Prod Masivo 6106,325.5,115,1
6107,Prod Masivo 6107,351.95,121,2
6108,Prod Masivo 6108,290.63,172,7
6109,Prod Masivo 6109,166.5,96,4
6110,Prod Masivo 6110,388.71,171,2
6111,Prod Masivo 6111,328.88,99,7
6112,Prod Masivo 6112,314.77,114,3
6113,Prod Masivo 6113,188.83,69,8
6114,Prod Masivo 6114,160.63,102,3
6115,Prod Masivo 6115,485.58,84,5
6116,Prod Masivo 6116,425.43,116,1
6117,Prod Masivo 6117,90.44,186,6
6118,Prod Masivo 6118,203.12,69,4
6119,Prod Masivo 6119,410.87,192,6
6120,Prod Masivo 6120,437.42,26,4
6121,Prod Masivo 6121,87.22,88,1
6122,Prod Masivo 6122,74.16,154,7
6123,Prod Masivo 6123,15.31,55,4
6124,Prod Masivo 6124,398.27,20,1
6125,Prod Masivo 6125,170.11,175,2
6126,Prod Masivo 6126,472.18,123,8
6127,Prod Masivo 6127,73.4,166,4
6128,Prod Masivo 6128,141.69,194,7
6129,Prod Masivo 6129,107.67,69,5
6130,Prod Masivo 6130,428.35,109,8
6131,Prod Masivo 6131,366.96,128,5
6132,Prod Masivo 6132,135.08,154,5
6133,Prod Masivo 6133,180.17,85,2
6134,Prod Masivo 6134,215.95,112,6
6135,Prod Masivo 6135,194.9,173,3
6136,Prod Masivo 6136,46.48,157,1
6137,Prod Masivo 6137,57.51,101,2
6138,Prod Masivo 6138,322.71,90,3
6139,Prod Masivo 6139,403.26,174,1
6140,Prod Masivo 6140,419.64,26,5
6141,Prod Masivo 6141,326.9,46,6
6142,Prod Masivo 6142,408.19,66,4
6143,Prod Masivo 6143,94.41,51,6
6144,Prod Masivo 6144,45.93,18,6
6145,Prod Masivo 6145,196.05,114,1
6146,Prod Masivo 6146,78.79,100,2
6147,Prod Masivo 6147,387.13,200,1
6148,Prod Masivo 6148,411.6,24,3
6149,Prod Masivo 6149,327.95,192,3
6150,Prod Masivo 6150,88.11,79,5
6151,Prod Masivo 6151,195.95,177,4
6152,Prod Masivo 6152,234.03,168,3
6153,Prod Masivo 6153,37.12,13,4
6154,Prod Masivo 6154,303.37,150,8
6155,Prod Masivo 6155,245.66,61,6
6156,Prod Masivo 6156,323.45,154,7
6157,Prod Masivo 6157,391.04,193,8
6158,Prod Masivo 6158,205.71,149,2
6159,Prod Masivo 6159,297.97,134,7
6160,Prod Masivo 6160,470.33,187,7
6161,Prod Masivo 6161,168.59,13,3
6162,Prod Masivo 6162,138.35,185,7
6163,Prod Masivo 6163,85.57,151,2
6164,Prod Masivo 6164,197.53,173,5
6165,Prod Masivo 6165,439.85,85,3
6166,Prod Masivo 6166,287.43,46,8
6167,Prod Masivo 6167,188.96,72,6
6168,Prod Masivo 6168,321.59,143,5
6169,Prod Masivo 6169,170.58,53,6
6170,Prod Masivo 6170,277.59,128,8
6171,Prod Masivo 6171,319.36,60,1
6172,Prod Masivo 6172,16.58,72,7
6173,Prod Masivo 6173,78.73,60,7
6174,Prod Masivo 6174,385.68,36,5
6175,Prod Masivo 6175,149.4,190,7
6176,Prod Masivo 6176,252.98,111,7
6177,Prod Masivo 6177,72.53,59,4
6178,Prod Masivo 6178,131.09,59,2
6179,Prod Masivo 6179,127.54,200,8
6180,Prod Masivo 6180,117.51,17,7
6181,Prod Masivo 6181,236.97,161,2
6182,Prod Masivo 6182,134.31,38,2
6183,Prod Masivo 6183,376.09,53,2
6184,Prod Masivo 6184,341.38,157,5
6185,Prod Masivo 6185,366.92,51,1
6186,Prod Masivo 6186,291.34,41,8
6187,Prod Masivo 6187,82.6,77,4
6188,Prod Masivo 6188,447.91,117,1
6189,Prod Masivo 6189,286.21,123,8
6190,Prod Masivo 6190,391.64,68,7
6191,Prod Masivo 6191,456.01,166,2
6192,Prod Masivo 6192,326.97,37,5
6193,Prod Masivo 6193,227.65,50,3
6194,Prod Masivo 6194,149.67,16,3
6195,Prod Masivo 6195,61.17,127,3
6196,Prod Masivo 6196,272.53,85,8
6197,Prod Masivo 6197,294.45,146,1
6198,Prod Masivo 6198,202.73,188,5
6199,Prod Masivo 6199,212.96,84,5
6200,Prod Masivo 6200,452.91,159,2
6201,Prod Masivo 6201,168.8,58,5
6202,Prod Masivo 6202,469.43,140,7
6203,Prod Masivo 6203,17.87,57,6
6204,Prod Masivo 6204,320.31,75,1
6205,Prod Masivo 6205,418.64,94,3
6206,Prod Masivo 6206,405.76,36,5
6207,Prod Masivo 6207,179.29,102,8
6208,Prod Masivo 6208,324.43,130,1
6209,Prod Masivo 6209,94.19,131,7
6210,Prod Masivo 6210,81.6,116,5
6211,Prod Masivo 6211,322.55,50,5
6212,Prod Masivo 6212,483.02,85,8
6213,Prod Masivo 6213,137.31,38,5
6214,Prod Masivo 6214,458.74,193,7
6215,Prod Masivo 6215,487.69,66,8
6216,Prod Masivo 6216,403.33,106,7
6217,Prod Masivo 6217,164.37,145,4
6218,Prod Masivo 6218,192.25,77,2
6219,Prod Masivo 6219,71.99,134,4
6220,Prod Masivo 6220,424.49,185,5
6221,Prod Masivo 6221,218.3,102,6
6222,Prod Masivo 6222,151.23,70,3
6223,Prod Masivo 6223,285.55,111,3
6224,Prod Masivo 6224,450.15,170,1
6225,Prod Masivo 6225,215.96,33,8
6226,Prod Masivo 6226,46.89,94,8
6227,Prod Masivo 6227,53.37,39,5
6228,Prod Masivo 6228,88.51,121,5
6229,Prod Masivo 6229,16.22,115,3
6230,Prod Masivo 6230,65.52,15,5
6231,Prod Masivo 6231,231.22,22,6
6232,Prod Masivo 6232,116.53,200,2
6233,Prod Masivo 6233,149.11,172,7
6234,Prod Masivo 6234,82.34,128,7
6235,Prod Masivo 6235,212.4,24,3
6236,Prod Masivo 6236,497.2,81,4
6237,Prod Masivo 6237,91.41,73,2
6238,Prod Masivo 6238,438.18,144,8
6239,Prod Masivo 6239,152.0,24,2
6240,Prod Masivo 6240,44.47,145,3
6241,Prod Masivo 6241,454.44,36,1
6242,Prod Masivo 6242,273.63,186,3
6243,Prod Masivo 6243,171.94,167,1
6244,Prod Masivo 6244,326.22,73,5
6245,Prod Masivo 6245,237.88,22,5
6246,Prod Masivo 6246,327.24,107,3
6247,Prod Masivo 6247,132.28,63,7
6248,Prod Masivo 6248,221.7,147,5
6249,Prod Masivo 6249,47.65,93,1
6250,Prod Masivo 6250,215.56,138,7
6251,Prod Masivo 6251,228.0,22,4
6252,Prod Masivo 6252,415.29,127,1
6253,Prod Masivo 6253,277.3,137,6
6254,Prod Masivo 6254,145.59,158,5
6255,Prod Masivo 6255,451.84,83,7
6256,Prod Masivo 6256,352.0,13,3
6257,Prod Masivo 6257,419.31,173,6
6258,Prod Masivo 6258,339.37,119,1
6259,Prod Masivo 6259,391.53,120,7
6260,Prod Masivo 6260,54.54,115,2
6261,Prod Masivo 6261,100.01,70,1
6262,Prod Masivo 6262,200.98,18,8
6263,Prod Masivo 6263,34.54,13,5
6264,Prod Masivo 6264,213.98,34,5
6265,Prod Masivo 6265,36.07,74,2
6266,Prod Masivo 6266,61.72,55,1
6267,Prod Masivo 6267,307.59,161,6
6268,Prod Masivo 6268,121.71,42,1
6269,Prod Masivo 6269,253.92,36,2
6270,Prod Masivo 6270,361.51,188,6
6271,Prod Masivo 6271,40.83,139,1
6272,Prod Masivo 6272,321.19,76,7
6273,Prod Masivo 6273,52.03,40,2
6274,Prod Masivo 6274,436.36,87,3
6275,Prod Masivo 6275,417.7,62,2
6276,Prod Masivo 6276,283.16,127,2
6277,Prod Masivo 6277,333.83,101,2
6278,Prod Masivo 6278,380.48,156,4
6279,Prod Masivo 6279,300.55,20,5
6280,Prod Masivo 6280,224.76,51,3
6281,Prod Masivo 6281,186.27,53,4
6282,Prod Masivo 6282,343.2,34,7
6283,Prod Masivo 6283,130.84,39,8
6284,Prod Masivo 6284,183.67,77,6
6285,Prod Masivo 6285,36.31,26,3
6286,Prod Masivo 6286,427.67,143,1
6287,Prod Masivo 6287,96.71,176,7
6288,Prod Masivo 6288,238.49,135,5
6289,Prod Masivo 6289,25.63,190,4
6290,Prod Masivo 6290,266.36,184,2
6291,Prod Masivo 6291,374.56,42,3
6292,Prod Masivo 6292,424.59,66,2
6293,Prod Masivo 6293,86.98,107,3
6294,Prod Masivo 6294,385.4,21,1
6295,Prod Masivo 6295,355.09,72,5
6296,Prod Masivo 6296,182.61,108,7
6297,Prod Masivo 6297,459.38,88,7
6298,Prod Masivo 6298,127.4,84,8
6299,Prod Masivo 6299,274.01,101,1
6300,Prod Masivo 6300,419.55,200,5
6301,Prod Masivo 6301,128.58,159,4
6302,Prod Masivo 6302,487.95,155,5
6303,Prod Masivo 6303,100.81,49,4
6304,Prod Masivo 6304,264.78,153,3
6305,Prod Masivo 6305,331.07,165,6
6306,Prod Masivo 6306,296.85,50,7
6307,Prod Masivo 6307,142.73,113,5
6308,Prod Masivo 6308,340.46,73,3
6309,Prod Masivo 6309,145.34,136,6
6310,Prod Masivo 6310,476.34,139,7
6311,Prod Masivo 6311,447.51,38,1
6312,Prod Masivo 6312,465.88,54,5
6313,Prod Masivo 6313,55.53,167,3
6314,Prod Masivo 6314,144.55,119,6
6315,Prod Masivo 6315,384.8,86,1
6316,Prod Masivo 6316,170.48,108,4
6317,Prod Masivo 6317,200.56,164,7
6318,Prod Masivo 6318,360.13,35,6
6319,Prod Masivo 6319,224.0,196,3
6320,Prod Masivo 6320,331.13,51,8
6321,Prod Masivo 6321,122.56,85,8
6322,Prod Masivo 6322,390.98,75,6
6323,Prod Masivo 6323,42.81,159,4
6324,Prod Masivo 6324,30.74,31,4
6325,Prod Masivo 6325,395.11,12,4
6326,Prod Masivo 6326,93.24,74,2
6327,Prod Masivo 6327,348.19,167,4
6328,Prod Masivo 6328,232.36,57,6
6329,Prod Masivo 6329,127.84,189,3
6330,Prod Masivo 6330,210.66,49,3
6331,Prod Masivo 6331,12.17,141,6
6332,Prod Masivo 6332,187.89,110,7
6333,Prod Masivo 6333,332.4,90,1
6334,Prod Masivo 6334,455.33,100,1
6335,Prod Masivo 6335,396.1,11,7
6336,Prod Masivo 6336,151.11,48,4
6337,Prod Masivo 6337,380.16,31,7
6338,Prod Masivo 6338,223.91,122,6
6339,Prod Masivo 6339,456.43,124,8
6340,Prod Masivo 6340,17.68,81,2
6341,Prod Masivo 6341,80.74,72,4
6342,Prod Masivo 6342,406.8,79,4
6343,Prod Masivo 6343,187.71,16,3
6344,Prod Masivo 6344,371.11,113,5
6345,Prod Masivo 6345,101.25,33,2
6346,Prod Masivo 6346,430.68,180,1
6347,Prod Masivo 6347,499.2,148,6
6348,Prod Masivo 6348,250.31,144,5
6349,Prod Masivo 6349,429.13,108,7
6350,Prod Masivo 6350,117.78,64,6
6351,Prod Masivo 6351,109.46,19,6
6352,Prod Masivo 6352,43.9,200,4
6353,Prod Masivo 6353,153.05,196,3
6354,Prod Masivo 6354,121.46,184,6
6355,Prod Masivo 6355,332.17,143,3
6356,Prod Masivo 6356,155.28,183,7
6357,Prod Masivo 6357,474.19,128,4
6358,Prod Masivo 6358,34.34,102,5
6359,Prod Masivo 6359,305.84,158,1
6360,Prod Masivo 6360,65.33,121,1
6361,Prod Masivo 6361,276.85,51,1
6362,Prod Masivo 6362,246.73,160,4
6363,Prod Masivo 6363,194.06,157,3
6364,Prod Masivo 6364,146.45,141,7
6365,Prod Masivo 6365,193.03,176,3
6366,Prod Masivo 6366,368.61,176,3
6367,Prod Masivo 6367,497.86,151,1
6368,Prod Masivo 6368,108.09,119,2
6369,Prod Masivo 6369,415.13,38,8
6370,Prod Masivo 6370,261.95,38,5
6371,Prod Masivo 6371,85.92,66,8
6372,Prod Masivo 6372,80.71,191,8
6373,Prod Masivo 6373,322.69,145,2
6374,Prod Masivo 6374,238.2,185,1
6375,Prod Masivo 6375,268.39,19,1
6376,Prod Masivo 6376,294.49,120,3
6377,Prod Masivo 6377,34.75,70,2
6378,Prod Masivo 6378,245.24,187,3
6379,Prod Masivo 6379,356.08,130,5
6380,Prod Masivo 6380,12.03,34,2
6381,Prod Masivo 6381,111.9,200,2
6382,Prod Masivo 6382,466.87,114,4
6383,Prod Masivo 6383,243.69,29,7
6384,Prod Masivo 6384,374.43,200,1
6385,Prod Masivo 6385,355.88,184,6
6386,Prod Masivo 6386,64.64,133,5
6387,Prod Masivo 6387,26.81,190,5
6388,Prod Masivo 6388,186.24,96,3
6389,Prod Masivo 6389,245.6,18,5
6390,Prod Masivo 6390,211.42,20,8
6391,Prod Masivo 6391,167.49,116,5
6392,Prod Masivo 6392,97.1,177,5
6393,Prod Masivo 6393,340.72,149,4
6394,Prod Masivo 6394,300.82,62,4
6395,Prod Masivo 6395,152.94,132,5
6396,Prod Masivo 6396,363.98,131,5
6397,Prod Masivo 6397,362.75,35,5
6398,Prod Masivo 6398,478.62,189,8
6399,Prod Masivo 6399,34.89,126,5
6400,Prod Masivo 6400,154.84,89,4
6401,Prod Masivo 6401,258.37,88,4
6402,Prod Masivo 6402,458.65,94,2
6403,Prod Masivo 6403,39.79,96,8
6404,Prod Masivo 6404,157.28,36,1
6405,Prod Masivo 6405,283.43,48,5
6406,Prod Masivo 6406,260.3,73,8
6407,Prod Masivo 6407,202.76,174,3
6408,Prod Masivo 6408,15.11,188,4
6409,Prod Masivo 6409,456.27,56,5
6410,Prod Masivo 6410,171.7,37,8
6411,Prod Masivo 6411,42.71,43,3
6412,Prod Masivo 6412,192.8,93,8
6413,Prod Masivo 6413,38.85,66,3
6414,Prod Masivo 6414,310.13,51,6
6415,Prod Masivo 6415,143.79,93,5
6416,Prod Masivo 6416,33.71,199,2
6417,Prod Masivo 6417,292.84,135,8
6418,Prod Masivo 6418,362.29,100,2
6419,Prod Masivo 6419,108.32,68,8
6420,Prod Masivo 6420,189.15,85,8
6421,Prod Masivo 6421,314.82,43,8
6422,Prod Masivo 6422,13.05,77,8
6423,Prod Masivo 6423,430.94,77,7
6424,Prod Masivo 6424,241.26,153,7
6425,Prod Masivo 6425,449.92,158,2
6426,Prod Masivo 6426,301.73,56,4
6427,Prod Masivo 6427,236.78,172,3
6428,Prod Masivo 6428,294.28,93,6
6429,Prod Masivo 6429,52.96,136,2
6430,Prod Masivo 6430,275.93,49,5
6431,Prod Masivo 6431,411.97,51,7
6432,Prod Masivo 6432,257.54,164,1
6433,Prod Masivo 6433,245.39,109,1
6434,Prod Masivo 6434,232.12,104,8
6435,Prod Masivo 6435,447.12,113,4
6436,Prod Masivo 6436,178.97,10,4
6437,Prod Masivo 6437,177.69,90,8
6438,Prod Masivo 6438,305.34,19,4
6439,Prod Masivo 6439,187.68,192,3
6440,Prod Masivo 6440,142.85,12,4
6441,Prod Masivo 6441,378.17,191,2
6442,Prod Masivo 6442,287.47,48,2
6443,Prod Masivo 6443,119.99,59,2
6444,Prod Masivo 6444,393.55,114,6
6445,Prod Masivo 6445,249.66,141,8
6446,Prod Masivo 6446,347.01,17,5
6447,Prod Masivo 6447,96.89,124,1
6448,Prod Masivo 6448,272.77,186,7
6449,Prod Masivo 6449,499.35,192,3
6450,Prod Masivo 6450,495.36,190,4
6451,Prod Masivo 6451,359.35,182,4
6452,Prod Masivo 6452,414.07,123,5
6453,Prod Masivo 6453,447.64,136,6
6454,Prod Masivo 6454,461.96,159,4
6455,Prod Masivo 6455,411.51,61,6
6456,Prod Masivo 6456,481.92,84,3
6457,Prod Masivo 6457,37.41,24,6
6458,Prod Masivo 6458,250.62,157,2
6459,Prod Masivo 6459,297.77,46,1
6460,Prod Masivo 6460,413.73,23,4
6461,Prod Masivo 6461,69.58,180,3
6462,Prod Masivo 6462,47.08,190,6
6463,Prod Masivo 6463,376.29,101,7
6464,Prod Masivo 6464,70.2,10,8
6465,Prod Masivo 6465,300.16,133,8
6466,Prod Masivo 6466,284.87,92,8
6467,Prod Masivo 6467,220.82,99,8
6468,Prod Masivo 6468,202.41,39,7
6469,Prod Masivo 6469,187.81,45,8
6470,Prod Masivo 6470,435.23,97,7
6471,Prod Masivo 6471,269.04,44,6
6472,Prod Masivo 6472,20.0,187,3
6473,Prod Masivo 6473,372.35,95,5
6474,Prod Masivo 6474,182.36,104,7
6475,Prod Masivo 6475,447.18,109,5
6476,Prod Masivo 6476,245.61,118,6
6477,Prod Masivo 6477,460.98,53,7
6478,Prod Masivo 6478,162.57,132,3
6479,Prod Masivo 6479,114.86,58,4
6480,Prod Masivo 6480,109.36,161,7
6481,Prod Masivo 6481,258.39,92,3
6482,Prod Masivo 6482,31.5,99,1
6483,Prod Masivo 6483,349.97,140,2
6484,Prod Masivo 6484,288.95,91,8
6485,Prod Masivo 6485,177.95,137,5
6486,Prod Masivo 6486,140.17,43,2
6487,Prod Masivo 6487,302.58,121,4
6488,Prod Masivo 6488,200.45,130,5
6489,Prod Masivo 6489,378.93,42,6
6490,Prod Masivo 6490,13.86,93,2
6491,Prod Masivo 6491,173.07,67,8
6492,Prod Masivo 6492,175.27,185,6
6493,Prod Masivo 6493,217.15,189,6
6494,Prod Masivo 6494,482.74,12,1
6495,Prod Masivo 6495,427.77,186,4
6496,Prod Masivo 6496,457.02,88,4
6497,Prod Masivo 6497,62.34,138,5
6498,Prod Masivo 6498,172.96,184,7
6499,Prod Masivo 6499,296.6,90,5
6500,Prod Masivo 6500,261.77,197,4
6501,Prod Masivo 6501,260.49,106,1
6502,Prod Masivo 6502,204.2,143,1
6503,Prod Masivo 6503,231.18,90,1
6504,Prod Masivo 6504,292.45,138,3
6505,Prod Masivo 6505,14.13,46,8
6506,Prod Masivo 6506,370.4,12,3
6507,Prod Masivo 6507,490.95,164,5
6508,Prod Masivo 6508,153.1,134,4
6509,Prod Masivo 6509,448.34,190,3
6510,Prod Masivo 6510,172.91,58,6
6511,Prod Masivo 6511,192.2,94,1
6512,Prod Masivo 6512,305.99,135,2
6513,Prod Masivo 6513,141.14,180,4
6514,Prod Masivo 6514,417.84,135,3
6515,Prod Masivo 6515,422.59,87,8
6516,Prod Masivo 6516,91.72,66,6
6517,Prod Masivo 6517,14.7,78,1
6518,Prod Masivo 6518,416.37,109,6
6519,Prod Masivo 6519,441.42,10,7
6520,Prod Masivo 6520,401.62,43,8
6521,Prod Masivo 6521,51.59,195,7
6522,Prod Masivo 6522,280.73,52,4
6523,Prod Masivo 6523,265.04,11,4
6524,Prod Masivo 6524,119.2,35,5
6525,Prod Masivo 6525,178.89,15,2
6526,Prod Masivo 6526,444.81,66,5
6527,Prod Masivo 6527,458.43,29,2
6528,Prod Masivo 6528,109.22,93,8
6529,Prod Masivo 6529,28.53,17,2
6530,Prod Masivo 6530,231.99,15,5
6531,Prod Masivo 6531,265.6,33,4
6532,Prod Masivo 6532,310.78,185,1
6533,Prod Masivo 6533,253.35,154,4
6534,Prod Masivo 6534,435.08,26,5
6535,Prod Masivo 6535,167.35,193,4
6536,Prod Masivo 6536,271.3,95,5
6537,Prod Masivo 6537,138.43,100,3
6538,Prod Masivo 6538,385.02,55,4
6539,Prod Masivo 6539,467.25,75,3
6540,Prod Masivo 6540,278.75,48,5
6541,Prod Masivo 6541,456.0,102,2
6542,Prod Masivo 6542,260.05,145,3
6543,Prod Masivo 6543,12.19,158,3
6544,Prod Masivo 6544,450.7,16,3
6545,Prod Masivo 6545,262.75,139,6
6546,Prod Masivo 6546,445.06,33,4
6547,Prod Masivo 6547,450.41,17,7
6548,Prod Masivo 6548,382.09,198,7
6549,Prod Masivo 6549,225.74,145,8
6550,Prod Masivo 6550,444.19,179,2
6551,Prod Masivo 6551,396.02,73,6
6552,Prod Masivo 6552,88.57,155,3
6553,Prod Masivo 6553,287.93,100,8
6554,Prod Masivo 6554,488.22,154,2
6555,Prod Masivo 6555,386.46,66,1
6556,Prod Masivo 6556,70.84,37,2
6557,Prod Masivo 6557,202.68,139,5
6558,Prod Masivo 6558,432.38,189,6
6559,Prod Masivo 6559,127.42,150,5
6560,Prod Masivo 6560,272.68,189,6
6561,Prod Masivo 6561,487.63,182,1
6562,Prod Masivo 6562,63.96,86,3
6563,Prod Masivo 6563,146.31,81,3
6564,Prod Masivo 6564,100.48,22,2
6565,Prod Masivo 6565,260.52,194,2
6566,Prod Masivo 6566,454.17,143,2
6567,Prod Masivo 6567,81.41,64,1
6568,Prod Masivo 6568,168.77,80,3
6569,Prod Masivo 6569,200.23,95,6
6570,Prod Masivo 6570,406.97,178,1
6571,Prod Masivo 6571,430.23,110,1
6572,Prod Masivo 6572,260.89,149,7
6573,Prod Masivo 6573,134.61,65,1
6574,Prod Masivo 6574,297.62,200,4
6575,Prod Masivo 6575,214.24,140,7
6576,Prod Masivo 6576,129.13,116,6
6577,Prod Masivo 6577,461.44,63,6
6578,Prod Masivo 6578,103.92,29,5
6579,Prod Masivo 6579,51.27,63,4
6580,Prod Masivo 6580,62.5,107,6
6581,Prod Masivo 6581,495.68,45,1
6582,Prod Masivo 6582,116.47,40,4
6583,Prod Masivo 6583,352.64,133,7
6584,Prod Masivo 6584,210.35,11,2
6585,Prod Masivo 6585,158.7,182,5
6586,Prod Masivo 6586,30.01,151,3
6587,Prod Masivo 6587,493.31,75,5
6588,Prod Masivo 6588,245.78,145,6
6589,Prod Masivo 6589,77.68,54,4
6590,Prod Masivo 6590,486.47,117,5
6591,Prod Masivo 6591,19.39,145,8
6592,Prod Masivo 6592,406.11,195,3
6593,Prod Masivo 6593,284.21,163,3
6594,Prod Masivo 6594,85.87,22,5
6595,Prod Masivo 6595,108.0,166,1
6596,Prod Masivo 6596,235.07,179,4
6597,Prod Masivo 6597,105.72,14,7
6598,Prod Masivo 6598,431.43,88,3
6599,Prod Masivo 6599,186.46,85,6
6600,Prod Masivo 6600,343.6,22,8
6601,Prod Masivo 6601,224.45,162,5
6602,Prod Masivo 6602,380.29,13,4
6603,Prod Masivo 6603,147.88,107,8
6604,Prod Masivo 6604,275.83,142,5
6605,Prod Masivo 6605,164.85,155,4
6606,Prod Masivo 6606,420.01,38,5
6607,Prod Masivo 6607,275.5,79,3
6608,Prod Masivo 6608,228.78,165,8
6609,Prod Masivo 6609,317.73,13,8
6610,Prod Masivo 6610,98.26,12,5
6611,Prod Masivo 6611,289.76,22,5
6612,Prod Masivo 6612,297.53,171,4
6613,Prod Masivo 6613,472.58,66,6
6614,Prod Masivo 6614,418.19,35,5
6615,Prod Masivo 6615,106.2,126,5
6616,Prod Masivo 6616,16.21,181,7
6617,Prod Masivo 6617,315.36,100,7
6618,Prod Masivo 6618,474.44,108,2
6619,Prod Masivo 6619,419.79,21,2
6620,Prod Masivo 6620,403.74,63,4
6621,Prod Masivo 6621,367.58,183,6
6622,Prod Masivo 6622,359.55,193,1
6623,Prod Masivo 6623,295.75,13,8
6624,Prod Masivo 6624,182.4,152,1
6625,Prod Masivo 6625,128.32,102,1
6626,Prod Masivo 6626,368.48,195,7
6627,Prod Masivo 6627,458.84,76,4
6628,Prod Masivo 6628,412.33,197,8
6629,Prod Masivo 6629,393.3,49,4
6630,Prod Masivo 6630,335.79,99,7
6631,Prod Masivo 6631,124.82,41,8
6632,Prod Masivo 6632,25.32,132,8
6633,Prod Masivo 6633,211.99,175,1
6634,Prod Masivo 6634,234.8,141,1
6635,Prod Masivo 6635,183.69,48,8
6636,Prod Masivo 6636,66.78,112,2
6637,Prod Masivo 6637,364.98,49,2
6638,Prod Masivo 6638,365.4,35,3
6639,Prod Masivo 6639,17.77,163,4
6640,Prod Masivo 6640,169.24,21,4
6641,Prod Masivo 6641,248.17,143,3
6642,Prod Masivo 6642,335.81,16,1
6643,Prod Masivo 6643,404.33,42,4
6644,Prod Masivo 6644,408.83,198,1
6645,Prod Masivo 6645,157.72,28,6
6646,Prod Masivo 6646,68.41,69,6
6647,Prod Masivo 6647,205.48,62,7
6648,Prod Masivo 6648,294.34,142,4
6649,Prod Masivo 6649,122.51,192,1
6650,Prod Masivo 6650,340.63,45,5
6651,Prod Masivo 6651,62.32,34,2
6652,Prod Masivo 6652,26.54,26,1
6653,Prod Masivo 6653,34.97,155,6
6654,Prod Masivo 6654,257.31,149,1
6655,Prod Masivo 6655,230.51,57,6
6656,Prod Masivo 6656,326.45,110,5
6657,Prod Masivo 6657,269.67,100,4
6658,Prod Masivo 6658,484.15,132,6
6659,Prod Masivo 6659,161.55,80,6
6660,Prod Masivo 6660,100.93,148,8
6661,Prod Masivo 6661,402.23,97,3
6662,Prod Masivo 6662,486.96,185,1
6663,Prod Masivo 6663,28.44,51,1
6664,Prod Masivo 6664,437.11,123,2
6665,Prod Masivo 6665,372.41,154,6
6666,Prod Masivo 6666,410.91,188,4
6667,Prod Masivo 6667,447.08,49,2
6668,Prod Masivo 6668,264.48,142,2
6669,Prod Masivo 6669,429.95,67,5
6670,Prod Masivo 6670,497.45,198,7
6671,Prod Masivo 6671,83.95,90,8
6672,Prod Masivo 6672,368.05,162,6
6673,Prod Masivo 6673,327.15,124,6
6674,Prod Masivo 6674,186.88,179,3
6675,Prod Masivo 6675,380.26,11,7
6676,Prod Masivo 6676,334.19,97,8
6677,Prod Masivo 6677,482.53,11,3
6678,Prod Masivo 6678,14.33,51,1
6679,Prod Masivo 6679,181.89,111,3
6680,Prod Masivo 6680,463.13,197,4
6681,Prod Masivo 6681,52.6,129,8
6682,Prod Masivo 6682,315.58,36,8
6683,Prod Masivo 6683,314.93,76,1
6684,Prod Masivo 6684,485.94,91,2
6685,Prod Masivo 6685,48.35,33,1
6686,Prod Masivo 6686,121.27,24,2
6687,Prod Masivo 6687,194.61,47,1
6688,Prod Masivo 6688,32.59,38,1
6689,Prod Masivo 6689,400.98,130,2
6690,Prod Masivo 6690,273.38,32,4
6691,Prod Masivo 6691,324.07,73,8
6692,Prod Masivo 6692,306.54,197,7
6693,Prod Masivo 6693,39.87,101,6
6694,Prod Masivo 6694,448.41,109,7
6695,Prod Masivo 6695,30.6,137,5
6696,Prod Masivo 6696,416.1,39,4
6697,Prod Masivo 6697,249.21,99,1
6698,Prod Masivo 6698,133.54,111,8
6699,Prod Masivo 6699,325.32,50,7
6700,Prod Masivo 6700,488.84,98,3
6701,Prod Masivo 6701,138.84,75,5
6702,Prod Masivo 6702,179.6,186,6
6703,Prod Masivo 6703,246.72,26,6
6704,Prod Masivo 6704,438.59,62,6
6705,Prod Masivo 6705,62.96,131,1
6706,Prod Masivo 6706,342.58,118,1
6707,Prod Masivo 6707,438.24,116,4
6708,Prod Masivo 6708,136.91,78,2
6709,Prod Masivo 6709,470.97,130,4
6710,Prod Masivo 6710,284.53,107,5
6711,Prod Masivo 6711,27.9,193,4
6712,Prod Masivo 6712,176.7,183,7
6713,Prod Masivo 6713,462.21,163,2
6714,Prod Masivo 6714,462.87,120,4
6715,Prod Masivo 6715,95.98,36,4
6716,Prod Masivo 6716,102.77,157,1
6717,Prod Masivo 6717,153.48,159,3
6718,Prod Masivo 6718,236.91,49,6
6719,Prod Masivo 6719,233.12,176,5
6720,Prod Masivo 6720,181.14,33,3
6721,Prod Masivo 6721,426.5,102,6
6722,Prod Masivo 6722,453.03,35,3
6723,Prod Masivo 6723,234.76,65,4
6724,Prod Masivo 6724,140.1,135,4
6725,Prod Masivo 6725,304.73,185,6
6726,Prod Masivo 6726,272.65,94,1
6727,Prod Masivo 6727,449.27,19,1
6728,Prod Masivo 6728,227.18,111,6
6729,Prod Masivo 6729,325.18,124,8
6730,Prod Masivo 6730,224.0,128,8
6731,Prod Masivo 6731,50.71,78,3
6732,Prod Masivo 6732,465.27,191,2
6733,Prod Masivo 6733,54.8,197,5
6734,Prod Masivo 6734,122.63,149,5
6735,Prod Masivo 6735,233.18,143,6
6736,Prod Masivo 6736,12.29,18,5
6737,Prod Masivo 6737,77.5,16,1
6738,Prod Masivo 6738,407.37,43,6
6739,Prod Masivo 6739,300.63,140,8
6740,Prod Masivo 6740,443.08,61,3
6741,Prod Masivo 6741,168.42,38,1
6742,Prod Masivo 6742,397.71,152,2
6743,Prod Masivo 6743,348.14,90,8
6744,Prod Masivo 6744,122.7,160,1
6745,Prod Masivo 6745,488.23,96,2
6746,Prod Masivo 6746,262.46,159,2
6747,Prod Masivo 6747,123.45,146,3
6748,Prod Masivo 6748,452.96,186,5
6749,Prod Masivo 6749,343.19,25,3
6750,Prod Masivo 6750,412.82,69,6
6751,Prod Masivo 6751,31.16,109,6
6752,Prod Masivo 6752,472.52,114,5
6753,Prod Masivo 6753,180.08,85,2
6754,Prod Masivo 6754,333.86,40,3
6755,Prod Masivo 6755,353.74,80,4
6756,Prod Masivo 6756,491.21,170,5
6757,Prod Masivo 6757,451.32,76,3
6758,Prod Masivo 6758,96.47,69,5
6759,Prod Masivo 6759,406.95,102,5
6760,Prod Masivo 6760,472.51,50,7
6761,Prod Masivo 6761,48.45,114,4
6762,Prod Masivo 6762,42.09,128,3
6763,Prod Masivo 6763,212.58,131,5
6764,Prod Masivo 6764,73.07,36,4
6765,Prod Masivo 6765,415.99,98,8
6766,Prod Masivo 6766,143.59,12,3
6767,Prod Masivo 6767,359.5,46,4
6768,Prod Masivo 6768,26.63,176,2
6769,Prod Masivo 6769,96.49,198,4
6770,Prod Masivo 6770,378.22,134,6
6771,Prod Masivo 6771,229.71,23,5
6772,Prod Masivo 6772,396.97,84,4
6773,Prod Masivo 6773,162.38,122,8
6774,Prod Masivo 6774,417.39,47,3
6775,Prod Masivo 6775,185.29,171,1
6776,Prod Masivo 6776,32.67,75,2
6777,Prod Masivo 6777,359.46,152,3
6778,Prod Masivo 6778,46.42,32,3
6779,Prod Masivo 6779,400.68,183,1
6780,Prod Masivo 6780,202.85,179,8
6781,Prod Masivo 6781,239.4,102,5
6782,Prod Masivo 6782,170.4,97,8
6783,Prod Masivo 6783,85.67,141,8
6784,Prod Masivo 6784,52.95,176,5
6785,Prod Masivo 6785,18.35,92,6
6786,Prod Masivo 6786,482.18,33,5
6787,Prod Masivo 6787,160.36,54,2
6788,Prod Masivo 6788,285.63,115,7
6789,Prod Masivo 6789,60.97,29,6
6790,Prod Masivo 6790,41.32,31,2
6791,Prod Masivo 6791,266.63,112,2
6792,Prod Masivo 6792,114.4,91,4
6793,Prod Masivo 6793,424.58,99,3
6794,Prod Masivo 6794,465.41,108,5
6795,Prod Masivo 6795,28.34,157,2
6796,Prod Masivo 6796,430.17,85,1
6797,Prod Masivo 6797,95.74,96,4
6798,Prod Masivo 6798,440.2,179,7
6799,Prod Masivo 6799,295.3,60,4
6800,Prod Masivo 6800,160.19,198,3
6801,Prod Masivo 6801,229.57,137,2
6802,Prod Masivo 6802,485.46,117,5
6803,Prod Masivo 6803,49.26,46,8
6804,Prod Masivo 6804,469.82,85,6
6805,Prod Masivo 6805,192.93,76,2
6806,Prod Masivo 6806,398.74,36,3
6807,Prod Masivo 6807,102.91,121,3
6808,Prod Masivo 6808,69.92,172,8
6809,Prod Masivo 6809,433.59,87,5
6810,Prod Masivo 6810,341.68,174,1
6811,Prod Masivo 6811,156.63,54,3
6812,Prod Masivo 6812,194.09,30,5
6813,Prod Masivo 6813,33.68,33,4
6814,Prod Masivo 6814,309.74,101,7
6815,Prod Masivo 6815,208.0,37,6
6816,Prod Masivo 6816,485.67,14,1
6817,Prod Masivo 6817,241.21,75,7
6818,Prod Masivo 6818,385.16,152,8
6819,Prod Masivo 6819,400.97,183,7
6820,Prod Masivo 6820,269.85,116,2
6821,Prod Masivo 6821,472.94,187,8
6822,Prod Masivo 6822,442.31,165,4
6823,Prod Masivo 6823,362.96,82,7
6824,Prod Masivo 6824,110.85,89,6
6825,Prod Masivo 6825,214.13,108,5
6826,Prod Masivo 6826,239.26,98,1
6827,Prod Masivo 6827,156.08,92,7
6828,Prod Masivo 6828,380.52,106,1
6829,Prod Masivo 6829,475.67,22,7
6830,Prod Masivo 6830,233.53,165,2
6831,Prod Masivo 6831,142.12,16,1
6832,Prod Masivo 6832,455.39,130,6
6833,Prod Masivo 6833,226.94,114,5
6834,Prod Masivo 6834,235.22,42,4
6835,Prod Masivo 6835,405.11,54,5
6836,Prod Masivo 6836,78.48,41,3
6837,Prod Masivo 6837,42.54,200,3
6838,Prod Masivo 6838,186.89,112,5
6839,Prod Masivo 6839,114.24,119,2
6840,Prod Masivo 6840,164.47,105,8
6841,Prod Masivo 6841,209.04,131,4
6842,Prod Masivo 6842,399.47,19,7
6843,Prod Masivo 6843,303.87,13,5
6844,Prod Masivo 6844,163.74,162,6
6845,Prod Masivo 6845,493.21,29,2
6846,Prod Masivo 6846,388.75,131,4
6847,Prod Masivo 6847,325.15,144,8
6848,Prod Masivo 6848,311.72,40,7
6849,Prod Masivo 6849,490.09,109,8
6850,Prod Masivo 6850,155.82,200,2
6851,Prod Masivo 6851,343.62,59,6
6852,Prod Masivo 6852,366.54,198,2
6853,Prod Masivo 6853,186.18,136,2
6854,Prod Masivo 6854,330.45,23,7
6855,Prod Masivo 6855,256.98,110,8
6856,Prod Masivo 6856,252.0,23,5
6857,Prod Masivo 6857,227.79,27,1
6858,Prod Masivo 6858,471.75,81,3
6859,Prod Masivo 6859,319.12,68,6
6860,Prod Masivo 6860,320.79,99,4
6861,Prod Masivo 6861,19.02,82,1
6862,Prod Masivo 6862,357.61,184,4
6863,Prod Masivo 6863,109.18,51,2
6864,Prod Masivo 6864,39.33,91,8
6865,Prod Masivo 6865,309.0,113,1
6866,Prod Masivo 6866,27.66,122,3
6867,Prod Masivo 6867,282.13,122,5
6868,Prod Masivo 6868,478.25,22,2
6869,Prod Masivo 6869,234.65,18,5
6870,Prod Masivo 6870,449.21,35,8
6871,Prod Masivo 6871,144.22,27,1
6872,Prod Masivo 6872,427.22,159,6
6873,Prod Masivo 6873,307.54,131,8
6874,Prod Masivo 6874,296.23,36,7
6875,Prod Masivo 6875,451.3,86,3
6876,Prod Masivo 6876,188.28,77,2
6877,Prod Masivo 6877,124.45,88,2
6878,Prod Masivo 6878,49.7,64,2
6879,Prod Masivo 6879,361.42,126,8
6880,Prod Masivo 6880,298.03,173,5
6881,Prod Masivo 6881,311.1,189,1
6882,Prod Masivo 6882,292.62,171,6
6883,Prod Masivo 6883,59.57,37,6
6884,Prod Masivo 6884,222.03,151,3
6885,Prod Masivo 6885,62.08,159,5
6886,Prod Masivo 6886,343.85,24,8
6887,Prod Masivo 6887,128.99,144,2
6888,Prod Masivo 6888,197.97,65,6
6889,Prod Masivo 6889,382.98,125,3
6890,Prod Masivo 6890,254.84,96,5
6891,Prod Masivo 6891,223.22,131,1
6892,Prod Masivo 6892,374.21,177,3
6893,Prod Masivo 6893,402.41,75,4
6894,Prod Masivo 6894,201.57,67,5
6895,Prod Masivo 6895,127.38,96,7
6896,Prod Masivo 6896,220.69,71,8
6897,Prod Masivo 6897,373.43,91,6
6898,Prod Masivo 6898,25.13,181,6
6899,Prod Masivo 6899,21.55,74,7
6900,Prod Masivo 6900,218.24,111,2
6901,Prod Masivo 6901,295.7,62,4
6902,Prod Masivo 6902,271.48,55,5
6903,Prod Masivo 6903,75.75,88,8
6904,Prod Masivo 6904,464.3,57,3
6905,Prod Masivo 6905,150.71,82,3
6906,Prod Masivo 6906,105.77,150,1
6907,Prod Masivo 6907,298.45,12,2
6908,Prod Masivo 6908,410.08,96,4
6909,Prod Masivo 6909,126.06,154,8
6910,Prod Masivo 6910,206.28,84,8
6911,Prod Masivo 6911,306.21,48,5
6912,Prod Masivo 6912,309.14,21,5
6913,Prod Masivo 6913,148.57,111,6
6914,Prod Masivo 6914,251.56,106,8
6915,Prod Masivo 6915,255.01,126,8
6916,Prod Masivo 6916,198.47,81,5
6917,Prod Masivo 6917,422.7,17,8
6918,Prod Masivo 6918,173.79,134,6
6919,Prod Masivo 6919,78.99,122,6
6920,Prod Masivo 6920,218.79,98,8
6921,Prod Masivo 6921,323.49,134,8
6922,Prod Masivo 6922,453.02,57,4
6923,Prod Masivo 6923,136.54,71,8
6924,Prod Masivo 6924,221.57,149,2
6925,Prod Masivo 6925,315.77,62,2
6926,Prod Masivo 6926,36.53,199,6
6927,Prod Masivo 6927,259.33,197,8
6928,Prod Masivo 6928,95.95,171,3
6929,Prod Masivo 6929,232.24,169,1
6930,Prod Masivo 6930,428.57,18,3
6931,Prod Masivo 6931,253.1,197,8
6932,Prod Masivo 6932,420.6,182,1
6933,Prod Masivo 6933,65.15,167,7
6934,Prod Masivo 6934,130.6,158,8
6935,Prod Masivo 6935,81.73,24,4
6936,Prod Masivo 6936,176.4,59,1
6937,Prod Masivo 6937,145.9,139,2
6938,Prod Masivo 6938,45.04,49,3
6939,Prod Masivo 6939,380.6,11,5
6940,Prod Masivo 6940,433.32,12,7
6941,Prod Masivo 6941,389.32,46,1
6942,Prod Masivo 6942,107.82,80,2
6943,Prod Masivo 6943,244.89,187,4
6944,Prod Masivo 6944,205.66,108,4
6945,Prod Masivo 6945,370.61,172,2
6946,Prod Masivo 6946,186.91,184,5
6947,Prod Masivo 6947,58.73,73,2
6948,Prod Masivo 6948,375.41,125,3
6949,Prod Masivo 6949,431.41,148,2
6950,Prod Masivo 6950,92.79,170,8
6951,Prod Masivo 6951,461.65,20,1
6952,Prod Masivo 6952,306.35,180,7
6953,Prod Masivo 6953,308.03,73,5
6954,Prod Masivo 6954,196.94,120,2
6955,Prod Masivo 6955,289.79,65,2
6956,Prod Masivo 6956,81.39,130,1
6957,Prod Masivo 6957,27.58,19,3
6958,Prod Masivo 6958,491.61,156,8
6959,Prod Masivo 6959,204.12,162,4
6960,Prod Masivo 6960,285.87,78,4
6961,Prod Masivo 6961,85.71,46,2
6962,Prod Masivo 6962,155.03,130,8
6963,Prod Masivo 6963,427.74,168,3
6964,Prod Masivo 6964,159.68,26,5
6965,Prod Masivo 6965,132.32,127,8
6966,Prod Masivo 6966,113.53,33,6
6967,Prod Masivo 6967,242.53,48,5
6968,Prod Masivo 6968,169.83,142,7
6969,Prod Masivo 6969,131.38,178,6
6970,Prod Masivo 6970,23.05,133,6
6971,Prod Masivo 6971,13.49,122,8
6972,Prod Masivo 6972,233.97,114,5
6973,Prod Masivo 6973,129.74,200,4
6974,Prod Masivo 6974,94.8,68,6
6975,Prod Masivo 6975,233.87,181,7
6976,Prod Masivo 6976,142.46,51,8
6977,Prod Masivo 6977,80.03,16,2
6978,Prod Masivo 6978,211.34,38,2
6979,Prod Masivo 6979,145.31,23,3
6980,Prod Masivo 6980,65.78,148,7
6981,Prod Masivo 6981,200.8,32,5
6982,Prod Masivo 6982,346.35,123,2
6983,Prod Masivo 6983,355.55,55,2
6984,Prod Masivo 6984,11.65,116,3
6985,Prod Masivo 6985,234.24,84,5
6986,Prod Masivo 6986,137.19,183,1
6987,Prod Masivo 6987,80.62,87,8
6988,Prod Masivo 6988,258.64,163,2
6989,Prod Masivo 6989,221.15,87,1
6990,Prod Masivo 6990,389.82,69,8
6991,Prod Masivo 6991,68.97,156,7
6992,Prod Masivo 6992,33.23,95,7
6993,Prod Masivo 6993,43.46,46,5
6994,Prod Masivo 6994,326.38,135,3
6995,Prod Masivo 6995,87.38,132,8
6996,Prod Masivo 6996,66.12,40,3
6997,Prod Masivo 6997,382.2,180,6
6998,Prod Masivo 6998,185.02,159,4
6999,Prod Masivo 6999,313.21,164,2
7000,Prod Masivo 7000,265.86,148,8
7001,Prod Masivo 7001,413.28,20,6
7002,Prod Masivo 7002,460.91,109,1
7003,Prod Masivo 7003,415.68,70,3
7004,Prod Masivo 7004,476.97,195,2
7005,Prod Masivo 7005,240.34,124,1
7006,Prod Masivo 7006,454.69,52,1
7007,Prod Masivo 7007,359.64,59,8
7008,Prod Masivo 7008,331.18,119,4
7009,Prod Masivo 7009,304.26,22,1
7010,Prod Masivo 7010,460.95,78,6
7011,Prod Masivo 7011,426.89,21,4
7012,Prod Masivo 7012,486.97,69,2
7013,Prod Masivo 7013,202.08,97,7
7014,Prod Masivo 7014,123.88,45,1
7015,Prod Masivo 7015,175.71,161,2
7016,Prod Masivo 7016,426.33,189,7
7017,Prod Masivo 7017,183.77,16,5
7018,Prod Masivo 7018,481.1,182,5
7019,Prod Masivo 7019,53.75,194,8
7020,Prod Masivo 7020,11.89,36,8
7021,Prod Masivo 7021,263.46,137,1
7022,Prod Masivo 7022,199.76,178,5
7023,Prod Masivo 7023,194.8,194,8
7024,Prod Masivo 7024,142.4,102,3
7025,Prod Masivo 7025,83.11,53,4
7026,Prod Masivo 7026,433.12,61,4
7027,Prod Masivo 7027,336.31,158,4
7028,Prod Masivo 7028,216.29,198,8
7029,Prod Masivo 7029,303.09,28,7
7030,Prod Masivo 7030,403.85,106,8
7031,Prod Masivo 7031,490.81,33,7
7032,Prod Masivo 7032,302.83,172,3
7033,Prod Masivo 7033,202.32,50,4
7034,Prod Masivo 7034,356.29,44,2
7035,Prod Masivo 7035,213.8,14,7
7036,Prod Masivo 7036,236.5,64,3
7037,Prod Masivo 7037,364.46,172,3
7038,Prod Masivo 7038,270.57,51,6
7039,Prod Masivo 7039,60.81,29,8
7040,Prod Masivo 7040,231.23,29,7
7041,Prod Masivo 7041,492.93,26,4
7042,Prod Masivo 7042,409.4,57,4
7043,Prod Masivo 7043,416.89,106,2
7044,Prod Masivo 7044,321.73,71,5
7045,Prod Masivo 7045,318.01,63,8
7046,Prod Masivo 7046,101.19,15,4
7047,Prod Masivo 7047,122.47,111,5
7048,Prod Masivo 7048,119.36,194,1
7049,Prod Masivo 7049,362.41,200,3
7050,Prod Masivo 7050,227.2,40,6
7051,Prod Masivo 7051,146.72,11,7
7052,Prod Masivo 7052,448.91,51,6
7053,Prod Masivo 7053,303.22,141,5
7054,Prod Masivo 7054,426.18,12,6
7055,Prod Masivo 7055,340.27,199,7
7056,Prod Masivo 7056,293.49,24,1
7057,Prod Masivo 7057,203.63,39,7
7058,Prod Masivo 7058,395.65,69,5
7059,Prod Masivo 7059,65.0,196,6
7060,Prod Masivo 7060,373.52,174,1
7061,Prod Masivo 7061,159.68,42,4
7062,Prod Masivo 7062,364.69,11,7
7063,Prod Masivo 7063,286.18,110,5
7064,Prod Masivo 7064,364.01,120,6
7065,Prod Masivo 7065,84.09,53,5
7066,Prod Masivo 7066,228.6,140,7
7067,Prod Masivo 7067,389.24,168,6
7068,Prod Masivo 7068,369.35,189,8
7069,Prod Masivo 7069,492.24,107,2
7070,Prod Masivo 7070,20.03,25,8
7071,Prod Masivo 7071,93.75,13,8
7072,Prod Masivo 7072,452.71,142,3
7073,Prod Masivo 7073,424.26,110,3
7074,Prod Masivo 7074,39.12,170,8
7075,Prod Masivo 7075,260.37,26,8
7076,Prod Masivo 7076,182.07,111,2
7077,Prod Masivo 7077,450.72,194,2
7078,Prod Masivo 7078,333.99,188,4
7079,Prod Masivo 7079,492.95,129,3
7080,Prod Masivo 7080,235.81,102,2
7081,Prod Masivo 7081,407.33,181,7
7082,Prod Masivo 7082,82.03,150,5
7083,Prod Masivo 7083,220.86,148,6
7084,Prod Masivo 7084,251.07,141,5
7085,Prod Masivo 7085,12.05,108,4
7086,Prod Masivo 7086,408.11,111,7
7087,Prod Masivo 7087,24.71,188,7
7088,Prod Masivo 7088,439.28,52,5
7089,Prod Masivo 7089,261.8,14,8
7090,Prod Masivo 7090,317.91,97,3
7091,Prod Masivo 7091,82.26,27,8
7092,Prod Masivo 7092,318.05,168,7
7093,Prod Masivo 7093,208.01,104,5
7094,Prod Masivo 7094,303.83,196,4
7095,Prod Masivo 7095,171.86,86,6
7096,Prod Masivo 7096,485.68,99,2
7097,Prod Masivo 7097,195.94,176,3
7098,Prod Masivo 7098,254.94,118,5
7099,Prod Masivo 7099,75.3,95,2
7100,Prod Masivo 7100,40.86,100,2
7101,Prod Masivo 7101,352.3,73,7
7102,Prod Masivo 7102,119.14,64,8
7103,Prod Masivo 7103,128.82,32,3
7104,Prod Masivo 7104,230.78,65,8
7105,Prod Masivo 7105,469.13,19,2
7106,Prod Masivo 7106,276.69,79,1
7107,Prod Masivo 7107,391.03,74,3
7108,Prod Masivo 7108,237.94,106,5
7109,Prod Masivo 7109,232.07,191,1
7110,Prod Masivo 7110,156.11,31,5
7111,Prod Masivo 7111,467.02,113,4
7112,Prod Masivo 7112,47.79,57,7
7113,Prod Masivo 7113,101.6,165,2
7114,Prod Masivo 7114,392.68,186,1
7115,Prod Masivo 7115,360.88,45,5
7116,Prod Masivo 7116,213.01,110,8
7117,Prod Masivo 7117,72.24,170,1
7118,Prod Masivo 7118,386.87,53,5
7119,Prod Masivo 7119,413.81,187,4
7120,Prod Masivo 7120,430.99,27,3
7121,Prod Masivo 7121,306.05,119,6
7122,Prod Masivo 7122,280.2,136,5
7123,Prod Masivo 7123,289.16,114,3
7124,Prod Masivo 7124,49.7,131,3
7125,Prod Masivo 7125,247.8,143,3
7126,Prod Masivo 7126,466.65,97,4
7127,Prod Masivo 7127,61.81,51,4
7128,Prod Masivo 7128,66.58,163,3
7129,Prod Masivo 7129,134.55,126,2
7130,Prod Masivo 7130,163.35,88,8
7131,Prod Masivo 7131,302.86,44,1
7132,Prod Masivo 7132,252.42,172,4
7133,Prod Masivo 7133,247.43,140,1
7134,Prod Masivo 7134,240.48,76,5
7135,Prod Masivo 7135,60.46,30,1
7136,Prod Masivo 7136,223.22,137,3
7137,Prod Masivo 7137,434.29,188,5
7138,Prod Masivo 7138,110.73,15,2
7139,Prod Masivo 7139,320.35,154,7
7140,Prod Masivo 7140,18.06,154,5
7141,Prod Masivo 7141,72.09,155,3
7142,Prod Masivo 7142,202.1,194,7
7143,Prod Masivo 7143,305.34,54,6
7144,Prod Masivo 7144,73.67,145,2
7145,Prod Masivo 7145,275.35,189,6
7146,Prod Masivo 7146,73.93,96,1
7147,Prod Masivo 7147,249.34,98,4
7148,Prod Masivo 7148,380.12,194,2
7149,Prod Masivo 7149,42.28,78,5
7150,Prod Masivo 7150,180.17,153,2
7151,Prod Masivo 7151,462.8,182,4
7152,Prod Masivo 7152,85.26,167,3
7153,Prod Masivo 7153,124.85,41,2
7154,Prod Masivo 7154,442.75,70,3
7155,Prod Masivo 7155,85.2,28,5
7156,Prod Masivo 7156,311.68,71,5
7157,Prod Masivo 7157,202.89,103,2
7158,Prod Masivo 7158,91.63,89,8
7159,Prod Masivo 7159,490.71,65,2
7160,Prod Masivo 7160,438.67,23,8
7161,Prod Masivo 7161,314.89,70,3
7162,Prod Masivo 7162,79.89,59,2
7163,Prod Masivo 7163,376.69,11,5
7164,Prod Masivo 7164,169.09,109,6
7165,Prod Masivo 7165,103.42,193,4
7166,Prod Masivo 7166,183.77,90,4
7167,Prod Masivo 7167,327.34,140,6
7168,Prod Masivo 7168,486.29,33,6
7169,Prod Masivo 7169,286.12,94,7
7170,Prod Masivo 7170,217.66,142,7
7171,Prod Masivo 7171,345.18,44,3
7172,Prod Masivo 7172,109.08,177,4
7173,Prod Masivo 7173,363.4,139,6
7174,Prod Masivo 7174,296.48,189,7
7175,Prod Masivo 7175,388.48,80,2
7176,Prod Masivo 7176,32.41,25,8
7177,Prod Masivo 7177,458.41,10,1
7178,Prod Masivo 7178,405.63,194,8
7179,Prod Masivo 7179,26.11,20,2
7180,Prod Masivo 7180,112.62,28,1
7181,Prod Masivo 7181,374.17,101,1
7182,Prod Masivo 7182,331.87,187,3
7183,Prod Masivo 7183,303.95,37,2
7184,Prod Masivo 7184,204.57,130,5
7185,Prod Masivo 7185,15.12,68,6
7186,Prod Masivo 7186,395.36,113,7
7187,Prod Masivo 7187,73.94,133,4
7188,Prod Masivo 7188,42.32,142,2
7189,Prod Masivo 7189,434.24,154,2
7190,Prod Masivo 7190,401.77,109,6
7191,Prod Masivo 7191,439.45,54,4
7192,Prod Masivo 7192,462.38,173,4
7193,Prod Masivo 7193,439.66,13,3
7194,Prod Masivo 7194,103.79,114,1
7195,Prod Masivo 7195,197.99,12,5
7196,Prod Masivo 7196,22.64,30,8
7197,Prod Masivo 7197,25.22,66,6
7198,Prod Masivo 7198,463.82,75,4
7199,Prod Masivo 7199,61.84,174,8
7200,Prod Masivo 7200,48.4,192,7
7201,Prod Masivo 7201,422.66,79,1
7202,Prod Masivo 7202,171.61,138,4
7203,Prod Masivo 7203,162.4,86,8
7204,Prod Masivo 7204,318.8,126,6
7205,Prod Masivo 7205,120.91,87,5
7206,Prod Masivo 7206,367.17,21,3
7207,Prod Masivo 7207,73.33,158,5
7208,Prod Masivo 7208,99.11,109,4
7209,Prod Masivo 7209,383.5,11,5
7210,Prod Masivo 7210,269.2,27,4
7211,Prod Masivo 7211,292.31,95,4
7212,Prod Masivo 7212,225.85,104,6
7213,Prod Masivo 7213,241.87,59,7
7214,Prod Masivo 7214,421.34,47,7
7215,Prod Masivo 7215,418.94,171,6
7216,Prod Masivo 7216,330.4,97,8
7217,Prod Masivo 7217,104.01,188,3
7218,Prod Masivo 7218,385.02,123,1
7219,Prod Masivo 7219,110.97,166,3
7220,Prod Masivo 7220,81.9,188,7
7221,Prod Masivo 7221,395.61,18,8
7222,Prod Masivo 7222,41.4,175,1
7223,Prod Masivo 7223,173.44,81,6
7224,Prod Masivo 7224,286.67,143,8
7225,Prod Masivo 7225,236.22,138,3
7226,Prod Masivo 7226,286.18,86,7
7227,Prod Masivo 7227,85.0,139,4
7228,Prod Masivo 7228,50.92,102,1
7229,Prod Masivo 7229,144.18,179,4
7230,Prod Masivo 7230,71.09,114,8
7231,Prod Masivo 7231,466.16,147,1
7232,Prod Masivo 7232,32.19,83,7
7233,Prod Masivo 7233,143.22,183,2
7234,Prod Masivo 7234,436.28,80,1
7235,Prod Masivo 7235,278.96,141,3
7236,Prod Masivo 7236,88.77,170,5
7237,Prod Masivo 7237,471.12,180,7
7238,Prod Masivo 7238,287.63,104,8
7239,Prod Masivo 7239,310.59,94,3
7240,Prod Masivo 7240,358.61,25,1
7241,Prod Masivo 7241,137.66,101,3
7242,Prod Masivo 7242,361.84,195,6
7243,Prod Masivo 7243,123.66,71,3
7244,Prod Masivo 7244,382.11,188,6
7245,Prod Masivo 7245,296.21,67,3
7246,Prod Masivo 7246,161.9,170,8
7247,Prod Masivo 7247,318.94,81,7
7248,Prod Masivo 7248,249.95,189,8
7249,Prod Masivo 7249,267.14,128,7
7250,Prod Masivo 7250,434.91,84,1
7251,Prod Masivo 7251,411.18,134,7
7252,Prod Masivo 7252,362.95,193,3
7253,Prod Masivo 7253,378.84,96,5
7254,Prod Masivo 7254,467.51,120,7
7255,Prod Masivo 7255,189.56,10,5
7256,Prod Masivo 7256,50.54,136,5
7257,Prod Masivo 7257,181.97,70,3
7258,Prod Masivo 7258,456.51,53,2
7259,Prod Masivo 7259,476.53,71,3
7260,Prod Masivo 7260,181.06,16,5
7261,Prod Masivo 7261,149.73,45,2
7262,Prod Masivo 7262,77.36,130,1
7263,Prod Masivo 7263,465.47,156,5
7264,Prod Masivo 7264,219.49,78,6
7265,Prod Masivo 7265,440.79,51,5
7266,Prod Masivo 7266,315.89,170,3
7267,Prod Masivo 7267,387.69,164,4
7268,Prod Masivo 7268,176.22,185,1
7269,Prod Masivo 7269,64.07,144,7
7270,Prod Masivo 7270,316.8,187,5
7271,Prod Masivo 7271,269.19,163,6
7272,Prod Masivo 7272,343.61,28,7
7273,Prod Masivo 7273,183.84,21,8
7274,Prod Masivo 7274,199.64,177,7
7275,Prod Masivo 7275,122.25,57,4
7276,Prod Masivo 7276,24.45,101,2
7277,Prod Masivo 7277,157.91,101,8
7278,Prod Masivo 7278,66.89,149,7
7279,Prod Masivo 7279,209.23,65,4
7280,Prod Masivo 7280,174.66,80,4
7281,Prod Masivo 7281,247.62,195,1
7282,Prod Masivo 7282,255.72,78,6
7283,Prod Masivo 7283,234.42,26,3
7284,Prod Masivo 7284,230.85,176,2
7285,Prod Masivo 7285,23.11,161,6
7286,Prod Masivo 7286,88.79,25,6
7287,Prod Masivo 7287,226.78,142,8
7288,Prod Masivo 7288,28.67,36,6
7289,Prod Masivo 7289,432.14,82,7
7290,Prod Masivo 7290,106.27,199,5
7291,Prod Masivo 7291,60.94,169,3
7292,Prod Masivo 7292,204.25,10,6
7293,Prod Masivo 7293,479.47,193,5
7294,Prod Masivo 7294,498.16,102,1
7295,Prod Masivo 7295,21.95,122,4
7296,Prod Masivo 7296,117.78,81,8
7297,Prod Masivo 7297,494.36,107,5
7298,Prod Masivo 7298,384.64,64,6
7299,Prod Masivo 7299,406.63,159,4
7300,Prod Masivo 7300,342.92,165,5
7301,Prod Masivo 7301,368.66,115,4
7302,Prod Masivo 7302,485.71,182,8
7303,Prod Masivo 7303,34.99,96,8
7304,Prod Masivo 7304,418.91,58,8
7305,Prod Masivo 7305,461.27,170,4
7306,Prod Masivo 7306,246.72,34,3
7307,Prod Masivo 7307,319.11,14,5
7308,Prod Masivo 7308,158.74,160,7
7309,Prod Masivo 7309,37.91,86,8
7310,Prod Masivo 7310,333.39,66,7
7311,Prod Masivo 7311,260.97,120,1
7312,Prod Masivo 7312,400.18,193,8
7313,Prod Masivo 7313,73.36,147,4
7314,Prod Masivo 7314,333.66,119,5
7315,Prod Masivo 7315,32.64,108,5
7316,Prod Masivo 7316,465.28,132,7
7317,Prod Masivo 7317,403.91,125,7
7318,Prod Masivo 7318,321.76,35,3
7319,Prod Masivo 7319,246.8,159,5
7320,Prod Masivo 7320,33.58,131,3
7321,Prod Masivo 7321,315.32,27,1
7322,Prod Masivo 7322,57.79,52,5
7323,Prod Masivo 7323,389.34,14,3
7324,Prod Masivo 7324,210.63,196,2
7325,Prod Masivo 7325,380.45,87,2
7326,Prod Masivo 7326,420.81,46,5
7327,Prod Masivo 7327,470.74,50,1
7328,Prod Masivo 7328,44.13,81,6
7329,Prod Masivo 7329,173.49,154,8
7330,Prod Masivo 7330,396.1,125,5
7331,Prod Masivo 7331,47.66,32,6
7332,Prod Masivo 7332,82.26,86,4
7333,Prod Masivo 7333,302.18,57,7
7334,Prod Masivo 7334,294.61,173,4
7335,Prod Masivo 7335,156.05,52,3
7336,Prod Masivo 7336,234.04,181,2
7337,Prod Masivo 7337,15.58,23,8
7338,Prod Masivo 7338,464.06,107,4
7339,Prod Masivo 7339,240.61,152,4
7340,Prod Masivo 7340,53.85,87,1
7341,Prod Masivo 7341,242.55,174,8
7342,Prod Masivo 7342,104.4,136,6
7343,Prod Masivo 7343,242.97,88,5
7344,Prod Masivo 7344,52.91,176,6
7345,Prod Masivo 7345,418.87,79,6
7346,Prod Masivo 7346,51.87,141,3
7347,Prod Masivo 7347,28.54,96,5
7348,Prod Masivo 7348,155.39,113,3
7349,Prod Masivo 7349,319.19,111,3
7350,Prod Masivo 7350,216.69,139,4
7351,Prod Masivo 7351,216.49,176,3
7352,Prod Masivo 7352,198.7,182,3
7353,Prod Masivo 7353,191.28,80,3
7354,Prod Masivo 7354,452.81,12,7
7355,Prod Masivo 7355,411.43,149,1
7356,Prod Masivo 7356,401.89,173,6
7357,Prod Masivo 7357,156.8,183,4
7358,Prod Masivo 7358,476.47,112,2
7359,Prod Masivo 7359,388.56,52,7
7360,Prod Masivo 7360,366.0,91,7
7361,Prod Masivo 7361,496.36,164,5
7362,Prod Masivo 7362,213.02,106,4
7363,Prod Masivo 7363,495.29,22,1
7364,Prod Masivo 7364,226.1,75,1
7365,Prod Masivo 7365,363.85,85,5
7366,Prod Masivo 7366,242.5,127,5
7367,Prod Masivo 7367,18.61,28,8
7368,Prod Masivo 7368,285.15,133,2
7369,Prod Masivo 7369,45.19,34,7
7370,Prod Masivo 7370,121.2,183,8
7371,Prod Masivo 7371,293.0,70,8
7372,Prod Masivo 7372,240.25,171,5
7373,Prod Masivo 7373,285.52,113,6
7374,Prod Masivo 7374,414.36,28,6
7375,Prod Masivo 7375,124.78,76,5
7376,Prod Masivo 7376,228.22,17,2
7377,Prod Masivo 7377,41.68,137,3
7378,Prod Masivo 7378,205.99,26,1
7379,Prod Masivo 7379,239.47,11,5
7380,Prod Masivo 7380,17.3,161,8
7381,Prod Masivo 7381,82.0,95,6
7382,Prod Masivo 7382,56.42,198,8
7383,Prod Masivo 7383,55.11,21,2
7384,Prod Masivo 7384,40.82,63,3
7385,Prod Masivo 7385,340.61,155,2
7386,Prod Masivo 7386,165.6,199,4
7387,Prod Masivo 7387,393.56,109,8
7388,Prod Masivo 7388,280.65,59,2
7389,Prod Masivo 7389,157.3,146,3
7390,Prod Masivo 7390,444.4,79,4
7391,Prod Masivo 7391,499.36,143,6
7392,Prod Masivo 7392,385.07,49,7
7393,Prod Masivo 7393,220.05,160,8
7394,Prod Masivo 7394,462.31,120,4
7395,Prod Masivo 7395,428.93,116,8
7396,Prod Masivo 7396,13.84,176,4
7397,Prod Masivo 7397,429.25,104,4
7398,Prod Masivo 7398,93.21,31,4
7399,Prod Masivo 7399,314.91,102,4
7400,Prod Masivo 7400,348.95,135,1
7401,Prod Masivo 7401,184.79,146,5
7402,Prod Masivo 7402,433.14,15,1
7403,Prod Masivo 7403,451.18,64,2
7404,Prod Masivo 7404,497.51,135,5
7405,Prod Masivo 7405,261.14,163,5
7406,Prod Masivo 7406,47.85,72,1
7407,Prod Masivo 7407,347.57,58,3
7408,Prod Masivo 7408,246.18,156,5
7409,Prod Masivo 7409,437.5,85,4
7410,Prod Masivo 7410,149.32,170,5
7411,Prod Masivo 7411,240.8,153,8
7412,Prod Masivo 7412,382.44,95,3
7413,Prod Masivo 7413,35.53,67,8
7414,Prod Masivo 7414,286.59,42,6
7415,Prod Masivo 7415,39.68,115,8
7416,Prod Masivo 7416,168.56,152,3
7417,Prod Masivo 7417,269.07,147,6
7418,Prod Masivo 7418,86.51,148,8
7419,Prod Masivo 7419,160.45,52,7
7420,Prod Masivo 7420,412.83,190,6
7421,Prod Masivo 7421,184.41,101,1
7422,Prod Masivo 7422,412.91,98,5
7423,Prod Masivo 7423,487.09,118,4
7424,Prod Masivo 7424,269.79,142,7
7425,Prod Masivo 7425,103.55,70,5
7426,Prod Masivo 7426,358.93,118,5
7427,Prod Masivo 7427,159.02,49,6
7428,Prod Masivo 7428,260.06,49,1
7429,Prod Masivo 7429,177.08,54,3
7430,Prod Masivo 7430,264.62,192,3
7431,Prod Masivo 7431,179.5,123,8
7432,Prod Masivo 7432,197.26,146,7
7433,Prod Masivo 7433,231.26,173,5
7434,Prod Masivo 7434,134.54,60,1
7435,Prod Masivo 7435,327.94,110,5
7436,Prod Masivo 7436,328.37,118,1
7437,Prod Masivo 7437,234.18,122,4
7438,Prod Masivo 7438,443.07,160,2
7439,Prod Masivo 7439,270.65,59,7
7440,Prod Masivo 7440,367.0,59,1
7441,Prod Masivo 7441,422.44,103,7
7442,Prod Masivo 7442,39.08,167,7
7443,Prod Masivo 7443,376.57,29,2
7444,Prod Masivo 7444,163.04,93,1
7445,Prod Masivo 7445,332.13,36,5
7446,Prod Masivo 7446,414.18,140,4
7447,Prod Masivo 7447,186.85,106,7
7448,Prod Masivo 7448,473.68,55,3
7449,Prod Masivo 7449,22.57,102,3
7450,Prod Masivo 7450,110.36,194,1
7451,Prod Masivo 7451,478.92,120,3
7452,Prod Masivo 7452,118.67,177,6
7453,Prod Masivo 7453,258.64,144,8
7454,Prod Masivo 7454,45.89,97,4
7455,Prod Masivo 7455,156.69,163,5
7456,Prod Masivo 7456,441.85,61,5
7457,Prod Masivo 7457,271.92,194,2
7458,Prod Masivo 7458,204.51,159,6
7459,Prod Masivo 7459,429.4,131,2
7460,Prod Masivo 7460,235.58,111,7
7461,Prod Masivo 7461,307.22,106,6
7462,Prod Masivo 7462,12.29,136,8
7463,Prod Masivo 7463,406.73,83,6
7464,Prod Masivo 7464,452.92,10,2
7465,Prod Masivo 7465,357.51,126,1
7466,Prod Masivo 7466,222.86,141,2
7467,Prod Masivo 7467,207.77,181,7
7468,Prod Masivo 7468,61.91,136,7
7469,Prod Masivo 7469,449.01,71,7
7470,Prod Masivo 7470,447.03,74,1
7471,Prod Masivo 7471,171.4,18,6
7472,Prod Masivo 7472,143.6,87,8
7473,Prod Masivo 7473,320.04,166,1
7474,Prod Masivo 7474,324.26,158,1
7475,Prod Masivo 7475,252.47,112,8
7476,Prod Masivo 7476,172.22,71,2
7477,Prod Masivo 7477,147.76,43,6
7478,Prod Masivo 7478,315.97,116,1
7479,Prod Masivo 7479,429.88,32,6
7480,Prod Masivo 7480,432.5,86,4
7481,Prod Masivo 7481,103.99,105,5
7482,Prod Masivo 7482,245.85,65,6
7483,Prod Masivo 7483,237.53,93,3
7484,Prod Masivo 7484,71.0,147,1
7485,Prod Masivo 7485,106.69,16,7
7486,Prod Masivo 7486,304.82,103,7
7487,Prod Masivo 7487,35.95,46,7
7488,Prod Masivo 7488,302.52,161,8
7489,Prod Masivo 7489,435.4,175,1
7490,Prod Masivo 7490,125.25,180,3
7491,Prod Masivo 7491,495.53,85,6
7492,Prod Masivo 7492,343.92,12,4
7493,Prod Masivo 7493,47.92,46,5
7494,Prod Masivo 7494,394.42,129,8
7495,Prod Masivo 7495,374.36,183,4
7496,Prod Masivo 7496,477.85,142,3
7497,Prod Masivo 7497,215.45,191,2
7498,Prod Masivo 7498,50.88,187,6
7499,Prod Masivo 7499,152.12,170,4
7500,Prod Masivo 7500,436.19,143,7
7501,Prod Masivo 7501,14.98,89,2
7502,Prod Masivo 7502,476.46,100,5
7503,Prod Masivo 7503,381.57,70,3
7504,Prod Masivo 7504,176.3,25,2
7505,Prod Masivo 7505,285.19,151,5
7506,Prod Masivo 7506,273.19,138,2
7507,Prod Masivo 7507,310.05,179,1
7508,Prod Masivo 7508,152.16,51,4
7509,Prod Masivo 7509,279.35,137,2
7510,Prod Masivo 7510,12.39,152,5
7511,Prod Masivo 7511,366.06,84,7
7512,Prod Masivo 7512,170.24,158,2
7513,Prod Masivo 7513,449.61,73,7
7514,Prod Masivo 7514,282.19,167,6
7515,Prod Masivo 7515,143.9,186,2
7516,Prod Masivo 7516,483.02,70,4
7517,Prod Masivo 7517,474.91,39,4
7518,Prod Masivo 7518,98.57,153,7
7519,Prod Masivo 7519,161.01,76,2
7520,Prod Masivo 7520,383.65,179,8
7521,Prod Masivo 7521,216.16,136,2
7522,Prod Masivo 7522,440.77,89,5
7523,Prod Masivo 7523,282.88,129,8
7524,Prod Masivo 7524,52.01,38,7
7525,Prod Masivo 7525,477.06,15,1
7526,Prod Masivo 7526,153.52,123,3
7527,Prod Masivo 7527,249.94,174,2
7528,Prod Masivo 7528,105.93,160,7
7529,Prod Masivo 7529,317.77,99,7
7530,Prod Masivo 7530,417.22,29,5
7531,Prod Masivo 7531,155.87,170,1
7532,Prod Masivo 7532,201.82,167,3
7533,Prod Masivo 7533,105.56,89,6
7534,Prod Masivo 7534,186.66,126,3
7535,Prod Masivo 7535,350.04,163,6
7536,Prod Masivo 7536,110.49,135,6
7537,Prod Masivo 7537,404.51,38,1
7538,Prod Masivo 7538,384.01,114,1
7539,Prod Masivo 7539,199.6,159,8
7540,Prod Masivo 7540,155.4,128,1
7541,Prod Masivo 7541,164.48,160,1
7542,Prod Masivo 7542,493.91,144,1
7543,Prod Masivo 7543,297.13,89,8
7544,Prod Masivo 7544,152.93,193,7
7545,Prod Masivo 7545,277.89,194,1
7546,Prod Masivo 7546,66.5,160,2
7547,Prod Masivo 7547,69.12,156,5
7548,Prod Masivo 7548,346.59,137,1
7549,Prod Masivo 7549,460.21,23,2
7550,Prod Masivo 7550,168.33,191,7
7551,Prod Masivo 7551,449.0,11,5
7552,Prod Masivo 7552,92.7,42,4
7553,Prod Masivo 7553,379.0,34,1
7554,Prod Masivo 7554,258.58,172,8
7555,Prod Masivo 7555,72.67,70,4
7556,Prod Masivo 7556,374.69,169,6
7557,Prod Masivo 7557,18.13,36,7
7558,Prod Masivo 7558,375.37,73,2
7559,Prod Masivo 7559,493.21,120,8
7560,Prod Masivo 7560,135.99,102,7
7561,Prod Masivo 7561,400.22,168,5
7562,Prod Masivo 7562,108.96,151,8
7563,Prod Masivo 7563,157.43,116,3
7564,Prod Masivo 7564,347.74,24,5
7565,Prod Masivo 7565,27.75,143,1
7566,Prod Masivo 7566,164.66,157,4
7567,Prod Masivo 7567,146.19,60,6
7568,Prod Masivo 7568,441.96,134,6
7569,Prod Masivo 7569,230.03,15,4
7570,Prod Masivo 7570,295.58,165,5
7571,Prod Masivo 7571,446.86,200,1
7572,Prod Masivo 7572,419.94,25,4
7573,Prod Masivo 7573,10.15,111,1
7574,Prod Masivo 7574,131.41,42,8
7575,Prod Masivo 7575,197.15,163,2
7576,Prod Masivo 7576,264.11,69,6
7577,Prod Masivo 7577,221.67,28,3
7578,Prod Masivo 7578,352.52,183,6
7579,Prod Masivo 7579,97.72,157,5
7580,Prod Masivo 7580,133.44,165,3
7581,Prod Masivo 7581,216.79,148,8
7582,Prod Masivo 7582,305.15,142,1
7583,Prod Masivo 7583,455.75,24,5
7584,Prod Masivo 7584,246.83,151,7
7585,Prod Masivo 7585,354.02,65,7
7586,Prod Masivo 7586,218.82,181,2
7587,Prod Masivo 7587,498.29,52,7
7588,Prod Masivo 7588,199.93,141,7
7589,Prod Masivo 7589,477.11,184,6
7590,Prod Masivo 7590,247.81,192,8
7591,Prod Masivo 7591,239.63,78,2
7592,Prod Masivo 7592,247.02,195,1
7593,Prod Masivo 7593,21.29,181,8
7594,Prod Masivo 7594,184.44,181,6
7595,Prod Masivo 7595,142.62,195,2
7596,Prod Masivo 7596,367.23,119,4
7597,Prod Masivo 7597,141.47,82,8
7598,Prod Masivo 7598,16.85,130,4
7599,Prod Masivo 7599,282.25,46,4
7600,Prod Masivo 7600,198.9,85,7
7601,Prod Masivo 7601,486.86,73,7
7602,Prod Masivo 7602,259.25,79,6
7603,Prod Masivo 7603,323.92,111,6
7604,Prod Masivo 7604,427.75,127,6
7605,Prod Masivo 7605,441.23,122,6
7606,Prod Masivo 7606,282.79,123,2
7607,Prod Masivo 7607,400.81,129,3
7608,Prod Masivo 7608,358.01,12,3
7609,Prod Masivo 7609,310.67,50,1
7610,Prod Masivo 7610,387.97,58,1
7611,Prod Masivo 7611,176.68,83,4
7612,Prod Masivo 7612,352.53,47,1
7613,Prod Masivo 7613,286.93,184,8
7614,Prod Masivo 7614,63.3,52,5
7615,Prod Masivo 7615,23.73,136,5
7616,Prod Masivo 7616,310.62,103,2
7617,Prod Masivo 7617,171.27,142,3
7618,Prod Masivo 7618,171.33,160,7
7619,Prod Masivo 7619,279.84,193,1
7620,Prod Masivo 7620,59.95,74,4
7621,Prod Masivo 7621,477.27,94,1
7622,Prod Masivo 7622,104.65,133,5
7623,Prod Masivo 7623,99.75,164,5
7624,Prod Masivo 7624,381.08,57,5
7625,Prod Masivo 7625,49.23,151,5
7626,Prod Masivo 7626,395.19,88,8
7627,Prod Masivo 7627,266.54,42,2
7628,Prod Masivo 7628,258.98,128,1
7629,Prod Masivo 7629,397.83,30,3
7630,Prod Masivo 7630,248.54,28,8
7631,Prod Masivo 7631,381.45,180,5
7632,Prod Masivo 7632,451.04,27,2
7633,Prod Masivo 7633,406.29,37,3
7634,Prod Masivo 7634,493.82,104,7
7635,Prod Masivo 7635,174.36,146,8
7636,Prod Masivo 7636,437.52,197,1
7637,Prod Masivo 7637,266.09,176,3
7638,Prod Masivo 7638,30.2,14,8
7639,Prod Masivo 7639,402.72,178,7
7640,Prod Masivo 7640,419.05,186,1
7641,Prod Masivo 7641,235.18,96,5
7642,Prod Masivo 7642,471.93,178,7
7643,Prod Masivo 7643,181.3,54,5
7644,Prod Masivo 7644,461.93,75,6
7645,Prod Masivo 7645,300.92,150,4
7646,Prod Masivo 7646,305.48,163,3
7647,Prod Masivo 7647,256.2,84,4
7648,Prod Masivo 7648,454.89,36,6
7649,Prod Masivo 7649,374.95,169,4
7650,Prod Masivo 7650,242.66,137,7
7651,Prod Masivo 7651,446.62,169,2
7652,Prod Masivo 7652,54.0,187,8
7653,Prod Masivo 7653,460.77,74,8
7654,Prod Masivo 7654,290.06,177,8
7655,Prod Masivo 7655,385.54,103,3
7656,Prod Masivo 7656,271.85,116,3
7657,Prod Masivo 7657,482.17,53,2
7658,Prod Masivo 7658,134.81,17,2
7659,Prod Masivo 7659,126.71,154,8
7660,Prod Masivo 7660,319.48,13,3
7661,Prod Masivo 7661,475.33,198,6
7662,Prod Masivo 7662,468.39,120,4
7663,Prod Masivo 7663,40.62,125,5
7664,Prod Masivo 7664,305.12,105,2
7665,Prod Masivo 7665,420.43,83,2
7666,Prod Masivo 7666,395.64,174,3
7667,Prod Masivo 7667,488.98,115,4
7668,Prod Masivo 7668,14.54,21,6
7669,Prod Masivo 7669,354.23,86,6
7670,Prod Masivo 7670,21.74,169,6
7671,Prod Masivo 7671,353.88,69,3
7672,Prod Masivo 7672,322.91,78,7
7673,Prod Masivo 7673,185.36,137,5
7674,Prod Masivo 7674,45.55,144,6
7675,Prod Masivo 7675,179.15,120,2
7676,Prod Masivo 7676,356.77,155,4
7677,Prod Masivo 7677,306.63,174,5
7678,Prod Masivo 7678,150.78,88,5
7679,Prod Masivo 7679,225.68,168,5
7680,Prod Masivo 7680,496.03,62,5
7681,Prod Masivo 7681,64.21,150,4
7682,Prod Masivo 7682,288.86,165,5
7683,Prod Masivo 7683,306.68,133,4
7684,Prod Masivo 7684,17.71,71,6
7685,Prod Masivo 7685,84.62,45,3
7686,Prod Masivo 7686,87.55,74,7
7687,Prod Masivo 7687,302.8,157,2
7688,Prod Masivo 7688,397.7,150,8
7689,Prod Masivo 7689,293.22,189,2
7690,Prod Masivo 7690,79.69,131,4
7691,Prod Masivo 7691,293.25,200,1
7692,Prod Masivo 7692,452.63,153,6
7693,Prod Masivo 7693,359.2,31,6
7694,Prod Masivo 7694,430.23,128,5
7695,Prod Masivo 7695,261.57,93,3
7696,Prod Masivo 7696,27.25,53,2
7697,Prod Masivo 7697,342.16,29,1
7698,Prod Masivo 7698,173.39,186,8
7699,Prod Masivo 7699,451.38,61,3
7700,Prod Masivo 7700,166.34,80,7
7701,Prod Masivo 7701,299.73,123,4
7702,Prod Masivo 7702,308.88,104,6
7703,Prod Masivo 7703,458.12,38,3
7704,Prod Masivo 7704,45.72,78,1
7705,Prod Masivo 7705,424.77,55,7
7706,Prod Masivo 7706,415.27,39,7
7707,Prod Masivo 7707,357.22,104,8
7708,Prod Masivo 7708,278.41,108,3
7709,Prod Masivo 7709,45.31,107,3
7710,Prod Masivo 7710,75.1,72,7
7711,Prod Masivo 7711,332.63,91,5
7712,Prod Masivo 7712,201.1,21,8
7713,Prod Masivo 7713,51.69,79,8
7714,Prod Masivo 7714,260.96,71,6
7715,Prod Masivo 7715,157.49,54,3
7716,Prod Masivo 7716,140.55,166,5
7717,Prod Masivo 7717,94.57,102,3
7718,Prod Masivo 7718,277.09,48,5
7719,Prod Masivo 7719,36.4,67,2
7720,Prod Masivo 7720,444.91,166,6
7721,Prod Masivo 7721,32.25,23,4
7722,Prod Masivo 7722,352.39,11,1
7723,Prod Masivo 7723,375.74,104,8
7724,Prod Masivo 7724,314.16,180,4
7725,Prod Masivo 7725,360.45,26,5
7726,Prod Masivo 7726,191.68,69,5
7727,Prod Masivo 7727,107.86,52,7
7728,Prod Masivo 7728,256.2,188,3
7729,Prod Masivo 7729,241.55,103,7
7730,Prod Masivo 7730,372.85,93,2
7731,Prod Masivo 7731,194.25,188,3
7732,Prod Masivo 7732,189.37,23,7
7733,Prod Masivo 7733,325.58,34,8
7734,Prod Masivo 7734,199.93,61,5
7735,Prod Masivo 7735,39.4,156,4
7736,Prod Masivo 7736,481.42,113,5
7737,Prod Masivo 7737,195.65,119,7
7738,Prod Masivo 7738,330.18,118,2
7739,Prod Masivo 7739,238.62,43,7
7740,Prod Masivo 7740,352.12,147,5
7741,Prod Masivo 7741,429.08,137,3
7742,Prod Masivo 7742,330.47,32,7
7743,Prod Masivo 7743,140.95,160,3
7744,Prod Masivo 7744,441.29,27,8
7745,Prod Masivo 7745,174.82,104,1
7746,Prod Masivo 7746,266.0,108,1
7747,Prod Masivo 7747,254.77,26,4
7748,Prod Masivo 7748,96.49,24,7
7749,Prod Masivo 7749,39.59,70,7
7750,Prod Masivo 7750,287.0,123,5
7751,Prod Masivo 7751,409.69,118,8
7752,Prod Masivo 7752,234.35,176,5
7753,Prod Masivo 7753,453.24,51,7
7754,Prod Masivo 7754,45.55,159,4
7755,Prod Masivo 7755,475.76,28,5
7756,Prod Masivo 7756,160.31,17,1
7757,Prod Masivo 7757,125.71,183,7
7758,Prod Masivo 7758,113.84,124,7
7759,Prod Masivo 7759,277.57,180,1
7760,Prod Masivo 7760,271.14,116,5
7761,Prod Masivo 7761,277.92,151,8
7762,Prod Masivo 7762,130.84,94,5
7763,Prod Masivo 7763,92.03,76,6
7764,Prod Masivo 7764,192.64,142,7
7765,Prod Masivo 7765,289.34,58,3
7766,Prod Masivo 7766,166.69,14,8
7767,Prod Masivo 7767,268.4,82,6
7768,Prod Masivo 7768,79.25,33,6
7769,Prod Masivo 7769,245.52,133,7
7770,Prod Masivo 7770,422.51,105,6
7771,Prod Masivo 7771,346.87,18,6
7772,Prod Masivo 7772,181.35,86,8
7773,Prod Masivo 7773,42.75,71,5
7774,Prod Masivo 7774,171.91,44,2
7775,Prod Masivo 7775,80.47,160,8
7776,Prod Masivo 7776,437.11,150,6
7777,Prod Masivo 7777,260.66,103,7
7778,Prod Masivo 7778,351.82,47,3
7779,Prod Masivo 7779,168.17,39,3
7780,Prod Masivo 7780,46.11,89,8
7781,Prod Masivo 7781,47.96,80,3
7782,Prod Masivo 7782,152.1,29,3
7783,Prod Masivo 7783,297.36,167,2
7784,Prod Masivo 7784,93.53,120,3
7785,Prod Masivo 7785,380.86,100,1
7786,Prod Masivo 7786,160.35,60,4
7787,Prod Masivo 7787,67.38,10,3
7788,Prod Masivo 7788,318.78,80,8
7789,Prod Masivo 7789,368.66,140,4
7790,Prod Masivo 7790,298.93,104,5
7791,Prod Masivo 7791,454.51,32,5
7792,Prod Masivo 7792,459.0,73,4
7793,Prod Masivo 7793,83.26,91,1
7794,Prod Masivo 7794,219.6,61,6
7795,Prod Masivo 7795,260.24,50,1
7796,Prod Masivo 7796,179.02,127,1
7797,Prod Masivo 7797,98.93,34,4
7798,Prod Masivo 7798,157.87,52,7
7799,Prod Masivo 7799,212.88,118,6
7800,Prod Masivo 7800,146.5,15,6
7801,Prod Masivo 7801,188.87,137,6
7802,Prod Masivo 7802,59.43,103,7
7803,Prod Masivo 7803,78.57,93,3
7804,Prod Masivo 7804,363.23,152,8
7805,Prod Masivo 7805,431.84,147,4
7806,Prod Masivo 7806,166.72,12,2
7807,Prod Masivo 7807,221.2,135,6
7808,Prod Masivo 7808,401.99,156,3
7809,Prod Masivo 7809,221.8,16,7
7810,Prod Masivo 7810,157.19,146,6
7811,Prod Masivo 7811,301.39,90,7
7812,Prod Masivo 7812,259.72,56,5
7813,Prod Masivo 7813,123.91,56,1
7814,Prod Masivo 7814,270.93,157,6
7815,Prod Masivo 7815,40.99,21,3
7816,Prod Masivo 7816,430.34,15,7
7817,Prod Masivo 7817,115.25,191,1
7818,Prod Masivo 7818,424.71,93,8
7819,Prod Masivo 7819,357.99,85,4
7820,Prod Masivo 7820,173.97,68,4
7821,Prod Masivo 7821,405.72,55,7
7822,Prod Masivo 7822,78.44,194,5
7823,Prod Masivo 7823,209.84,107,3
7824,Prod Masivo 7824,208.34,69,8
7825,Prod Masivo 7825,172.31,63,6
7826,Prod Masivo 7826,449.81,20,2
7827,Prod Masivo 7827,53.69,18,2
7828,Prod Masivo 7828,165.33,166,3
7829,Prod Masivo 7829,348.06,150,8
7830,Prod Masivo 7830,300.06,91,1
7831,Prod Masivo 7831,35.57,110,8
7832,Prod Masivo 7832,333.11,102,4
7833,Prod Masivo 7833,142.87,171,2
7834,Prod Masivo 7834,412.97,12,2
7835,Prod Masivo 7835,144.26,123,1
7836,Prod Masivo 7836,108.55,112,3
7837,Prod Masivo 7837,358.19,25,8
7838,Prod Masivo 7838,106.02,112,8
7839,Prod Masivo 7839,452.82,78,7
7840,Prod Masivo 7840,246.98,82,7
7841,Prod Masivo 7841,339.43,186,8
7842,Prod Masivo 7842,65.21,83,7
7843,Prod Masivo 7843,392.92,17,8
7844,Prod Masivo 7844,234.26,133,3
7845,Prod Masivo 7845,171.46,95,4
7846,Prod Masivo 7846,245.72,177,2
7847,Prod Masivo 7847,185.92,134,5
7848,Prod Masivo 7848,426.12,90,2
7849,Prod Masivo 7849,363.68,39,7
7850,Prod Masivo 7850,312.65,42,4
7851,Prod Masivo 7851,160.37,24,4
7852,Prod Masivo 7852,245.27,105,2
7853,Prod Masivo 7853,227.25,109,4
7854,Prod Masivo 7854,88.37,55,4
7855,Prod Masivo 7855,417.93,14,4
7856,Prod Masivo 7856,102.5,23,8
7857,Prod Masivo 7857,435.57,112,6
7858,Prod Masivo 7858,218.29,33,6
7859,Prod Masivo 7859,247.93,171,4
7860,Prod Masivo 7860,134.58,42,4
7861,Prod Masivo 7861,145.56,107,2
7862,Prod Masivo 7862,394.66,59,3
7863,Prod Masivo 7863,189.0,79,5
7864,Prod Masivo 7864,12.73,110,1
7865,Prod Masivo 7865,291.24,74,1
7866,Prod Masivo 7866,471.0,143,4
7867,Prod Masivo 7867,84.78,172,4
7868,Prod Masivo 7868,21.33,125,1
7869,Prod Masivo 7869,10.45,193,1
7870,Prod Masivo 7870,390.33,177,4
7871,Prod Masivo 7871,406.6,189,4
7872,Prod Masivo 7872,266.09,21,4
7873,Prod Masivo 7873,132.13,56,3
7874,Prod Masivo 7874,95.82,157,1
7875,Prod Masivo 7875,335.92,136,6
7876,Prod Masivo 7876,382.71,195,8
7877,Prod Masivo 7877,408.02,48,3
7878,Prod Masivo 7878,146.87,151,3
7879,Prod Masivo 7879,213.65,174,4
7880,Prod Masivo 7880,215.73,65,3
7881,Prod Masivo 7881,406.39,89,8
7882,Prod Masivo 7882,134.85,138,5
7883,Prod Masivo 7883,455.67,194,6
7884,Prod Masivo 7884,491.56,176,7
7885,Prod Masivo 7885,222.73,66,8
7886,Prod Masivo 7886,81.06,161,4
7887,Prod Masivo 7887,199.82,151,7
7888,Prod Masivo 7888,72.69,26,8
7889,Prod Masivo 7889,439.37,186,6
7890,Prod Masivo 7890,473.97,71,5
7891,Prod Masivo 7891,247.48,143,5
7892,Prod Masivo 7892,261.97,143,2
7893,Prod Masivo 7893,413.94,128,3
7894,Prod Masivo 7894,367.68,173,5
7895,Prod Masivo 7895,22.06,67,1
7896,Prod Masivo 7896,412.06,200,6
7897,Prod Masivo 7897,319.41,126,8
7898,Prod Masivo 7898,274.87,180,5
7899,Prod Masivo 7899,61.12,89,7
7900,Prod Masivo 7900,480.0,16,6
7901,Prod Masivo 7901,139.89,193,7
7902,Prod Masivo 7902,24.02,140,7
7903,Prod Masivo 7903,157.61,96,2
7904,Prod Masivo 7904,436.18,26,1
7905,Prod Masivo 7905,465.11,168,7
7906,Prod Masivo 7906,368.51,106,1
7907,Prod Masivo 7907,362.51,104,4
7908,Prod Masivo 7908,278.16,93,4
7909,Prod Masivo 7909,450.79,30,3
7910,Prod Masivo 7910,136.43,144,2
7911,Prod Masivo 7911,264.54,52,2
7912,Prod Masivo 7912,360.68,108,7
7913,Prod Masivo 7913,106.3,141,2
7914,Prod Masivo 7914,326.17,135,8
7915,Prod Masivo 7915,451.45,41,5
7916,Prod Masivo 7916,340.98,58,4
7917,Prod Masivo 7917,187.82,116,4
7918,Prod Masivo 7918,204.96,178,8
7919,Prod Masivo 7919,183.85,78,8
7920,Prod Masivo 7920,366.25,13,7
7921,Prod Masivo 7921,440.32,126,8
7922,Prod Masivo 7922,413.3,174,5
7923,Prod Masivo 7923,72.24,95,7
7924,Prod Masivo 7924,199.1,158,3
7925,Prod Masivo 7925,203.22,74,5
7926,Prod Masivo 7926,233.36,148,2
7927,Prod Masivo 7927,87.14,53,1
7928,Prod Masivo 7928,57.99,195,1
7929,Prod Masivo 7929,44.72,80,7
7930,Prod Masivo 7930,96.05,52,8
7931,Prod Masivo 7931,424.4,92,4
7932,Prod Masivo 7932,279.12,111,6
7933,Prod Masivo 7933,467.63,104,6
7934,Prod Masivo 7934,146.51,85,1
7935,Prod Masivo 7935,33.06,16,8
7936,Prod Masivo 7936,221.27,16,1
7937,Prod Masivo 7937,206.96,97,4
7938,Prod Masivo 7938,497.33,62,3
7939,Prod Masivo 7939,315.62,114,5
7940,Prod Masivo 7940,78.6,70,8
7941,Prod Masivo 7941,124.16,66,2
7942,Prod Masivo 7942,40.86,108,1
7943,Prod Masivo 7943,221.98,124,4
7944,Prod Masivo 7944,445.61,163,4
7945,Prod Masivo 7945,155.81,69,8
7946,Prod Masivo 7946,257.2,142,1
7947,Prod Masivo 7947,139.21,151,7
7948,Prod Masivo 7948,413.61,45,6
7949,Prod Masivo 7949,298.22,163,8
7950,Prod Masivo 7950,444.57,200,4
7951,Prod Masivo 7951,219.51,99,3
7952,Prod Masivo 7952,173.55,123,7
7953,Prod Masivo 7953,164.26,166,6
7954,Prod Masivo 7954,101.4,78,6
7955,Prod Masivo 7955,348.12,38,1
7956,Prod Masivo 7956,73.93,57,8
7957,Prod Masivo 7957,86.31,98,1
7958,Prod Masivo 7958,195.62,136,4
7959,Prod Masivo 7959,341.2,53,4
7960,Prod Masivo 7960,229.59,161,5
7961,Prod Masivo 7961,191.28,171,1
7962,Prod Masivo 7962,175.72,96,2
7963,Prod Masivo 7963,289.82,93,1
7964,Prod Masivo 7964,81.9,49,8
7965,Prod Masivo 7965,254.07,33,7
7966,Prod Masivo 7966,306.27,84,4
7967,Prod Masivo 7967,293.2,65,7
7968,Prod Masivo 7968,231.16,143,3
7969,Prod Masivo 7969,371.88,103,4
7970,Prod Masivo 7970,449.9,15,2
7971,Prod Masivo 7971,360.0,14,1
7972,Prod Masivo 7972,499.36,76,4
7973,Prod Masivo 7973,122.09,60,4
7974,Prod Masivo 7974,432.85,95,1
7975,Prod Masivo 7975,326.55,86,6
7976,Prod Masivo 7976,273.47,147,1
7977,Prod Masivo 7977,20.66,156,7
7978,Prod Masivo 7978,420.39,180,4
7979,Prod Masivo 7979,300.18,15,1
7980,Prod Masivo 7980,495.67,132,1
7981,Prod Masivo 7981,13.64,122,8
7982,Prod Masivo 7982,463.44,140,2
7983,Prod Masivo 7983,34.93,161,5
7984,Prod Masivo 7984,71.65,102,5
7985,Prod Masivo 7985,225.36,45,8
7986,Prod Masivo 7986,28.06,115,8
7987,Prod Masivo 7987,473.31,181,6
7988,Prod Masivo 7988,175.66,186,1
7989,Prod Masivo 7989,436.12,100,7
7990,Prod Masivo 7990,48.93,73,6
7991,Prod Masivo 7991,241.57,131,2
7992,Prod Masivo 7992,338.36,181,8
7993,Prod Masivo 7993,291.55,63,5
7994,Prod Masivo 7994,443.36,137,7
7995,Prod Masivo 7995,404.33,171,5
7996,Prod Masivo 7996,226.14,125,2
7997,Prod Masivo 7997,152.91,95,1
7998,Prod Masivo 7998,217.08,56,8
7999,Prod Masivo 7999,356.6,33,8
8000,Prod Masivo 8000,397.27,20,8
8001,Prod Masivo 8001,64.08,11,6
8002,Prod Masivo 8002,260.68,45,8
8003,Prod Masivo 8003,261.54,176,7
8004,Prod Masivo 8004,289.82,17,7
8005,Prod Masivo 8005,251.92,175,6
8006,Prod Masivo 8006,303.96,80,1
8007,Prod Masivo 8007,365.38,72,1
8008,Prod Masivo 8008,156.62,92,8
8009,Prod Masivo 8009,494.61,57,3
8010,Prod Masivo 8010,236.98,165,5
8011,Prod Masivo 8011,192.37,87,8
8012,Prod Masivo 8012,344.75,106,6
8013,Prod Masivo 8013,292.55,102,5
8014,Prod Masivo 8014,351.64,102,6
8015,Prod Masivo 8015,353.47,186,3
8016,Prod Masivo 8016,189.95,68,6
8017,Prod Masivo 8017,342.67,121,8
8018,Prod Masivo 8018,78.48,18,6
8019,Prod Masivo 8019,244.26,103,7
8020,Prod Masivo 8020,291.22,82,2
8021,Prod Masivo 8021,288.26,139,1
8022,Prod Masivo 8022,30.1,133,8
8023,Prod Masivo 8023,225.74,163,3
8024,Prod Masivo 8024,317.12,179,3
8025,Prod Masivo 8025,200.83,165,3
8026,Prod Masivo 8026,199.55,24,1
8027,Prod Masivo 8027,330.75,125,2
8028,Prod Masivo 8028,368.51,151,5
8029,Prod Masivo 8029,425.45,57,1
8030,Prod Masivo 8030,78.68,184,6
8031,Prod Masivo 8031,271.16,17,5
8032,Prod Masivo 8032,442.77,98,2
8033,Prod Masivo 8033,67.95,186,6
8034,Prod Masivo 8034,200.54,170,6
8035,Prod Masivo 8035,111.63,35,4
8036,Prod Masivo 8036,350.91,145,3
8037,Prod Masivo 8037,425.15,146,8
8038,Prod Masivo 8038,221.07,196,7
8039,Prod Masivo 8039,246.23,155,4
8040,Prod Masivo 8040,228.05,108,3
8041,Prod Masivo 8041,75.52,51,1
8042,Prod Masivo 8042,296.46,103,6
8043,Prod Masivo 8043,134.17,49,8
8044,Prod Masivo 8044,364.45,72,6
8045,Prod Masivo 8045,132.68,86,2
8046,Prod Masivo 8046,238.94,191,8
8047,Prod Masivo 8047,323.33,25,5
8048,Prod Masivo 8048,313.23,82,1
8049,Prod Masivo 8049,363.76,197,1
8050,Prod Masivo 8050,92.17,39,4
8051,Prod Masivo 8051,490.14,190,5
8052,Prod Masivo 8052,221.86,119,1
8053,Prod Masivo 8053,293.33,24,1
8054,Prod Masivo 8054,210.59,118,2
8055,Prod Masivo 8055,212.78,28,8
8056,Prod Masivo 8056,303.88,28,8
8057,Prod Masivo 8057,65.15,132,6
8058,Prod Masivo 8058,434.41,43,4
8059,Prod Masivo 8059,262.66,184,1
8060,Prod Masivo 8060,267.66,11,1
8061,Prod Masivo 8061,155.29,173,8
8062,Prod Masivo 8062,226.8,93,4
8063,Prod Masivo 8063,233.5,116,7
8064,Prod Masivo 8064,104.38,103,4
8065,Prod Masivo 8065,355.31,104,8
8066,Prod Masivo 8066,267.36,108,8
8067,Prod Masivo 8067,441.8,198,6
8068,Prod Masivo 8068,221.17,125,1
8069,Prod Masivo 8069,168.4,85,6
8070,Prod Masivo 8070,123.36,11,7
8071,Prod Masivo 8071,301.83,176,4
8072,Prod Masivo 8072,355.2,133,6
8073,Prod Masivo 8073,219.62,82,7
8074,Prod Masivo 8074,354.0,22,5
8075,Prod Masivo 8075,283.87,188,8
8076,Prod Masivo 8076,70.06,63,7
8077,Prod Masivo 8077,264.9,23,2
8078,Prod Masivo 8078,392.64,136,7
8079,Prod Masivo 8079,264.89,115,6
8080,Prod Masivo 8080,215.36,75,2
8081,Prod Masivo 8081,429.24,79,5
8082,Prod Masivo 8082,498.29,39,4
8083,Prod Masivo 8083,274.38,88,8
8084,Prod Masivo 8084,157.59,35,3
8085,Prod Masivo 8085,255.58,80,7
8086,Prod Masivo 8086,189.24,129,3
8087,Prod Masivo 8087,313.72,108,6
8088,Prod Masivo 8088,161.69,114,6
8089,Prod Masivo 8089,427.29,39,7
8090,Prod Masivo 8090,384.4,69,3
8091,Prod Masivo 8091,252.84,198,5
8092,Prod Masivo 8092,147.47,121,7
8093,Prod Masivo 8093,85.22,190,4
8094,Prod Masivo 8094,248.18,108,6
8095,Prod Masivo 8095,419.73,18,1
8096,Prod Masivo 8096,141.06,46,5
8097,Prod Masivo 8097,67.11,172,3
8098,Prod Masivo 8098,423.41,92,2
8099,Prod Masivo 8099,437.88,14,3
8100,Prod Masivo 8100,59.43,115,5
8101,Prod Masivo 8101,491.11,113,6
8102,Prod Masivo 8102,202.11,37,3
8103,Prod Masivo 8103,362.34,70,6
8104,Prod Masivo 8104,308.57,45,5
8105,Prod Masivo 8105,62.01,41,2
8106,Prod Masivo 8106,356.83,139,3
8107,Prod Masivo 8107,461.17,159,6
8108,Prod Masivo 8108,440.27,171,8
8109,Prod Masivo 8109,430.28,163,4
8110,Prod Masivo 8110,225.0,45,2
8111,Prod Masivo 8111,110.73,124,8
8112,Prod Masivo 8112,270.56,16,6
8113,Prod Masivo 8113,103.95,97,3
8114,Prod Masivo 8114,120.19,123,8
8115,Prod Masivo 8115,333.78,91,7
8116,Prod Masivo 8116,70.47,85,7
8117,Prod Masivo 8117,192.84,43,8
8118,Prod Masivo 8118,268.89,77,4
8119,Prod Masivo 8119,423.49,33,6
8120,Prod Masivo 8120,414.32,67,5
8121,Prod Masivo 8121,373.41,157,1
8122,Prod Masivo 8122,478.61,53,6
8123,Prod Masivo 8123,455.39,90,3
8124,Prod Masivo 8124,33.01,193,2
8125,Prod Masivo 8125,420.1,91,7
8126,Prod Masivo 8126,480.4,73,3
8127,Prod Masivo 8127,111.85,60,7
8128,Prod Masivo 8128,246.8,117,8
8129,Prod Masivo 8129,376.39,148,8
8130,Prod Masivo 8130,110.59,31,1
8131,Prod Masivo 8131,111.07,165,3
8132,Prod Masivo 8132,222.31,157,7
8133,Prod Masivo 8133,120.66,183,3
8134,Prod Masivo 8134,21.43,30,1
8135,Prod Masivo 8135,29.39,126,2
8136,Prod Masivo 8136,16.86,153,2
8137,Prod Masivo 8137,465.38,169,8
8138,Prod Masivo 8138,353.14,141,3
8139,Prod Masivo 8139,492.29,72,2
8140,Prod Masivo 8140,363.89,196,6
8141,Prod Masivo 8141,291.72,82,7
8142,Prod Masivo 8142,23.66,42,1
8143,Prod Masivo 8143,252.63,13,3
8144,Prod Masivo 8144,482.55,46,6
8145,Prod Masivo 8145,397.59,83,6
8146,Prod Masivo 8146,347.77,44,6
8147,Prod Masivo 8147,285.37,70,8
8148,Prod Masivo 8148,195.17,83,6
8149,Prod Masivo 8149,140.41,182,6
8150,Prod Masivo 8150,195.69,169,2
8151,Prod Masivo 8151,128.35,177,4
8152,Prod Masivo 8152,83.67,38,8
8153,Prod Masivo 8153,174.9,116,6
8154,Prod Masivo 8154,179.57,158,7
8155,Prod Masivo 8155,329.65,157,3
8156,Prod Masivo 8156,390.56,138,8
8157,Prod Masivo 8157,200.6,192,6
8158,Prod Masivo 8158,450.92,130,4
8159,Prod Masivo 8159,167.28,107,2
8160,Prod Masivo 8160,412.35,136,2
8161,Prod Masivo 8161,162.28,156,1
8162,Prod Masivo 8162,182.52,62,1
8163,Prod Masivo 8163,484.92,78,5
8164,Prod Masivo 8164,42.41,164,4
8165,Prod Masivo 8165,128.08,187,6
8166,Prod Masivo 8166,81.83,80,5
8167,Prod Masivo 8167,257.95,156,7
8168,Prod Masivo 8168,428.24,97,6
8169,Prod Masivo 8169,426.24,160,8
8170,Prod Masivo 8170,375.28,157,5
8171,Prod Masivo 8171,175.22,200,1
8172,Prod Masivo 8172,10.24,64,4
8173,Prod Masivo 8173,28.06,181,4
8174,Prod Masivo 8174,80.52,165,3
8175,Prod Masivo 8175,437.1,98,8
8176,Prod Masivo 8176,450.72,23,1
8177,Prod Masivo 8177,159.58,12,2
8178,Prod Masivo 8178,67.2,54,4
8179,Prod Masivo 8179,392.92,188,1
8180,Prod Masivo 8180,497.61,83,6
8181,Prod Masivo 8181,293.84,172,5
8182,Prod Masivo 8182,146.6,41,2
8183,Prod Masivo 8183,415.32,73,8
8184,Prod Masivo 8184,45.12,100,6
8185,Prod Masivo 8185,111.39,135,2
8186,Prod Masivo 8186,437.19,72,6
8187,Prod Masivo 8187,305.26,30,6
8188,Prod Masivo 8188,154.08,165,7
8189,Prod Masivo 8189,201.29,77,6
8190,Prod Masivo 8190,314.17,81,5
8191,Prod Masivo 8191,159.18,69,3
8192,Prod Masivo 8192,313.55,66,6
8193,Prod Masivo 8193,87.03,155,5
8194,Prod Masivo 8194,139.24,95,6
8195,Prod Masivo 8195,398.07,105,3
8196,Prod Masivo 8196,269.44,17,3
8197,Prod Masivo 8197,372.75,36,2
8198,Prod Masivo 8198,209.58,195,5
8199,Prod Masivo 8199,15.1,32,7
8200,Prod Masivo 8200,294.11,130,5
8201,Prod Masivo 8201,87.98,168,6
8202,Prod Masivo 8202,44.01,75,3
8203,Prod Masivo 8203,455.58,38,8
8204,Prod Masivo 8204,374.57,67,4
8205,Prod Masivo 8205,16.87,47,7
8206,Prod Masivo 8206,425.19,73,7
8207,Prod Masivo 8207,277.6,166,7
8208,Prod Masivo 8208,292.88,125,7
8209,Prod Masivo 8209,430.57,110,7
8210,Prod Masivo 8210,72.07,21,8
8211,Prod Masivo 8211,473.11,149,8
8212,Prod Masivo 8212,290.87,80,3
8213,Prod Masivo 8213,486.03,32,7
8214,Prod Masivo 8214,220.64,108,3
8215,Prod Masivo 8215,407.27,148,2
8216,Prod Masivo 8216,379.47,153,3
8217,Prod Masivo 8217,112.15,74,8
8218,Prod Masivo 8218,27.91,111,4
8219,Prod Masivo 8219,324.39,15,2
8220,Prod Masivo 8220,448.84,101,6
8221,Prod Masivo 8221,91.41,133,4
8222,Prod Masivo 8222,83.13,80,4
8223,Prod Masivo 8223,285.42,30,5
8224,Prod Masivo 8224,474.33,63,1
8225,Prod Masivo 8225,50.45,142,7
8226,Prod Masivo 8226,253.63,15,3
8227,Prod Masivo 8227,460.35,50,5
8228,Prod Masivo 8228,104.31,197,6
8229,Prod Masivo 8229,493.3,67,6
8230,Prod Masivo 8230,453.43,104,7
8231,Prod Masivo 8231,129.61,139,1
8232,Prod Masivo 8232,157.09,83,8
8233,Prod Masivo 8233,419.0,41,4
8234,Prod Masivo 8234,118.91,17,4
8235,Prod Masivo 8235,122.88,19,4
8236,Prod Masivo 8236,245.84,103,5
8237,Prod Masivo 8237,107.33,59,6
8238,Prod Masivo 8238,58.57,127,2
8239,Prod Masivo 8239,244.13,180,8
8240,Prod Masivo 8240,200.28,92,7
8241,Prod Masivo 8241,392.49,85,4
8242,Prod Masivo 8242,88.26,22,3
8243,Prod Masivo 8243,229.88,196,2
8244,Prod Masivo 8244,362.15,176,1
8245,Prod Masivo 8245,336.33,136,4
8246,Prod Masivo 8246,69.05,91,3
8247,Prod Masivo 8247,188.29,179,3
8248,Prod Masivo 8248,415.87,129,8
8249,Prod Masivo 8249,387.83,67,3
8250,Prod Masivo 8250,307.02,194,7
8251,Prod Masivo 8251,243.39,17,1
8252,Prod Masivo 8252,480.28,54,1
8253,Prod Masivo 8253,357.13,192,8
8254,Prod Masivo 8254,116.31,81,2
8255,Prod Masivo 8255,163.37,194,2
8256,Prod Masivo 8256,279.83,117,8
8257,Prod Masivo 8257,458.71,48,3
8258,Prod Masivo 8258,236.14,11,2
8259,Prod Masivo 8259,210.76,95,1
8260,Prod Masivo 8260,16.97,68,2
8261,Prod Masivo 8261,330.45,56,4
8262,Prod Masivo 8262,54.1,114,2
8263,Prod Masivo 8263,387.32,17,2
8264,Prod Masivo 8264,348.38,37,7
8265,Prod Masivo 8265,152.53,139,3
8266,Prod Masivo 8266,392.06,181,1
8267,Prod Masivo 8267,116.22,69,8
8268,Prod Masivo 8268,385.14,97,4
8269,Prod Masivo 8269,28.66,159,8
8270,Prod Masivo 8270,475.26,147,7
8271,Prod Masivo 8271,150.32,86,2
8272,Prod Masivo 8272,89.56,77,1
8273,Prod Masivo 8273,317.82,67,8
8274,Prod Masivo 8274,324.37,63,6
8275,Prod Masivo 8275,256.08,28,4
8276,Prod Masivo 8276,102.45,45,8
8277,Prod Masivo 8277,25.25,169,8
8278,Prod Masivo 8278,218.84,194,7
8279,Prod Masivo 8279,200.89,58,4
8280,Prod Masivo 8280,471.85,106,6
8281,Prod Masivo 8281,115.8,17,5
8282,Prod Masivo 8282,13.77,37,6
8283,Prod Masivo 8283,316.95,155,5
8284,Prod Masivo 8284,328.27,36,7
8285,Prod Masivo 8285,403.67,134,6
8286,Prod Masivo 8286,57.07,22,8
8287,Prod Masivo 8287,481.5,64,7
8288,Prod Masivo 8288,33.56,64,2
8289,Prod Masivo 8289,357.76,149,1
8290,Prod Masivo 8290,124.37,159,5
8291,Prod Masivo 8291,429.85,186,4
8292,Prod Masivo 8292,427.91,124,5
8293,Prod Masivo 8293,375.44,67,3
8294,Prod Masivo 8294,343.89,182,7
8295,Prod Masivo 8295,496.97,24,8
8296,Prod Masivo 8296,478.98,106,4
8297,Prod Masivo 8297,265.92,55,7
8298,Prod Masivo 8298,373.92,129,7
8299,Prod Masivo 8299,151.09,169,5
8300,Prod Masivo 8300,247.16,132,6
8301,Prod Masivo 8301,289.27,158,8
8302,Prod Masivo 8302,263.26,75,1
8303,Prod Masivo 8303,59.03,161,7
8304,Prod Masivo 8304,332.27,143,6
8305,Prod Masivo 8305,163.7,107,4
8306,Prod Masivo 8306,105.94,170,6
8307,Prod Masivo 8307,196.19,117,5
8308,Prod Masivo 8308,497.87,23,6
8309,Prod Masivo 8309,392.42,52,5
8310,Prod Masivo 8310,425.63,78,2
8311,Prod Masivo 8311,321.47,162,3
8312,Prod Masivo 8312,53.33,55,8
8313,Prod Masivo 8313,412.33,109,5
8314,Prod Masivo 8314,22.68,121,8
8315,Prod Masivo 8315,262.52,197,5
8316,Prod Masivo 8316,153.34,154,6
8317,Prod Masivo 8317,61.91,11,4
8318,Prod Masivo 8318,183.11,191,5
8319,Prod Masivo 8319,307.2,171,4
8320,Prod Masivo 8320,315.74,41,2
8321,Prod Masivo 8321,31.79,12,3
8322,Prod Masivo 8322,210.18,23,4
8323,Prod Masivo 8323,483.21,124,5
8324,Prod Masivo 8324,139.72,149,3
8325,Prod Masivo 8325,127.48,29,8
8326,Prod Masivo 8326,224.49,31,7
8327,Prod Masivo 8327,272.03,122,1
8328,Prod Masivo 8328,441.1,189,3
8329,Prod Masivo 8329,260.97,24,5
8330,Prod Masivo 8330,294.99,168,4
8331,Prod Masivo 8331,133.2,20,3
8332,Prod Masivo 8332,54.84,197,2
8333,Prod Masivo 8333,494.32,52,5
8334,Prod Masivo 8334,76.9,46,6
8335,Prod Masivo 8335,11.77,186,4
8336,Prod Masivo 8336,399.56,121,6
8337,Prod Masivo 8337,33.12,109,5
8338,Prod Masivo 8338,295.75,148,2
8339,Prod Masivo 8339,474.85,102,7
8340,Prod Masivo 8340,17.29,112,2
8341,Prod Masivo 8341,400.75,193,3
8342,Prod Masivo 8342,418.74,158,7
8343,Prod Masivo 8343,330.24,52,3
8344,Prod Masivo 8344,287.52,113,5
8345,Prod Masivo 8345,259.63,197,7
8346,Prod Masivo 8346,217.33,47,2
8347,Prod Masivo 8347,310.84,31,6
8348,Prod Masivo 8348,465.82,62,6
8349,Prod Masivo 8349,362.56,48,6
8350,Prod Masivo 8350,418.27,91,7
8351,Prod Masivo 8351,384.63,194,3
8352,Prod Masivo 8352,314.54,192,3
8353,Prod Masivo 8353,119.34,166,8
8354,Prod Masivo 8354,189.41,164,7
8355,Prod Masivo 8355,148.23,170,8
8356,Prod Masivo 8356,416.76,41,4
8357,Prod Masivo 8357,78.48,149,1
8358,Prod Masivo 8358,180.14,136,2
8359,Prod Masivo 8359,231.76,32,1
8360,Prod Masivo 8360,265.08,124,2
8361,Prod Masivo 8361,103.99,147,2
8362,Prod Masivo 8362,246.54,196,1
8363,Prod Masivo 8363,56.91,162,2
8364,Prod Masivo 8364,374.75,24,4
8365,Prod Masivo 8365,284.42,16,1
8366,Prod Masivo 8366,91.44,132,5
8367,Prod Masivo 8367,442.62,65,1
8368,Prod Masivo 8368,86.1,71,3
8369,Prod Masivo 8369,290.09,161,2
8370,Prod Masivo 8370,203.68,183,2
8371,Prod Masivo 8371,110.69,159,4
8372,Prod Masivo 8372,293.03,181,4
8373,Prod Masivo 8373,497.68,138,5
8374,Prod Masivo 8374,262.25,142,3
8375,Prod Masivo 8375,162.73,192,7
8376,Prod Masivo 8376,70.06,49,2
8377,Prod Masivo 8377,371.12,131,6
8378,Prod Masivo 8378,36.88,44,1
8379,Prod Masivo 8379,351.57,123,6
8380,Prod Masivo 8380,448.03,81,1
8381,Prod Masivo 8381,470.57,77,3
8382,Prod Masivo 8382,459.88,157,5
8383,Prod Masivo 8383,452.68,43,7
8384,Prod Masivo 8384,131.47,168,8
8385,Prod Masivo 8385,328.42,131,3
8386,Prod Masivo 8386,478.49,117,1
8387,Prod Masivo 8387,391.41,165,3
8388,Prod Masivo 8388,289.45,60,5
8389,Prod Masivo 8389,22.13,122,4
8390,Prod Masivo 8390,497.55,21,4
8391,Prod Masivo 8391,454.64,126,1
8392,Prod Masivo 8392,59.07,77,3
8393,Prod Masivo 8393,77.28,158,3
8394,Prod Masivo 8394,413.27,44,2
8395,Prod Masivo 8395,132.18,133,2
8396,Prod Masivo 8396,39.5,135,4
8397,Prod Masivo 8397,187.28,52,4
8398,Prod Masivo 8398,89.86,64,8
8399,Prod Masivo 8399,239.15,82,4
8400,Prod Masivo 8400,464.18,189,4
8401,Prod Masivo 8401,317.89,157,3
8402,Prod Masivo 8402,243.53,88,4
8403,Prod Masivo 8403,298.57,74,7
8404,Prod Masivo 8404,26.8,77,1
8405,Prod Masivo 8405,50.0,102,3
8406,Prod Masivo 8406,67.07,61,6
8407,Prod Masivo 8407,353.01,186,6
8408,Prod Masivo 8408,328.52,123,5
8409,Prod Masivo 8409,101.12,89,6
8410,Prod Masivo 8410,462.43,193,6
8411,Prod Masivo 8411,247.76,76,6
8412,Prod Masivo 8412,459.85,134,8
8413,Prod Masivo 8413,393.93,107,8
8414,Prod Masivo 8414,175.84,84,4
8415,Prod Masivo 8415,375.55,54,7
8416,Prod Masivo 8416,194.84,168,3
8417,Prod Masivo 8417,123.49,65,4
8418,Prod Masivo 8418,277.74,106,7
8419,Prod Masivo 8419,72.12,75,5
8420,Prod Masivo 8420,44.85,30,1
8421,Prod Masivo 8421,438.81,197,7
8422,Prod Masivo 8422,431.14,181,7
8423,Prod Masivo 8423,446.85,27,4
8424,Prod Masivo 8424,382.03,159,3
8425,Prod Masivo 8425,379.29,121,8
8426,Prod Masivo 8426,262.23,52,2
8427,Prod Masivo 8427,169.97,132,3
8428,Prod Masivo 8428,217.83,195,2
8429,Prod Masivo 8429,364.31,120,3
8430,Prod Masivo 8430,31.66,106,3
8431,Prod Masivo 8431,280.94,143,4
8432,Prod Masivo 8432,237.41,160,3
8433,Prod Masivo 8433,308.43,101,3
8434,Prod Masivo 8434,55.01,102,4
8435,Prod Masivo 8435,329.61,11,4
8436,Prod Masivo 8436,441.87,165,2
8437,Prod Masivo 8437,315.27,93,1
8438,Prod Masivo 8438,238.32,36,7
8439,Prod Masivo 8439,101.67,56,6
8440,Prod Masivo 8440,460.33,10,4
8441,Prod Masivo 8441,450.61,163,8
8442,Prod Masivo 8442,320.26,20,1
8443,Prod Masivo 8443,355.87,61,3
8444,Prod Masivo 8444,314.26,199,6
8445,Prod Masivo 8445,128.58,111,5
8446,Prod Masivo 8446,35.39,198,3
8447,Prod Masivo 8447,110.33,158,3
8448,Prod Masivo 8448,114.09,143,6
8449,Prod Masivo 8449,443.17,95,7
8450,Prod Masivo 8450,227.08,100,5
8451,Prod Masivo 8451,370.0,56,1
8452,Prod Masivo 8452,348.92,23,5
8453,Prod Masivo 8453,191.07,77,4
8454,Prod Masivo 8454,162.54,197,3
8455,Prod Masivo 8455,362.16,88,1
8456,Prod Masivo 8456,366.05,164,5
8457,Prod Masivo 8457,325.38,67,4
8458,Prod Masivo 8458,155.88,82,4
8459,Prod Masivo 8459,351.9,157,5
8460,Prod Masivo 8460,327.15,10,4
8461,Prod Masivo 8461,218.04,124,8
8462,Prod Masivo 8462,411.97,183,5
8463,Prod Masivo 8463,66.63,55,3
8464,Prod Masivo 8464,440.15,22,5
8465,Prod Masivo 8465,377.03,44,4
8466,Prod Masivo 8466,345.54,124,7
8467,Prod Masivo 8467,329.32,70,2
8468,Prod Masivo 8468,390.3,66,7
8469,Prod Masivo 8469,473.69,153,1
8470,Prod Masivo 8470,124.98,47,3
8471,Prod Masivo 8471,205.91,118,1
8472,Prod Masivo 8472,65.68,34,6
8473,Prod Masivo 8473,222.41,88,4
8474,Prod Masivo 8474,234.65,122,5
8475,Prod Masivo 8475,42.36,189,5
8476,Prod Masivo 8476,119.22,185,6
8477,Prod Masivo 8477,474.32,82,8
8478,Prod Masivo 8478,306.28,71,3
8479,Prod Masivo 8479,385.64,73,1
8480,Prod Masivo 8480,150.86,53,1
8481,Prod Masivo 8481,308.22,181,2
8482,Prod Masivo 8482,417.04,15,3
8483,Prod Masivo 8483,459.29,195,5
8484,Prod Masivo 8484,148.15,109,8
8485,Prod Masivo 8485,110.54,76,3
8486,Prod Masivo 8486,316.71,47,6
8487,Prod Masivo 8487,488.11,123,2
8488,Prod Masivo 8488,169.69,115,5
8489,Prod Masivo 8489,258.65,16,4
8490,Prod Masivo 8490,14.76,124,5
8491,Prod Masivo 8491,117.47,13,1
8492,Prod Masivo 8492,129.01,128,8
8493,Prod Masivo 8493,395.99,170,6
8494,Prod Masivo 8494,286.56,29,6
8495,Prod Masivo 8495,326.78,91,3
8496,Prod Masivo 8496,286.09,32,4
8497,Prod Masivo 8497,307.08,23,4
8498,Prod Masivo 8498,416.13,123,7
8499,Prod Masivo 8499,65.06,42,8
8500,Prod Masivo 8500,208.86,191,4
8501,Prod Masivo 8501,167.18,195,6
8502,Prod Masivo 8502,309.09,105,2
8503,Prod Masivo 8503,263.14,36,4
8504,Prod Masivo 8504,335.59,20,4
8505,Prod Masivo 8505,118.84,131,4
8506,Prod Masivo 8506,493.24,66,6
8507,Prod Masivo 8507,233.73,91,2
8508,Prod Masivo 8508,198.3,173,8
8509,Prod Masivo 8509,323.35,66,4
8510,Prod Masivo 8510,55.93,139,2
8511,Prod Masivo 8511,193.79,120,3
8512,Prod Masivo 8512,268.34,104,4
8513,Prod Masivo 8513,284.29,47,6
8514,Prod Masivo 8514,307.75,187,5
8515,Prod Masivo 8515,259.89,133,4
8516,Prod Masivo 8516,129.85,180,7
8517,Prod Masivo 8517,60.08,75,1
8518,Prod Masivo 8518,143.13,124,8
8519,Prod Masivo 8519,328.17,91,7
8520,Prod Masivo 8520,332.5,111,5
8521,Prod Masivo 8521,157.7,28,8
8522,Prod Masivo 8522,121.85,143,7
8523,Prod Masivo 8523,124.3,125,4
8524,Prod Masivo 8524,426.41,107,4
8525,Prod Masivo 8525,353.32,25,2
8526,Prod Masivo 8526,270.15,14,3
8527,Prod Masivo 8527,67.04,81,3
8528,Prod Masivo 8528,263.91,178,4
8529,Prod Masivo 8529,23.37,70,2
8530,Prod Masivo 8530,43.84,174,7
8531,Prod Masivo 8531,45.67,133,4
8532,Prod Masivo 8532,113.8,68,8
8533,Prod Masivo 8533,312.49,107,8
8534,Prod Masivo 8534,150.2,179,8
8535,Prod Masivo 8535,244.31,58,2
8536,Prod Masivo 8536,247.83,123,6
8537,Prod Masivo 8537,227.02,126,3
8538,Prod Masivo 8538,414.45,143,6
8539,Prod Masivo 8539,447.82,46,5
8540,Prod Masivo 8540,36.03,58,3
8541,Prod Masivo 8541,471.38,64,8
8542,Prod Masivo 8542,492.7,89,8
8543,Prod Masivo 8543,294.98,131,2
8544,Prod Masivo 8544,495.62,168,6
8545,Prod Masivo 8545,393.01,63,3
8546,Prod Masivo 8546,462.87,169,7
8547,Prod Masivo 8547,383.36,139,1
8548,Prod Masivo 8548,443.15,194,8
8549,Prod Masivo 8549,319.26,68,2
8550,Prod Masivo 8550,472.23,60,3
8551,Prod Masivo 8551,355.01,81,4
8552,Prod Masivo 8552,444.41,41,5
8553,Prod Masivo 8553,82.24,181,2
8554,Prod Masivo 8554,357.4,179,6
8555,Prod Masivo 8555,54.29,59,8
8556,Prod Masivo 8556,240.93,61,1
8557,Prod Masivo 8557,115.47,170,6
8558,Prod Masivo 8558,66.04,27,8
8559,Prod Masivo 8559,134.99,18,2
8560,Prod Masivo 8560,488.21,47,2
8561,Prod Masivo 8561,253.94,73,6
8562,Prod Masivo 8562,41.03,199,4
8563,Prod Masivo 8563,163.36,158,5
8564,Prod Masivo 8564,297.63,12,5
8565,Prod Masivo 8565,40.7,171,3
8566,Prod Masivo 8566,132.74,117,8
8567,Prod Masivo 8567,286.59,182,7
8568,Prod Masivo 8568,275.59,108,3
8569,Prod Masivo 8569,386.08,123,7
8570,Prod Masivo 8570,304.22,153,6
8571,Prod Masivo 8571,308.92,109,4
8572,Prod Masivo 8572,482.61,128,4
8573,Prod Masivo 8573,354.61,196,1
8574,Prod Masivo 8574,60.25,157,1
8575,Prod Masivo 8575,413.35,159,3
8576,Prod Masivo 8576,67.88,187,1
8577,Prod Masivo 8577,326.28,75,7
8578,Prod Masivo 8578,334.33,159,7
8579,Prod Masivo 8579,121.94,79,1
8580,Prod Masivo 8580,22.29,51,4
8581,Prod Masivo 8581,211.16,60,8
8582,Prod Masivo 8582,180.05,105,6
8583,Prod Masivo 8583,320.76,28,8
8584,Prod Masivo 8584,204.78,179,7
8585,Prod Masivo 8585,20.37,137,1
8586,Prod Masivo 8586,25.48,164,8
8587,Prod Masivo 8587,499.01,42,5
8588,Prod Masivo 8588,471.64,126,2
8589,Prod Masivo 8589,211.48,29,4
8590,Prod Masivo 8590,54.27,139,4
8591,Prod Masivo 8591,284.76,54,7
8592,Prod Masivo 8592,280.83,85,6
8593,Prod Masivo 8593,402.05,191,8
8594,Prod Masivo 8594,220.47,134,7
8595,Prod Masivo 8595,215.21,140,2
8596,Prod Masivo 8596,264.28,179,1
8597,Prod Masivo 8597,364.21,120,3
8598,Prod Masivo 8598,425.21,112,3
8599,Prod Masivo 8599,21.13,21,2
8600,Prod Masivo 8600,228.83,99,7
8601,Prod Masivo 8601,206.54,68,4
8602,Prod Masivo 8602,420.85,131,6
8603,Prod Masivo 8603,193.88,70,1
8604,Prod Masivo 8604,278.65,80,4
8605,Prod Masivo 8605,187.52,179,4
8606,Prod Masivo 8606,208.03,182,7
8607,Prod Masivo 8607,211.39,194,4
8608,Prod Masivo 8608,354.86,150,7
8609,Prod Masivo 8609,345.64,194,4
8610,Prod Masivo 8610,107.24,149,6
8611,Prod Masivo 8611,247.13,98,6
8612,Prod Masivo 8612,62.38,187,4
8613,Prod Masivo 8613,498.66,151,1
8614,Prod Masivo 8614,57.05,158,2
8615,Prod Masivo 8615,340.45,143,2
8616,Prod Masivo 8616,123.86,114,3
8617,Prod Masivo 8617,365.86,88,7
8618,Prod Masivo 8618,470.4,71,8
8619,Prod Masivo 8619,151.75,183,1
8620,Prod Masivo 8620,238.25,169,3
8621,Prod Masivo 8621,157.87,73,7
8622,Prod Masivo 8622,44.62,28,7
8623,Prod Masivo 8623,379.22,51,2
8624,Prod Masivo 8624,40.96,28,5
8625,Prod Masivo 8625,217.43,58,1
8626,Prod Masivo 8626,371.16,159,8
8627,Prod Masivo 8627,332.71,108,2
8628,Prod Masivo 8628,369.63,26,7
8629,Prod Masivo 8629,463.99,159,1
8630,Prod Masivo 8630,246.66,59,2
8631,Prod Masivo 8631,132.83,71,7
8632,Prod Masivo 8632,336.07,26,3
8633,Prod Masivo 8633,484.18,58,2
8634,Prod Masivo 8634,187.3,65,8
8635,Prod Masivo 8635,338.42,53,5
8636,Prod Masivo 8636,54.35,149,2
8637,Prod Masivo 8637,389.48,85,4
8638,Prod Masivo 8638,485.63,122,1
8639,Prod Masivo 8639,371.55,28,6
8640,Prod Masivo 8640,326.88,165,3
8641,Prod Masivo 8641,156.16,174,2
8642,Prod Masivo 8642,385.27,17,7
8643,Prod Masivo 8643,272.08,187,4
8644,Prod Masivo 8644,410.3,124,3
8645,Prod Masivo 8645,450.58,137,1
8646,Prod Masivo 8646,318.17,26,8
8647,Prod Masivo 8647,45.44,186,4
8648,Prod Masivo 8648,186.63,132,6
8649,Prod Masivo 8649,77.97,75,2
8650,Prod Masivo 8650,343.2,57,6
8651,Prod Masivo 8651,227.07,109,1
8652,Prod Masivo 8652,110.16,160,3
8653,Prod Masivo 8653,83.82,85,2
8654,Prod Masivo 8654,320.42,113,3
8655,Prod Masivo 8655,487.89,104,3
8656,Prod Masivo 8656,370.64,188,4
8657,Prod Masivo 8657,199.8,142,4
8658,Prod Masivo 8658,249.02,173,1
8659,Prod Masivo 8659,262.81,171,8
8660,Prod Masivo 8660,125.22,16,6
8661,Prod Masivo 8661,298.59,24,5
8662,Prod Masivo 8662,400.96,186,6
8663,Prod Masivo 8663,22.63,49,7
8664,Prod Masivo 8664,136.53,115,4
8665,Prod Masivo 8665,208.63,83,4
8666,Prod Masivo 8666,123.53,72,7
8667,Prod Masivo 8667,237.25,50,7
8668,Prod Masivo 8668,399.41,160,7
8669,Prod Masivo 8669,151.76,72,3
8670,Prod Masivo 8670,202.74,63,1
8671,Prod Masivo 8671,113.74,82,6
8672,Prod Masivo 8672,193.0,157,6
8673,Prod Masivo 8673,400.15,159,3
8674,Prod Masivo 8674,62.96,22,5
8675,Prod Masivo 8675,448.96,62,1
8676,Prod Masivo 8676,256.42,67,8
8677,Prod Masivo 8677,404.58,85,8
8678,Prod Masivo 8678,301.55,47,5
8679,Prod Masivo 8679,479.62,145,8
8680,Prod Masivo 8680,482.75,125,8
8681,Prod Masivo 8681,385.58,69,5
8682,Prod Masivo 8682,320.5,144,6
8683,Prod Masivo 8683,470.93,72,3
8684,Prod Masivo 8684,473.49,164,1
8685,Prod Masivo 8685,100.81,29,7
8686,Prod Masivo 8686,385.86,57,4
8687,Prod Masivo 8687,163.79,27,4
8688,Prod Masivo 8688,174.41,172,5
8689,Prod Masivo 8689,276.81,137,6
8690,Prod Masivo 8690,250.56,58,3
8691,Prod Masivo 8691,381.27,97,5
8692,Prod Masivo 8692,387.93,191,1
8693,Prod Masivo 8693,345.01,99,4
8694,Prod Masivo 8694,254.89,49,6
8695,Prod Masivo 8695,85.81,190,1
8696,Prod Masivo 8696,440.83,169,6
8697,Prod Masivo 8697,336.67,64,6
8698,Prod Masivo 8698,214.18,39,7
8699,Prod Masivo 8699,488.02,54,5
8700,Prod Masivo 8700,310.83,108,7
8701,Prod Masivo 8701,173.87,126,8
8702,Prod Masivo 8702,383.89,128,1
8703,Prod Masivo 8703,176.23,167,2
8704,Prod Masivo 8704,438.51,107,6
8705,Prod Masivo 8705,428.54,48,2
8706,Prod Masivo 8706,324.06,143,4
8707,Prod Masivo 8707,362.34,29,5
8708,Prod Masivo 8708,146.85,44,8
8709,Prod Masivo 8709,92.38,50,6
8710,Prod Masivo 8710,331.84,138,6
8711,Prod Masivo 8711,49.91,158,5
8712,Prod Masivo 8712,307.73,82,3
8713,Prod Masivo 8713,317.76,165,7
8714,Prod Masivo 8714,115.26,166,7
8715,Prod Masivo 8715,19.14,113,1
8716,Prod Masivo 8716,248.25,115,1
8717,Prod Masivo 8717,182.07,92,7
8718,Prod Masivo 8718,255.18,174,7
8719,Prod Masivo 8719,23.1,55,2
8720,Prod Masivo 8720,213.4,73,1
8721,Prod Masivo 8721,347.44,117,3
8722,Prod Masivo 8722,346.02,95,2
8723,Prod Masivo 8723,249.8,61,5
8724,Prod Masivo 8724,333.15,39,1
8725,Prod Masivo 8725,46.66,104,6
8726,Prod Masivo 8726,387.6,54,7
8727,Prod Masivo 8727,410.84,13,8
8728,Prod Masivo 8728,174.51,166,3
8729,Prod Masivo 8729,381.17,144,3
8730,Prod Masivo 8730,382.42,88,3
8731,Prod Masivo 8731,97.09,175,7
8732,Prod Masivo 8732,443.44,71,4
8733,Prod Masivo 8733,300.49,65,2
8734,Prod Masivo 8734,221.66,15,5
8735,Prod Masivo 8735,238.16,48,6
8736,Prod Masivo 8736,319.72,199,1
8737,Prod Masivo 8737,331.24,152,7
8738,Prod Masivo 8738,407.78,34,6
8739,Prod Masivo 8739,416.23,54,4
8740,Prod Masivo 8740,390.28,184,4
8741,Prod Masivo 8741,451.57,46,7
8742,Prod Masivo 8742,335.37,119,6
8743,Prod Masivo 8743,393.73,74,2
8744,Prod Masivo 8744,277.05,72,2
8745,Prod Masivo 8745,222.46,189,2
8746,Prod Masivo 8746,26.27,120,2
8747,Prod Masivo 8747,37.13,149,1
8748,Prod Masivo 8748,62.71,185,8
8749,Prod Masivo 8749,418.0,62,2
8750,Prod Masivo 8750,378.26,25,7
8751,Prod Masivo 8751,19.16,113,2
8752,Prod Masivo 8752,223.64,112,7
8753,Prod Masivo 8753,18.59,181,2
8754,Prod Masivo 8754,250.5,108,5
8755,Prod Masivo 8755,184.24,185,7
8756,Prod Masivo 8756,12.61,168,1
8757,Prod Masivo 8757,238.55,108,2
8758,Prod Masivo 8758,52.57,25,2
8759,Prod Masivo 8759,426.73,164,7
8760,Prod Masivo 8760,246.79,45,3
8761,Prod Masivo 8761,13.24,25,7
8762,Prod Masivo 8762,367.27,95,3
8763,Prod Masivo 8763,227.49,52,3
8764,Prod Masivo 8764,369.88,120,6
8765,Prod Masivo 8765,468.94,100,6
8766,Prod Masivo 8766,358.36,107,1
8767,Prod Masivo 8767,287.21,106,8
8768,Prod Masivo 8768,132.22,106,7
8769,Prod Masivo 8769,430.48,143,7
8770,Prod Masivo 8770,309.68,116,8
8771,Prod Masivo 8771,113.44,147,1
8772,Prod Masivo 8772,470.82,90,1
8773,Prod Masivo 8773,65.38,113,6
8774,Prod Masivo 8774,286.75,24,1
8775,Prod Masivo 8775,322.17,55,7
8776,Prod Masivo 8776,27.92,49,6
8777,Prod Masivo 8777,461.28,172,1
8778,Prod Masivo 8778,446.49,199,4
8779,Prod Masivo 8779,360.63,193,5
8780,Prod Masivo 8780,182.32,33,4
8781,Prod Masivo 8781,499.81,165,1
8782,Prod Masivo 8782,313.75,109,5
8783,Prod Masivo 8783,445.67,79,4
8784,Prod Masivo 8784,159.11,167,7
8785,Prod Masivo 8785,103.14,11,5
8786,Prod Masivo 8786,378.52,167,4
8787,Prod Masivo 8787,457.72,124,3
8788,Prod Masivo 8788,372.13,19,4
8789,Prod Masivo 8789,491.47,192,6
8790,Prod Masivo 8790,489.85,143,2
8791,Prod Masivo 8791,280.03,68,6
8792,Prod Masivo 8792,101.39,124,8
8793,Prod Masivo 8793,417.69,103,7
8794,Prod Masivo 8794,172.2,94,3
8795,Prod Masivo 8795,189.28,123,4
8796,Prod Masivo 8796,211.59,12,6
8797,Prod Masivo 8797,20.28,104,5
8798,Prod Masivo 8798,454.31,18,5
8799,Prod Masivo 8799,299.37,184,3
8800,Prod Masivo 8800,483.57,91,1
8801,Prod Masivo 8801,437.42,132,6
8802,Prod Masivo 8802,449.63,194,3
8803,Prod Masivo 8803,131.31,164,2
8804,Prod Masivo 8804,486.3,19,4
8805,Prod Masivo 8805,389.66,79,6
8806,Prod Masivo 8806,81.46,32,7
8807,Prod Masivo 8807,203.12,17,8
8808,Prod Masivo 8808,241.96,188,4
8809,Prod Masivo 8809,255.63,11,8
8810,Prod Masivo 8810,360.43,136,2
8811,Prod Masivo 8811,384.75,108,4
8812,Prod Masivo 8812,197.23,184,4
8813,Prod Masivo 8813,468.99,58,5
8814,Prod Masivo 8814,279.54,13,5
8815,Prod Masivo 8815,93.1,53,3
8816,Prod Masivo 8816,488.84,34,7
8817,Prod Masivo 8817,37.63,42,5
8818,Prod Masivo 8818,109.25,15,6
8819,Prod Masivo 8819,426.58,183,1
8820,Prod Masivo 8820,188.77,188,5
8821,Prod Masivo 8821,287.4,151,8
8822,Prod Masivo 8822,318.91,85,2
8823,Prod Masivo 8823,225.81,120,5
8824,Prod Masivo 8824,182.74,27,2
8825,Prod Masivo 8825,21.21,197,6
8826,Prod Masivo 8826,428.02,79,5
8827,Prod Masivo 8827,252.74,161,4
8828,Prod Masivo 8828,163.17,48,6
8829,Prod Masivo 8829,367.45,149,8
8830,Prod Masivo 8830,460.94,90,8
8831,Prod Masivo 8831,45.3,155,4
8832,Prod Masivo 8832,309.29,164,2
8833,Prod Masivo 8833,486.83,77,5
8834,Prod Masivo 8834,70.68,194,4
8835,Prod Masivo 8835,80.23,22,7
8836,Prod Masivo 8836,457.44,60,6
8837,Prod Masivo 8837,161.99,62,8
8838,Prod Masivo 8838,456.33,40,6
8839,Prod Masivo 8839,178.58,85,5
8840,Prod Masivo 8840,15.35,186,2
8841,Prod Masivo 8841,347.3,77,6
8842,Prod Masivo 8842,312.34,30,2
8843,Prod Masivo 8843,108.74,135,5
8844,Prod Masivo 8844,64.29,50,6
8845,Prod Masivo 8845,41.21,186,5
8846,Prod Masivo 8846,147.13,91,2
8847,Prod Masivo 8847,281.71,94,4
8848,Prod Masivo 8848,239.37,107,5
8849,Prod Masivo 8849,121.94,164,4
8850,Prod Masivo 8850,76.51,59,2
8851,Prod Masivo 8851,178.02,131,5
8852,Prod Masivo 8852,359.73,99,8
8853,Prod Masivo 8853,456.83,143,3
8854,Prod Masivo 8854,347.02,200,3
8855,Prod Masivo 8855,297.11,46,4
8856,Prod Masivo 8856,315.27,122,5
8857,Prod Masivo 8857,243.96,180,3
8858,Prod Masivo 8858,82.25,106,8
8859,Prod Masivo 8859,192.81,99,5
8860,Prod Masivo 8860,486.94,160,3
8861,Prod Masivo 8861,306.12,33,8
8862,Prod Masivo 8862,202.19,160,7
8863,Prod Masivo 8863,397.26,81,6
8864,Prod Masivo 8864,203.52,37,8
8865,Prod Masivo 8865,390.02,15,4
8866,Prod Masivo 8866,461.44,79,5
8867,Prod Masivo 8867,215.25,115,7
8868,Prod Masivo 8868,385.08,174,7
8869,Prod Masivo 8869,94.43,130,6
8870,Prod Masivo 8870,166.66,22,7
8871,Prod Masivo 8871,255.71,21,1
8872,Prod Masivo 8872,432.74,184,5
8873,Prod Masivo 8873,122.83,23,4
8874,Prod Masivo 8874,269.65,27,7
8875,Prod Masivo 8875,305.92,108,4
8876,Prod Masivo 8876,245.7,89,7
8877,Prod Masivo 8877,72.69,62,8
8878,Prod Masivo 8878,33.15,23,8
8879,Prod Masivo 8879,91.79,63,3
8880,Prod Masivo 8880,209.2,105,3
8881,Prod Masivo 8881,44.13,69,2
8882,Prod Masivo 8882,195.97,20,7
8883,Prod Masivo 8883,368.02,122,5
8884,Prod Masivo 8884,479.61,90,8
8885,Prod Masivo 8885,73.74,182,4
8886,Prod Masivo 8886,203.29,105,6
8887,Prod Masivo 8887,357.81,152,7
8888,Prod Masivo 8888,313.62,178,8
8889,Prod Masivo 8889,415.3,37,6
8890,Prod Masivo 8890,109.18,75,6
8891,Prod Masivo 8891,339.34,99,7
8892,Prod Masivo 8892,369.09,110,8
8893,Prod Masivo 8893,115.25,43,1
8894,Prod Masivo 8894,203.62,183,5
8895,Prod Masivo 8895,364.05,20,1
8896,Prod Masivo 8896,360.07,149,8
8897,Prod Masivo 8897,416.74,68,3
8898,Prod Masivo 8898,451.95,183,2
8899,Prod Masivo 8899,208.71,48,1
8900,Prod Masivo 8900,217.48,180,1
8901,Prod Masivo 8901,316.24,48,5
8902,Prod Masivo 8902,17.29,139,6
8903,Prod Masivo 8903,171.94,58,5
8904,Prod Masivo 8904,364.03,75,3
8905,Prod Masivo 8905,153.22,170,7
8906,Prod Masivo 8906,348.37,56,7
8907,Prod Masivo 8907,452.61,176,1
8908,Prod Masivo 8908,133.97,134,3
8909,Prod Masivo 8909,44.99,165,4
8910,Prod Masivo 8910,493.86,90,2
8911,Prod Masivo 8911,35.42,196,8
8912,Prod Masivo 8912,82.55,13,3
8913,Prod Masivo 8913,462.36,71,7
8914,Prod Masivo 8914,362.03,191,8
8915,Prod Masivo 8915,244.16,97,4
8916,Prod Masivo 8916,245.35,119,8
8917,Prod Masivo 8917,470.38,186,7
8918,Prod Masivo 8918,284.97,149,3
8919,Prod Masivo 8919,328.39,64,2
8920,Prod Masivo 8920,381.29,64,8
8921,Prod Masivo 8921,239.56,45,3
8922,Prod Masivo 8922,351.44,157,3
8923,Prod Masivo 8923,450.93,77,3
8924,Prod Masivo 8924,18.79,39,7
8925,Prod Masivo 8925,235.38,133,7
8926,Prod Masivo 8926,224.67,63,5
8927,Prod Masivo 8927,130.37,16,1
8928,Prod Masivo 8928,169.97,99,2
8929,Prod Masivo 8929,427.39,185,8
8930,Prod Masivo 8930,450.46,50,5
8931,Prod Masivo 8931,94.2,37,2
8932,Prod Masivo 8932,65.02,111,7
8933,Prod Masivo 8933,455.35,162,8
8934,Prod Masivo 8934,10.77,14,1
8935,Prod Masivo 8935,446.69,122,5
8936,Prod Masivo 8936,218.9,65,5
8937,Prod Masivo 8937,301.73,130,8
8938,Prod Masivo 8938,376.55,105,4
8939,Prod Masivo 8939,199.17,37,8
8940,Prod Masivo 8940,422.16,156,2
8941,Prod Masivo 8941,182.16,10,8
8942,Prod Masivo 8942,308.98,196,1
8943,Prod Masivo 8943,170.52,186,8
8944,Prod Masivo 8944,140.64,167,5
8945,Prod Masivo 8945,204.96,96,3
8946,Prod Masivo 8946,464.31,14,8
8947,Prod Masivo 8947,121.79,90,2
8948,Prod Masivo 8948,367.03,35,4
8949,Prod Masivo 8949,451.51,67,8
8950,Prod Masivo 8950,434.44,128,6
8951,Prod Masivo 8951,488.48,15,2
8952,Prod Masivo 8952,122.89,194,7
8953,Prod Masivo 8953,328.87,58,1
8954,Prod Masivo 8954,232.14,174,5
8955,Prod Masivo 8955,36.78,193,8
8956,Prod Masivo 8956,61.58,23,7
8957,Prod Masivo 8957,351.9,195,5
8958,Prod Masivo 8958,263.73,25,2
8959,Prod Masivo 8959,360.85,196,8
8960,Prod Masivo 8960,238.15,65,6
8961,Prod Masivo 8961,361.36,146,1
8962,Prod Masivo 8962,452.38,43,5
8963,Prod Masivo 8963,254.86,18,2
8964,Prod Masivo 8964,365.51,165,2
8965,Prod Masivo 8965,94.93,40,8
8966,Prod Masivo 8966,190.21,199,7
8967,Prod Masivo 8967,89.34,30,3
8968,Prod Masivo 8968,78.09,156,3
8969,Prod Masivo 8969,150.31,35,5
8970,Prod Masivo 8970,134.05,102,6
8971,Prod Masivo 8971,38.04,81,2
8972,Prod Masivo 8972,268.16,191,4
8973,Prod Masivo 8973,85.57,21,7
8974,Prod Masivo 8974,423.62,92,3
8975,Prod Masivo 8975,193.69,100,1
8976,Prod Masivo 8976,412.61,49,1
8977,Prod Masivo 8977,403.09,141,6
8978,Prod Masivo 8978,42.08,46,2
8979,Prod Masivo 8979,43.43,86,3
8980,Prod Masivo 8980,238.75,39,4
8981,Prod Masivo 8981,124.94,198,4
8982,Prod Masivo 8982,455.97,16,7
8983,Prod Masivo 8983,254.54,41,6
8984,Prod Masivo 8984,113.32,19,6
8985,Prod Masivo 8985,496.57,61,8
8986,Prod Masivo 8986,359.31,28,8
8987,Prod Masivo 8987,493.67,163,3
8988,Prod Masivo 8988,357.1,175,2
8989,Prod Masivo 8989,278.65,183,8
8990,Prod Masivo 8990,169.3,104,5
8991,Prod Masivo 8991,165.91,25,4
8992,Prod Masivo 8992,35.8,12,3
8993,Prod Masivo 8993,367.4,21,2
8994,Prod Masivo 8994,274.61,13,7
8995,Prod Masivo 8995,325.34,15,8
8996,Prod Masivo 8996,380.94,29,6
8997,Prod Masivo 8997,464.01,195,2
8998,Prod Masivo 8998,424.65,170,7
8999,Prod Masivo 8999,489.24,78,8
9000,Prod Masivo 9000,365.59,144,7
9001,Prod Masivo 9001,498.82,52,3
9002,Prod Masivo 9002,135.23,172,4
9003,Prod Masivo 9003,437.92,78,3
9004,Prod Masivo 9004,182.96,15,6
9005,Prod Masivo 9005,106.62,199,4
9006,Prod Masivo 9006,206.11,19,6
9007,Prod Masivo 9007,39.91,190,4
9008,Prod Masivo 9008,50.13,85,6
9009,Prod Masivo 9009,145.69,80,1
9010,Prod Masivo 9010,99.41,188,6
9011,Prod Masivo 9011,386.89,190,6
9012,Prod Masivo 9012,231.3,96,1
9013,Prod Masivo 9013,240.32,99,2
9014,Prod Masivo 9014,305.67,31,6
9015,Prod Masivo 9015,488.26,40,2
9016,Prod Masivo 9016,489.41,124,6
9017,Prod Masivo 9017,497.11,192,1
9018,Prod Masivo 9018,22.25,169,6
9019,Prod Masivo 9019,467.32,161,7
9020,Prod Masivo 9020,114.38,179,1
9021,Prod Masivo 9021,122.04,186,2
9022,Prod Masivo 9022,298.61,50,8
9023,Prod Masivo 9023,296.88,112,7
9024,Prod Masivo 9024,97.91,100,6
9025,Prod Masivo 9025,140.38,128,7
9026,Prod Masivo 9026,112.94,102,1
9027,Prod Masivo 9027,77.98,61,1
9028,Prod Masivo 9028,254.85,196,3
9029,Prod Masivo 9029,322.26,110,5
9030,Prod Masivo 9030,28.65,18,7
9031,Prod Masivo 9031,89.34,196,6
9032,Prod Masivo 9032,255.05,164,4
9033,Prod Masivo 9033,114.2,10,3
9034,Prod Masivo 9034,284.09,56,6
9035,Prod Masivo 9035,404.31,112,3
9036,Prod Masivo 9036,193.29,73,7
9037,Prod Masivo 9037,341.61,153,3
9038,Prod Masivo 9038,419.72,35,8
9039,Prod Masivo 9039,296.51,189,8
9040,Prod Masivo 9040,404.23,19,1
9041,Prod Masivo 9041,419.95,14,6
9042,Prod Masivo 9042,116.96,126,3
9043,Prod Masivo 9043,298.45,163,3
9044,Prod Masivo 9044,410.65,98,3
9045,Prod Masivo 9045,373.65,144,5
9046,Prod Masivo 9046,492.48,41,1
9047,Prod Masivo 9047,277.35,196,4
9048,Prod Masivo 9048,11.5,117,3
9049,Prod Masivo 9049,497.1,30,8
9050,Prod Masivo 9050,73.79,118,3
9051,Prod Masivo 9051,87.87,37,1
9052,Prod Masivo 9052,296.56,54,2
9053,Prod Masivo 9053,373.23,141,8
9054,Prod Masivo 9054,403.28,58,7
9055,Prod Masivo 9055,124.41,97,5
9056,Prod Masivo 9056,383.27,105,2
9057,Prod Masivo 9057,181.55,138,3
9058,Prod Masivo 9058,427.53,150,3
9059,Prod Masivo 9059,85.63,117,3
9060,Prod Masivo 9060,400.84,146,5
9061,Prod Masivo 9061,162.6,177,1
9062,Prod Masivo 9062,143.14,174,7
9063,Prod Masivo 9063,127.49,49,6
9064,Prod Masivo 9064,346.24,116,7
9065,Prod Masivo 9065,309.04,57,1
9066,Prod Masivo 9066,203.6,74,4
9067,Prod Masivo 9067,209.54,12,2
9068,Prod Masivo 9068,473.31,133,8
9069,Prod Masivo 9069,297.84,28,4
9070,Prod Masivo 9070,59.86,74,7
9071,Prod Masivo 9071,54.52,103,7
9072,Prod Masivo 9072,481.57,193,3
9073,Prod Masivo 9073,86.65,176,6
9074,Prod Masivo 9074,141.76,127,1
9075,Prod Masivo 9075,83.08,159,4
9076,Prod Masivo 9076,53.5,73,8
9077,Prod Masivo 9077,112.05,139,6
9078,Prod Masivo 9078,358.87,177,5
9079,Prod Masivo 9079,387.32,94,4
9080,Prod Masivo 9080,58.52,157,8
9081,Prod Masivo 9081,433.57,152,3
9082,Prod Masivo 9082,78.57,145,2
9083,Prod Masivo 9083,79.14,151,3
9084,Prod Masivo 9084,77.09,81,2
9085,Prod Masivo 9085,45.26,198,7
9086,Prod Masivo 9086,399.08,97,3
9087,Prod Masivo 9087,287.03,200,1
9088,Prod Masivo 9088,442.69,89,6
9089,Prod Masivo 9089,161.04,29,7
9090,Prod Masivo 9090,407.7,197,3
9091,Prod Masivo 9091,489.52,183,2
9092,Prod Masivo 9092,489.81,83,1
9093,Prod Masivo 9093,448.85,189,7
9094,Prod Masivo 9094,316.8,171,3
9095,Prod Masivo 9095,172.29,196,2
9096,Prod Masivo 9096,277.52,75,2
9097,Prod Masivo 9097,152.2,140,6
9098,Prod Masivo 9098,316.52,178,3
9099,Prod Masivo 9099,394.92,186,7
9100,Prod Masivo 9100,259.3,181,2
9101,Prod Masivo 9101,257.59,95,3
9102,Prod Masivo 9102,181.63,187,8
9103,Prod Masivo 9103,243.17,171,2
9104,Prod Masivo 9104,126.53,200,5
9105,Prod Masivo 9105,199.48,48,5
9106,Prod Masivo 9106,425.12,15,2
9107,Prod Masivo 9107,425.42,17,2
9108,Prod Masivo 9108,282.91,48,2
9109,Prod Masivo 9109,174.6,69,6
9110,Prod Masivo 9110,284.21,45,3
9111,Prod Masivo 9111,323.23,42,4
9112,Prod Masivo 9112,315.37,111,7
9113,Prod Masivo 9113,409.31,25,8
9114,Prod Masivo 9114,159.74,11,2
9115,Prod Masivo 9115,164.59,158,2
9116,Prod Masivo 9116,475.94,22,6
9117,Prod Masivo 9117,481.94,84,4
9118,Prod Masivo 9118,423.87,110,3
9119,Prod Masivo 9119,353.74,156,2
9120,Prod Masivo 9120,238.37,186,4
9121,Prod Masivo 9121,53.31,105,3
9122,Prod Masivo 9122,182.81,38,7
9123,Prod Masivo 9123,455.61,59,4
9124,Prod Masivo 9124,181.19,114,2
9125,Prod Masivo 9125,88.72,152,8
9126,Prod Masivo 9126,90.27,54,1
9127,Prod Masivo 9127,452.64,93,7
9128,Prod Masivo 9128,184.48,197,4
9129,Prod Masivo 9129,41.22,88,6
9130,Prod Masivo 9130,391.36,71,7
9131,Prod Masivo 9131,400.2,193,8
9132,Prod Masivo 9132,17.88,84,8
9133,Prod Masivo 9133,203.87,115,4
9134,Prod Masivo 9134,255.87,48,7
9135,Prod Masivo 9135,97.66,132,5
9136,Prod Masivo 9136,221.41,132,5
9137,Prod Masivo 9137,276.08,46,3
9138,Prod Masivo 9138,20.43,21,5
9139,Prod Masivo 9139,387.29,99,3
9140,Prod Masivo 9140,437.22,129,8
9141,Prod Masivo 9141,415.4,75,8
9142,Prod Masivo 9142,487.05,121,8
9143,Prod Masivo 9143,89.46,197,7
9144,Prod Masivo 9144,65.95,143,1
9145,Prod Masivo 9145,471.95,127,4
9146,Prod Masivo 9146,29.16,63,7
9147,Prod Masivo 9147,82.84,12,4
9148,Prod Masivo 9148,367.84,41,6
9149,Prod Masivo 9149,233.82,35,6
9150,Prod Masivo 9150,289.19,147,4
9151,Prod Masivo 9151,355.58,63,3
9152,Prod Masivo 9152,56.05,193,6
9153,Prod Masivo 9153,364.85,196,1
9154,Prod Masivo 9154,358.96,177,6
9155,Prod Masivo 9155,489.63,190,7
9156,Prod Masivo 9156,207.28,22,2
9157,Prod Masivo 9157,354.84,166,5
9158,Prod Masivo 9158,361.84,185,8
9159,Prod Masivo 9159,396.19,187,6
9160,Prod Masivo 9160,55.3,155,8
9161,Prod Masivo 9161,399.06,85,8
9162,Prod Masivo 9162,302.26,13,8
9163,Prod Masivo 9163,45.84,14,7
9164,Prod Masivo 9164,156.01,120,7
9165,Prod Masivo 9165,271.26,33,8
9166,Prod Masivo 9166,484.92,122,7
9167,Prod Masivo 9167,381.92,77,1
9168,Prod Masivo 9168,447.81,127,4
9169,Prod Masivo 9169,288.18,154,4
9170,Prod Masivo 9170,480.83,144,7
9171,Prod Masivo 9171,76.36,75,3
9172,Prod Masivo 9172,79.42,188,6
9173,Prod Masivo 9173,450.24,99,8
9174,Prod Masivo 9174,480.11,135,2
9175,Prod Masivo 9175,37.02,28,1
9176,Prod Masivo 9176,13.67,30,4
9177,Prod Masivo 9177,493.52,12,7
9178,Prod Masivo 9178,450.25,157,1
9179,Prod Masivo 9179,485.46,169,5
9180,Prod Masivo 9180,76.61,172,1
9181,Prod Masivo 9181,116.19,66,5
9182,Prod Masivo 9182,161.91,19,1
9183,Prod Masivo 9183,378.62,19,7
9184,Prod Masivo 9184,237.62,190,2
9185,Prod Masivo 9185,461.83,116,1
9186,Prod Masivo 9186,401.55,39,1
9187,Prod Masivo 9187,55.43,95,6
9188,Prod Masivo 9188,80.34,107,2
9189,Prod Masivo 9189,416.24,42,5
9190,Prod Masivo 9190,388.47,146,8
9191,Prod Masivo 9191,151.13,94,4
9192,Prod Masivo 9192,131.93,53,3
9193,Prod Masivo 9193,198.73,44,2
9194,Prod Masivo 9194,339.99,26,3
9195,Prod Masivo 9195,489.43,123,1
9196,Prod Masivo 9196,220.57,150,6
9197,Prod Masivo 9197,380.57,193,8
9198,Prod Masivo 9198,262.0,39,3
9199,Prod Masivo 9199,112.19,55,8
9200,Prod Masivo 9200,61.04,70,8
9201,Prod Masivo 9201,133.4,39,5
9202,Prod Masivo 9202,111.95,53,7
9203,Prod Masivo 9203,470.32,123,8
9204,Prod Masivo 9204,92.61,30,8
9205,Prod Masivo 9205,120.7,60,5
9206,Prod Masivo 9206,131.74,196,8
9207,Prod Masivo 9207,459.34,40,2
9208,Prod Masivo 9208,179.2,96,6
9209,Prod Masivo 9209,273.09,67,4
9210,Prod Masivo 9210,359.0,133,1
9211,Prod Masivo 9211,87.91,114,2
9212,Prod Masivo 9212,494.08,111,7
9213,Prod Masivo 9213,74.24,16,8
9214,Prod Masivo 9214,164.33,66,7
9215,Prod Masivo 9215,63.66,47,6
9216,Prod Masivo 9216,352.55,48,6
9217,Prod Masivo 9217,134.65,61,8
9218,Prod Masivo 9218,399.03,185,2
9219,Prod Masivo 9219,227.17,144,5
9220,Prod Masivo 9220,290.06,17,7
9221,Prod Masivo 9221,278.03,100,3
9222,Prod Masivo 9222,293.15,113,4
9223,Prod Masivo 9223,399.33,92,2
9224,Prod Masivo 9224,395.13,174,8
9225,Prod Masivo 9225,176.64,54,4
9226,Prod Masivo 9226,460.97,47,3
9227,Prod Masivo 9227,53.88,28,5
9228,Prod Masivo 9228,340.13,82,5
9229,Prod Masivo 9229,192.62,73,6
9230,Prod Masivo 9230,337.36,20,8
9231,Prod Masivo 9231,349.86,84,4
9232,Prod Masivo 9232,92.87,137,4
9233,Prod Masivo 9233,496.16,17,7
9234,Prod Masivo 9234,139.34,155,1
9235,Prod Masivo 9235,306.78,24,6
9236,Prod Masivo 9236,14.9,18,1
9237,Prod Masivo 9237,212.07,123,5
9238,Prod Masivo 9238,362.05,30,4
9239,Prod Masivo 9239,323.2,156,7
9240,Prod Masivo 9240,231.33,53,5
9241,Prod Masivo 9241,315.43,169,4
9242,Prod Masivo 9242,361.21,100,7
9243,Prod Masivo 9243,332.82,182,4
9244,Prod Masivo 9244,392.35,36,3
9245,Prod Masivo 9245,455.47,152,3
9246,Prod Masivo 9246,53.87,89,2
9247,Prod Masivo 9247,106.23,185,3
9248,Prod Masivo 9248,297.56,72,2
9249,Prod Masivo 9249,127.26,67,1
9250,Prod Masivo 9250,418.71,87,5
9251,Prod Masivo 9251,464.66,19,1
9252,Prod Masivo 9252,303.07,12,3
9253,Prod Masivo 9253,110.19,19,6
9254,Prod Masivo 9254,322.21,153,4
9255,Prod Masivo 9255,354.38,152,6
9256,Prod Masivo 9256,185.76,107,1
9257,Prod Masivo 9257,422.72,69,2
9258,Prod Masivo 9258,238.19,151,5
9259,Prod Masivo 9259,441.99,115,4
9260,Prod Masivo 9260,484.27,13,2
9261,Prod Masivo 9261,42.82,61,7
9262,Prod Masivo 9262,36.51,45,5
9263,Prod Masivo 9263,216.57,84,5
9264,Prod Masivo 9264,252.76,93,6
9265,Prod Masivo 9265,99.62,49,1
9266,Prod Masivo 9266,465.61,180,4
9267,Prod Masivo 9267,272.2,20,2
9268,Prod Masivo 9268,438.46,64,5
9269,Prod Masivo 9269,284.32,176,5
9270,Prod Masivo 9270,181.1,73,1
9271,Prod Masivo 9271,42.37,114,5
9272,Prod Masivo 9272,434.53,31,6
9273,Prod Masivo 9273,426.0,25,5
9274,Prod Masivo 9274,335.34,75,7
9275,Prod Masivo 9275,142.22,74,1
9276,Prod Masivo 9276,493.53,80,8
9277,Prod Masivo 9277,358.79,134,3
9278,Prod Masivo 9278,149.87,125,3
9279,Prod Masivo 9279,230.48,145,2
9280,Prod Masivo 9280,170.53,165,8
9281,Prod Masivo 9281,117.13,112,5
9282,Prod Masivo 9282,425.09,186,3
9283,Prod Masivo 9283,477.68,58,2
9284,Prod Masivo 9284,157.44,60,5
9285,Prod Masivo 9285,34.65,144,5
9286,Prod Masivo 9286,284.62,85,3
9287,Prod Masivo 9287,498.98,10,6
9288,Prod Masivo 9288,432.66,93,1
9289,Prod Masivo 9289,499.33,12,4
9290,Prod Masivo 9290,126.35,168,7
9291,Prod Masivo 9291,45.43,28,2
9292,Prod Masivo 9292,347.95,133,8
9293,Prod Masivo 9293,191.19,153,4
9294,Prod Masivo 9294,348.14,84,5
9295,Prod Masivo 9295,67.49,130,7
9296,Prod Masivo 9296,279.66,164,1
9297,Prod Masivo 9297,306.53,81,4
9298,Prod Masivo 9298,380.28,191,3
9299,Prod Masivo 9299,52.22,108,8
9300,Prod Masivo 9300,337.31,71,7
9301,Prod Masivo 9301,410.51,130,6
9302,Prod Masivo 9302,403.47,154,8
9303,Prod Masivo 9303,470.5,177,6
9304,Prod Masivo 9304,152.08,120,1
9305,Prod Masivo 9305,202.9,67,6
9306,Prod Masivo 9306,41.37,101,8
9307,Prod Masivo 9307,124.7,159,2
9308,Prod Masivo 9308,152.22,48,3
9309,Prod Masivo 9309,404.99,120,1
9310,Prod Masivo 9310,483.43,57,5
9311,Prod Masivo 9311,114.27,71,2
9312,Prod Masivo 9312,345.94,158,7
9313,Prod Masivo 9313,55.87,168,7
9314,Prod Masivo 9314,121.4,121,7
9315,Prod Masivo 9315,122.88,181,6
9316,Prod Masivo 9316,305.03,147,8
9317,Prod Masivo 9317,386.1,82,5
9318,Prod Masivo 9318,350.91,94,8
9319,Prod Masivo 9319,116.17,25,8
9320,Prod Masivo 9320,410.7,121,3
9321,Prod Masivo 9321,424.28,83,1
9322,Prod Masivo 9322,84.68,58,7
9323,Prod Masivo 9323,127.31,109,8
9324,Prod Masivo 9324,291.02,122,6
9325,Prod Masivo 9325,285.37,125,4
9326,Prod Masivo 9326,224.96,186,5
9327,Prod Masivo 9327,472.66,193,7
9328,Prod Masivo 9328,192.88,162,5
9329,Prod Masivo 9329,26.88,128,5
9330,Prod Masivo 9330,430.48,172,5
9331,Prod Masivo 9331,408.46,21,6
9332,Prod Masivo 9332,492.65,180,3
9333,Prod Masivo 9333,56.99,116,7
9334,Prod Masivo 9334,70.34,144,3
9335,Prod Masivo 9335,81.94,18,3
9336,Prod Masivo 9336,376.34,90,7
9337,Prod Masivo 9337,307.23,80,1
9338,Prod Masivo 9338,66.69,99,5
9339,Prod Masivo 9339,304.06,57,5
9340,Prod Masivo 9340,15.74,172,8
9341,Prod Masivo 9341,458.15,82,6
9342,Prod Masivo 9342,23.09,158,7
9343,Prod Masivo 9343,225.51,161,3
9344,Prod Masivo 9344,150.65,67,7
9345,Prod Masivo 9345,184.15,74,1
9346,Prod Masivo 9346,185.54,51,7
9347,Prod Masivo 9347,108.15,137,3
9348,Prod Masivo 9348,187.22,164,2
9349,Prod Masivo 9349,392.93,58,6
9350,Prod Masivo 9350,198.33,39,2
9351,Prod Masivo 9351,423.07,17,1
9352,Prod Masivo 9352,40.71,70,4
9353,Prod Masivo 9353,487.96,64,8
9354,Prod Masivo 9354,499.62,149,6
9355,Prod Masivo 9355,248.98,166,8
9356,Prod Masivo 9356,240.78,83,6
9357,Prod Masivo 9357,363.4,127,4
9358,Prod Masivo 9358,62.94,34,3
9359,Prod Masivo 9359,161.53,44,3
9360,Prod Masivo 9360,147.95,12,6
9361,Prod Masivo 9361,489.61,24,6
9362,Prod Masivo 9362,25.29,138,4
9363,Prod Masivo 9363,55.86,24,8
9364,Prod Masivo 9364,189.38,73,4
9365,Prod Masivo 9365,263.07,121,7
9366,Prod Masivo 9366,443.23,181,5
9367,Prod Masivo 9367,90.53,187,6
9368,Prod Masivo 9368,280.26,139,2
9369,Prod Masivo 9369,272.06,100,8
9370,Prod Masivo 9370,367.02,141,4
9371,Prod Masivo 9371,343.57,113,2
9372,Prod Masivo 9372,231.7,51,8
9373,Prod Masivo 9373,41.82,167,4
9374,Prod Masivo 9374,310.14,118,3
9375,Prod Masivo 9375,471.51,75,4
9376,Prod Masivo 9376,21.87,22,4
9377,Prod Masivo 9377,230.62,196,6
9378,Prod Masivo 9378,17.97,15,2
9379,Prod Masivo 9379,16.71,123,8
9380,Prod Masivo 9380,387.98,149,2
9381,Prod Masivo 9381,481.11,80,3
9382,Prod Masivo 9382,97.61,10,4
9383,Prod Masivo 9383,23.19,13,8
9384,Prod Masivo 9384,300.09,20,5
9385,Prod Masivo 9385,489.85,152,2
9386,Prod Masivo 9386,438.87,122,4
9387,Prod Masivo 9387,312.44,182,5
9388,Prod Masivo 9388,444.74,62,4
9389,Prod Masivo 9389,397.56,12,8
9390,Prod Masivo 9390,246.52,145,1
9391,Prod Masivo 9391,116.12,45,4
9392,Prod Masivo 9392,132.33,61,1
9393,Prod Masivo 9393,134.41,173,5
9394,Prod Masivo 9394,92.54,73,1
9395,Prod Masivo 9395,134.27,98,6
9396,Prod Masivo 9396,345.03,30,4
9397,Prod Masivo 9397,308.28,144,7
9398,Prod Masivo 9398,10.95,61,7
9399,Prod Masivo 9399,128.26,171,4
9400,Prod Masivo 9400,358.77,88,8
9401,Prod Masivo 9401,458.41,45,2
9402,Prod Masivo 9402,292.26,122,8
9403,Prod Masivo 9403,357.6,52,8
9404,Prod Masivo 9404,56.91,20,4
9405,Prod Masivo 9405,200.86,129,1
9406,Prod Masivo 9406,176.54,32,2
9407,Prod Masivo 9407,326.81,167,4
9408,Prod Masivo 9408,481.0,47,7
9409,Prod Masivo 9409,282.02,76,4
9410,Prod Masivo 9410,76.53,81,2
9411,Prod Masivo 9411,479.69,133,7
9412,Prod Masivo 9412,10.93,195,6
9413,Prod Masivo 9413,286.21,122,5
9414,Prod Masivo 9414,127.2,24,2
9415,Prod Masivo 9415,349.0,113,6
9416,Prod Masivo 9416,381.44,63,1
9417,Prod Masivo 9417,183.85,51,2
9418,Prod Masivo 9418,478.01,109,4
9419,Prod Masivo 9419,419.67,147,5
9420,Prod Masivo 9420,239.57,177,1
9421,Prod Masivo 9421,132.81,130,3
9422,Prod Masivo 9422,277.93,136,8
9423,Prod Masivo 9423,54.11,82,7
9424,Prod Masivo 9424,273.51,169,7
9425,Prod Masivo 9425,130.68,193,4
9426,Prod Masivo 9426,148.19,16,6
9427,Prod Masivo 9427,363.06,50,1
9428,Prod Masivo 9428,88.62,49,6
9429,Prod Masivo 9429,152.85,45,6
9430,Prod Masivo 9430,245.45,42,2
9431,Prod Masivo 9431,424.26,121,8
9432,Prod Masivo 9432,429.63,22,2
9433,Prod Masivo 9433,427.23,61,7
9434,Prod Masivo 9434,470.81,155,5
9435,Prod Masivo 9435,105.09,168,7
9436,Prod Masivo 9436,313.27,160,7
9437,Prod Masivo 9437,202.25,20,6
9438,Prod Masivo 9438,145.21,105,4
9439,Prod Masivo 9439,484.61,182,5
9440,Prod Masivo 9440,83.61,90,8
9441,Prod Masivo 9441,247.54,137,2
9442,Prod Masivo 9442,119.16,97,7
9443,Prod Masivo 9443,438.52,161,1
9444,Prod Masivo 9444,440.86,167,4
9445,Prod Masivo 9445,450.98,101,5
9446,Prod Masivo 9446,408.81,78,7
9447,Prod Masivo 9447,348.33,146,4
9448,Prod Masivo 9448,373.41,155,4
9449,Prod Masivo 9449,245.73,191,6
9450,Prod Masivo 9450,426.26,125,1
9451,Prod Masivo 9451,322.48,25,8
9452,Prod Masivo 9452,79.26,178,4
9453,Prod Masivo 9453,106.29,124,6
9454,Prod Masivo 9454,143.92,83,4
9455,Prod Masivo 9455,397.38,163,7
9456,Prod Masivo 9456,59.18,90,4
9457,Prod Masivo 9457,329.35,20,6
9458,Prod Masivo 9458,186.0,18,6
9459,Prod Masivo 9459,292.94,169,2
9460,Prod Masivo 9460,224.99,61,8
9461,Prod Masivo 9461,440.22,165,5
9462,Prod Masivo 9462,162.67,171,7
9463,Prod Masivo 9463,206.45,147,1
9464,Prod Masivo 9464,368.04,31,8
9465,Prod Masivo 9465,400.08,97,1
9466,Prod Masivo 9466,229.22,191,3
9467,Prod Masivo 9467,167.1,168,4
9468,Prod Masivo 9468,22.0,37,4
9469,Prod Masivo 9469,467.36,185,6
9470,Prod Masivo 9470,112.29,78,3
9471,Prod Masivo 9471,441.42,61,6
9472,Prod Masivo 9472,96.55,86,2
9473,Prod Masivo 9473,239.72,170,1
9474,Prod Masivo 9474,118.27,85,3
9475,Prod Masivo 9475,472.35,67,6
9476,Prod Masivo 9476,108.59,193,2
9477,Prod Masivo 9477,36.99,110,1
9478,Prod Masivo 9478,37.67,152,8
9479,Prod Masivo 9479,338.51,166,3
9480,Prod Masivo 9480,470.8,78,6
9481,Prod Masivo 9481,400.59,112,5
9482,Prod Masivo 9482,248.41,152,2
9483,Prod Masivo 9483,215.91,80,7
9484,Prod Masivo 9484,234.16,25,6
9485,Prod Masivo 9485,307.19,102,6
9486,Prod Masivo 9486,288.62,33,6
9487,Prod Masivo 9487,260.66,111,6
9488,Prod Masivo 9488,100.18,126,7
9489,Prod Masivo 9489,23.82,20,7
9490,Prod Masivo 9490,308.15,148,4
9491,Prod Masivo 9491,462.69,38,4
9492,Prod Masivo 9492,226.52,96,8
9493,Prod Masivo 9493,421.87,102,3
9494,Prod Masivo 9494,187.07,173,6
9495,Prod Masivo 9495,276.09,91,2
9496,Prod Masivo 9496,224.82,111,7
9497,Prod Masivo 9497,104.73,195,4
9498,Prod Masivo 9498,280.98,67,2
9499,Prod Masivo 9499,474.59,35,8
9500,Prod Masivo 9500,163.44,150,8
9501,Prod Masivo 9501,153.55,154,2
9502,Prod Masivo 9502,375.32,52,8
9503,Prod Masivo 9503,327.82,125,6
9504,Prod Masivo 9504,206.49,175,3
9505,Prod Masivo 9505,68.82,52,8
9506,Prod Masivo 9506,12.82,87,1
9507,Prod Masivo 9507,478.72,24,3
9508,Prod Masivo 9508,55.57,183,1
9509,Prod Masivo 9509,222.28,133,1
9510,Prod Masivo 9510,202.5,141,1
9511,Prod Masivo 9511,118.27,191,4
9512,Prod Masivo 9512,394.58,95,1
9513,Prod Masivo 9513,380.83,65,7
9514,Prod Masivo 9514,183.49,187,7
9515,Prod Masivo 9515,322.52,106,5
9516,Prod Masivo 9516,282.44,130,1
9517,Prod Masivo 9517,83.88,181,3
9518,Prod Masivo 9518,125.17,153,4
9519,Prod Masivo 9519,259.91,15,1
9520,Prod Masivo 9520,195.05,116,5
9521,Prod Masivo 9521,152.44,186,4
9522,Prod Masivo 9522,366.39,174,8
9523,Prod Masivo 9523,266.02,155,2
9524,Prod Masivo 9524,451.88,147,6
9525,Prod Masivo 9525,101.07,186,5
9526,Prod Masivo 9526,201.07,87,6
9527,Prod Masivo 9527,313.89,109,6
9528,Prod Masivo 9528,48.44,184,2
9529,Prod Masivo 9529,336.5,166,4
9530,Prod Masivo 9530,448.27,142,3
9531,Prod Masivo 9531,356.88,141,3
9532,Prod Masivo 9532,231.07,143,8
9533,Prod Masivo 9533,249.71,79,7
9534,Prod Masivo 9534,467.84,172,2
9535,Prod Masivo 9535,268.93,12,5
9536,Prod Masivo 9536,374.45,133,2
9537,Prod Masivo 9537,246.16,11,2
9538,Prod Masivo 9538,378.46,43,3
9539,Prod Masivo 9539,443.97,155,8
9540,Prod Masivo 9540,151.03,188,3
9541,Prod Masivo 9541,50.84,38,6
9542,Prod Masivo 9542,206.0,57,3
9543,Prod Masivo 9543,114.82,44,4
9544,Prod Masivo 9544,386.87,19,8
9545,Prod Masivo 9545,435.46,57,1
9546,Prod Masivo 9546,266.57,21,8
9547,Prod Masivo 9547,369.89,73,7
9548,Prod Masivo 9548,430.8,122,5
9549,Prod Masivo 9549,230.56,85,2
9550,Prod Masivo 9550,362.78,132,8
9551,Prod Masivo 9551,25.1,36,5
9552,Prod Masivo 9552,149.43,36,3
9553,Prod Masivo 9553,181.87,174,2
9554,Prod Masivo 9554,228.44,32,4
9555,Prod Masivo 9555,310.15,112,7
9556,Prod Masivo 9556,474.61,174,1
9557,Prod Masivo 9557,256.76,33,6
9558,Prod Masivo 9558,375.8,49,7
9559,Prod Masivo 9559,177.91,28,6
9560,Prod Masivo 9560,260.76,36,6
9561,Prod Masivo 9561,497.03,108,5
9562,Prod Masivo 9562,15.44,180,6
9563,Prod Masivo 9563,330.97,158,2
9564,Prod Masivo 9564,403.79,112,5
9565,Prod Masivo 9565,23.26,190,5
9566,Prod Masivo 9566,480.13,81,3
9567,Prod Masivo 9567,31.43,153,2
9568,Prod Masivo 9568,349.49,166,7
9569,Prod Masivo 9569,174.84,180,6
9570,Prod Masivo 9570,178.57,169,3
9571,Prod Masivo 9571,433.83,16,2
9572,Prod Masivo 9572,233.76,165,5
9573,Prod Masivo 9573,407.81,123,5
9574,Prod Masivo 9574,419.59,127,6
9575,Prod Masivo 9575,67.75,179,3
9576,Prod Masivo 9576,34.69,162,1
9577,Prod Masivo 9577,76.92,199,1
9578,Prod Masivo 9578,241.52,163,2
9579,Prod Masivo 9579,446.6,15,4
9580,Prod Masivo 9580,364.42,90,2
9581,Prod Masivo 9581,88.87,148,5
9582,Prod Masivo 9582,231.32,62,3
9583,Prod Masivo 9583,414.46,58,1
9584,Prod Masivo 9584,481.31,41,4
9585,Prod Masivo 9585,215.36,93,5
9586,Prod Masivo 9586,82.0,191,7
9587,Prod Masivo 9587,12.08,117,3
9588,Prod Masivo 9588,181.08,23,3
9589,Prod Masivo 9589,283.91,57,6
9590,Prod Masivo 9590,202.45,92,1
9591,Prod Masivo 9591,15.18,129,6
9592,Prod Masivo 9592,194.02,150,2
9593,Prod Masivo 9593,64.03,75,6
9594,Prod Masivo 9594,466.9,186,1
9595,Prod Masivo 9595,241.82,87,3
9596,Prod Masivo 9596,393.84,31,1
9597,Prod Masivo 9597,309.74,85,6
9598,Prod Masivo 9598,207.82,39,8
9599,Prod Masivo 9599,273.6,90,5
9600,Prod Masivo 9600,166.6,156,2
9601,Prod Masivo 9601,105.29,59,6
9602,Prod Masivo 9602,387.27,58,7
9603,Prod Masivo 9603,379.52,16,5
9604,Prod Masivo 9604,317.36,115,3
9605,Prod Masivo 9605,129.05,72,4
9606,Prod Masivo 9606,29.87,71,1
9607,Prod Masivo 9607,317.38,170,4
9608,Prod Masivo 9608,314.66,51,3
9609,Prod Masivo 9609,303.41,150,4
9610,Prod Masivo 9610,235.36,88,8
9611,Prod Masivo 9611,37.44,34,4
9612,Prod Masivo 9612,301.39,191,5
9613,Prod Masivo 9613,492.19,152,6
9614,Prod Masivo 9614,239.48,125,3
9615,Prod Masivo 9615,42.53,115,6
9616,Prod Masivo 9616,386.33,26,1
9617,Prod Masivo 9617,353.1,121,7
9618,Prod Masivo 9618,56.99,112,2
9619,Prod Masivo 9619,335.57,44,4
9620,Prod Masivo 9620,207.21,61,6
9621,Prod Masivo 9621,432.22,169,3
9622,Prod Masivo 9622,112.57,93,2
9623,Prod Masivo 9623,316.45,162,2
9624,Prod Masivo 9624,345.25,19,2
9625,Prod Masivo 9625,150.97,93,6
9626,Prod Masivo 9626,339.5,63,6
9627,Prod Masivo 9627,234.56,106,1
9628,Prod Masivo 9628,188.53,191,1
9629,Prod Masivo 9629,308.61,173,1
9630,Prod Masivo 9630,242.4,113,4
9631,Prod Masivo 9631,425.34,58,6
9632,Prod Masivo 9632,213.32,146,4
9633,Prod Masivo 9633,118.42,134,3
9634,Prod Masivo 9634,79.43,53,2
9635,Prod Masivo 9635,418.64,115,7
9636,Prod Masivo 9636,19.9,78,1
9637,Prod Masivo 9637,66.98,30,3
9638,Prod Masivo 9638,406.32,120,1
9639,Prod Masivo 9639,439.39,20,2
9640,Prod Masivo 9640,34.35,121,3
9641,Prod Masivo 9641,201.18,156,5
9642,Prod Masivo 9642,86.99,138,1
9643,Prod Masivo 9643,27.9,80,3
9644,Prod Masivo 9644,132.29,84,3
9645,Prod Masivo 9645,15.91,51,3
9646,Prod Masivo 9646,397.79,45,3
9647,Prod Masivo 9647,74.47,103,5
9648,Prod Masivo 9648,167.88,112,2
9649,Prod Masivo 9649,429.19,33,4
9650,Prod Masivo 9650,57.99,73,2
9651,Prod Masivo 9651,110.51,167,5
9652,Prod Masivo 9652,399.9,185,3
9653,Prod Masivo 9653,499.24,60,5
9654,Prod Masivo 9654,239.96,22,7
9655,Prod Masivo 9655,239.42,22,3
9656,Prod Masivo 9656,52.12,93,3
9657,Prod Masivo 9657,194.59,32,1
9658,Prod Masivo 9658,233.17,151,1
9659,Prod Masivo 9659,339.08,55,2
9660,Prod Masivo 9660,159.13,146,6
9661,Prod Masivo 9661,106.29,48,7
9662,Prod Masivo 9662,494.12,192,6
9663,Prod Masivo 9663,392.43,79,2
9664,Prod Masivo 9664,269.21,195,7
9665,Prod Masivo 9665,264.44,22,2
9666,Prod Masivo 9666,315.63,167,1
9667,Prod Masivo 9667,380.64,185,6
9668,Prod Masivo 9668,214.44,154,4
9669,Prod Masivo 9669,437.15,109,8
9670,Prod Masivo 9670,63.24,197,2
9671,Prod Masivo 9671,49.01,40,7
9672,Prod Masivo 9672,107.35,144,5
9673,Prod Masivo 9673,437.0,184,4
9674,Prod Masivo 9674,380.7,106,2
9675,Prod Masivo 9675,253.78,83,2
9676,Prod Masivo 9676,489.69,188,1
9677,Prod Masivo 9677,144.15,121,8
9678,Prod Masivo 9678,31.53,72,8
9679,Prod Masivo 9679,224.64,131,1
9680,Prod Masivo 9680,115.46,143,7
9681,Prod Masivo 9681,436.79,91,1
9682,Prod Masivo 9682,151.25,42,7
9683,Prod Masivo 9683,250.32,152,5
9684,Prod Masivo 9684,53.57,78,6
9685,Prod Masivo 9685,131.09,172,1
9686,Prod Masivo 9686,125.33,129,5
9687,Prod Masivo 9687,415.11,25,3
9688,Prod Masivo 9688,192.65,94,1
9689,Prod Masivo 9689,43.55,61,4
9690,Prod Masivo 9690,113.44,108,4
9691,Prod Masivo 9691,159.36,114,3
9692,Prod Masivo 9692,372.31,130,1
9693,Prod Masivo 9693,330.77,71,8
9694,Prod Masivo 9694,346.73,179,4
9695,Prod Masivo 9695,357.84,30,3
9696,Prod Masivo 9696,151.17,55,8
9697,Prod Masivo 9697,196.38,24,8
9698,Prod Masivo 9698,425.22,55,7
9699,Prod Masivo 9699,480.7,191,4
9700,Prod Masivo 9700,114.75,133,2
9701,Prod Masivo 9701,377.54,21,5
9702,Prod Masivo 9702,349.01,172,2
9703,Prod Masivo 9703,99.92,12,7
9704,Prod Masivo 9704,388.52,34,4
9705,Prod Masivo 9705,452.53,39,7
9706,Prod Masivo 9706,368.74,22,7
9707,Prod Masivo 9707,254.75,103,6
9708,Prod Masivo 9708,252.22,43,5
9709,Prod Masivo 9709,232.92,142,1
9710,Prod Masivo 9710,29.56,95,5
9711,Prod Masivo 9711,372.62,44,1
9712,Prod Masivo 9712,254.1,117,1
9713,Prod Masivo 9713,102.98,174,7
9714,Prod Masivo 9714,190.3,53,6
9715,Prod Masivo 9715,78.76,29,2
9716,Prod Masivo 9716,326.78,43,3
9717,Prod Masivo 9717,82.68,92,5
9718,Prod Masivo 9718,460.09,164,1
9719,Prod Masivo 9719,441.2,30,1
9720,Prod Masivo 9720,201.0,169,2
9721,Prod Masivo 9721,172.83,68,3
9722,Prod Masivo 9722,60.53,81,1
9723,Prod Masivo 9723,380.93,193,1
9724,Prod Masivo 9724,180.25,110,4
9725,Prod Masivo 9725,492.51,49,1
9726,Prod Masivo 9726,459.82,160,7
9727,Prod Masivo 9727,392.95,182,2
9728,Prod Masivo 9728,185.32,138,8
9729,Prod Masivo 9729,212.15,165,3
9730,Prod Masivo 9730,383.68,25,6
9731,Prod Masivo 9731,497.73,42,3
9732,Prod Masivo 9732,103.84,48,1
9733,Prod Masivo 9733,48.51,83,1
9734,Prod Masivo 9734,471.14,60,4
9735,Prod Masivo 9735,136.72,90,8
9736,Prod Masivo 9736,324.57,101,4
9737,Prod Masivo 9737,95.94,144,2
9738,Prod Masivo 9738,461.79,43,3
9739,Prod Masivo 9739,497.9,113,3
9740,Prod Masivo 9740,214.59,99,3
9741,Prod Masivo 9741,74.34,47,7
9742,Prod Masivo 9742,432.06,152,8
9743,Prod Masivo 9743,67.79,64,2
9744,Prod Masivo 9744,402.44,125,8
9745,Prod Masivo 9745,496.91,50,7
9746,Prod Masivo 9746,15.97,147,5
9747,Prod Masivo 9747,370.25,22,1
9748,Prod Masivo 9748,119.74,191,1
9749,Prod Masivo 9749,195.74,43,5
9750,Prod Masivo 9750,33.76,138,3
9751,Prod Masivo 9751,114.34,184,4
9752,Prod Masivo 9752,218.39,58,4
9753,Prod Masivo 9753,404.92,176,4
9754,Prod Masivo 9754,465.66,121,6
9755,Prod Masivo 9755,387.0,191,2
9756,Prod Masivo 9756,469.23,87,7
9757,Prod Masivo 9757,98.48,40,7
9758,Prod Masivo 9758,115.1,57,1
9759,Prod Masivo 9759,365.99,163,5
9760,Prod Masivo 9760,208.62,166,8
9761,Prod Masivo 9761,12.76,62,7
9762,Prod Masivo 9762,62.36,74,2
9763,Prod Masivo 9763,256.98,64,7
9764,Prod Masivo 9764,262.45,191,7
9765,Prod Masivo 9765,123.15,170,1
9766,Prod Masivo 9766,38.41,133,2
9767,Prod Masivo 9767,255.53,189,4
9768,Prod Masivo 9768,348.43,182,2
9769,Prod Masivo 9769,203.52,182,7
9770,Prod Masivo 9770,229.74,60,3
9771,Prod Masivo 9771,68.37,83,2
9772,Prod Masivo 9772,461.45,196,4
9773,Prod Masivo 9773,134.15,198,1
9774,Prod Masivo 9774,339.85,167,1
9775,Prod Masivo 9775,61.38,55,6
9776,Prod Masivo 9776,396.82,104,4
9777,Prod Masivo 9777,335.56,174,4
9778,Prod Masivo 9778,457.34,83,4
9779,Prod Masivo 9779,295.19,136,3
9780,Prod Masivo 9780,255.3,22,3
9781,Prod Masivo 9781,176.7,79,3
9782,Prod Masivo 9782,160.56,45,6
9783,Prod Masivo 9783,197.09,148,5
9784,Prod Masivo 9784,309.6,100,7
9785,Prod Masivo 9785,425.79,74,4
9786,Prod Masivo 9786,395.11,96,5
9787,Prod Masivo 9787,264.83,84,7
9788,Prod Masivo 9788,309.49,135,2
9789,Prod Masivo 9789,397.26,140,7
9790,Prod Masivo 9790,122.71,19,4
9791,Prod Masivo 9791,206.33,193,2
9792,Prod Masivo 9792,341.48,95,4
9793,Prod Masivo 9793,15.1,10,8
9794,Prod Masivo 9794,474.57,170,6
9795,Prod Masivo 9795,479.8,41,3
9796,Prod Masivo 9796,114.21,165,7
9797,Prod Masivo 9797,342.3,121,4
9798,Prod Masivo 9798,455.86,187,8
9799,Prod Masivo 9799,308.94,60,2
9800,Prod Masivo 9800,376.13,140,2
9801,Prod Masivo 9801,252.83,124,1
9802,Prod Masivo 9802,170.69,160,7
9803,Prod Masivo 9803,236.19,46,7
9804,Prod Masivo 9804,476.42,14,8
9805,Prod Masivo 9805,454.28,163,4
9806,Prod Masivo 9806,111.31,27,6
9807,Prod Masivo 9807,492.87,22,6
9808,Prod Masivo 9808,280.82,104,8
9809,Prod Masivo 9809,346.35,32,8
9810,Prod Masivo 9810,295.91,131,6
9811,Prod Masivo 9811,280.96,87,1
9812,Prod Masivo 9812,129.72,85,4
9813,Prod Masivo 9813,282.15,11,2
9814,Prod Masivo 9814,496.11,183,7
9815,Prod Masivo 9815,67.67,127,2
9816,Prod Masivo 9816,133.8,122,3
9817,Prod Masivo 9817,400.27,122,5
9818,Prod Masivo 9818,179.8,154,3
9819,Prod Masivo 9819,72.77,58,3
9820,Prod Masivo 9820,218.71,140,3
9821,Prod Masivo 9821,45.45,117,5
9822,Prod Masivo 9822,225.95,156,3
9823,Prod Masivo 9823,457.85,122,4
9824,Prod Masivo 9824,296.43,51,2
9825,Prod Masivo 9825,145.7,79,2
9826,Prod Masivo 9826,336.77,73,3
9827,Prod Masivo 9827,412.54,143,4
9828,Prod Masivo 9828,75.8,91,7
9829,Prod Masivo 9829,422.69,196,8
9830,Prod Masivo 9830,39.29,195,2
9831,Prod Masivo 9831,331.02,20,2
9832,Prod Masivo 9832,138.08,87,5
9833,Prod Masivo 9833,72.37,155,6
9834,Prod Masivo 9834,460.16,141,1
9835,Prod Masivo 9835,427.16,178,6
9836,Prod Masivo 9836,85.23,35,1
9837,Prod Masivo 9837,496.97,90,5
9838,Prod Masivo 9838,275.77,27,3
9839,Prod Masivo 9839,32.88,70,2
9840,Prod Masivo 9840,257.47,15,5
9841,Prod Masivo 9841,51.64,149,2
9842,Prod Masivo 9842,49.98,29,3
9843,Prod Masivo 9843,193.78,21,4
9844,Prod Masivo 9844,422.0,98,5
9845,Prod Masivo 9845,102.35,137,5
9846,Prod Masivo 9846,305.81,191,5
9847,Prod Masivo 9847,13.05,108,3
9848,Prod Masivo 9848,212.47,44,4
9849,Prod Masivo 9849,390.26,101,3
9850,Prod Masivo 9850,126.77,180,8
9851,Prod Masivo 9851,251.7,63,6
9852,Prod Masivo 9852,43.43,52,8
9853,Prod Masivo 9853,418.83,143,5
9854,Prod Masivo 9854,492.04,30,7
9855,Prod Masivo 9855,83.43,70,8
9856,Prod Masivo 9856,251.34,191,1
9857,Prod Masivo 9857,161.92,193,7
9858,Prod Masivo 9858,117.42,84,2
9859,Prod Masivo 9859,490.53,73,1
9860,Prod Masivo 9860,412.54,66,6
9861,Prod Masivo 9861,68.39,164,1
9862,Prod Masivo 9862,51.1,181,2
9863,Prod Masivo 9863,194.6,141,1
9864,Prod Masivo 9864,498.0,25,8
9865,Prod Masivo 9865,35.94,39,3
9866,Prod Masivo 9866,152.88,38,3
9867,Prod Masivo 9867,240.7,199,2
9868,Prod Masivo 9868,201.62,128,3
9869,Prod Masivo 9869,227.01,79,4
9870,Prod Masivo 9870,479.03,126,1
9871,Prod Masivo 9871,168.05,96,7
9872,Prod Masivo 9872,244.6,187,4
9873,Prod Masivo 9873,71.63,99,6
9874,Prod Masivo 9874,341.17,73,1
9875,Prod Masivo 9875,32.51,178,6
9876,Prod Masivo 9876,227.28,35,4
9877,Prod Masivo 9877,191.28,136,2
9878,Prod Masivo 9878,86.9,105,8
9879,Prod Masivo 9879,305.13,64,8
9880,Prod Masivo 9880,128.19,167,2
9881,Prod Masivo 9881,22.44,55,6
9882,Prod Masivo 9882,241.26,178,5
9883,Prod Masivo 9883,432.51,196,1
9884,Prod Masivo 9884,96.04,10,1
9885,Prod Masivo 9885,68.3,127,5
9886,Prod Masivo 9886,142.1,151,3
9887,Prod Masivo 9887,496.59,70,1
9888,Prod Masivo 9888,249.19,112,4
9889,Prod Masivo 9889,486.42,102,4
9890,Prod Masivo 9890,54.69,122,6
9891,Prod Masivo 9891,496.47,159,3
9892,Prod Masivo 9892,440.77,64,5
9893,Prod Masivo 9893,103.13,105,5
9894,Prod Masivo 9894,12.61,65,8
9895,Prod Masivo 9895,240.01,61,2
9896,Prod Masivo 9896,181.02,190,1
9897,Prod Masivo 9897,288.44,170,5
9898,Prod Masivo 9898,407.04,32,7
9899,Prod Masivo 9899,331.16,80,1
9900,Prod Masivo 9900,87.4,54,5
9901,Prod Masivo 9901,61.1,159,3
9902,Prod Masivo 9902,270.14,116,8
9903,Prod Masivo 9903,105.36,183,8
9904,Prod Masivo 9904,400.75,149,2
9905,Prod Masivo 9905,461.15,114,2
9906,Prod Masivo 9906,202.46,176,8
9907,Prod Masivo 9907,88.76,142,3
9908,Prod Masivo 9908,371.28,140,1
9909,Prod Masivo 9909,476.1,45,7
9910,Prod Masivo 9910,469.6,145,7
9911,Prod Masivo 9911,331.18,167,6
9912,Prod Masivo 9912,198.92,28,7
9913,Prod Masivo 9913,116.43,92,7
9914,Prod Masivo 9914,271.31,91,7
9915,Prod Masivo 9915,221.89,177,6
9916,Prod Masivo 9916,83.05,70,5
9917,Prod Masivo 9917,133.31,112,3
9918,Prod Masivo 9918,45.89,120,5
9919,Prod Masivo 9919,497.77,24,4
9920,Prod Masivo 9920,284.42,199,7
9921,Prod Masivo 9921,408.34,46,2
9922,Prod Masivo 9922,444.44,133,2
9923,Prod Masivo 9923,398.15,58,4
9924,Prod Masivo 9924,179.97,18,6
9925,Prod Masivo 9925,105.45,165,1
9926,Prod Masivo 9926,303.76,197,3
9927,Prod Masivo 9927,414.91,32,5
9928,Prod Masivo 9928,134.19,157,5
9929,Prod Masivo 9929,413.73,18,4
9930,Prod Masivo 9930,54.95,43,1
9931,Prod Masivo 9931,488.47,193,5
9932,Prod Masivo 9932,110.0,101,4
9933,Prod Masivo 9933,19.34,154,7
9934,Prod Masivo 9934,210.12,134,1
9935,Prod Masivo 9935,460.55,57,7
9936,Prod Masivo 9936,309.56,149,6
9937,Prod Masivo 9937,234.31,23,5
9938,Prod Masivo 9938,44.69,70,4
9939,Prod Masivo 9939,440.62,38,6
9940,Prod Masivo 9940,380.86,75,5
9941,Prod Masivo 9941,50.32,80,6
9942,Prod Masivo 9942,144.19,25,7
9943,Prod Masivo 9943,453.55,135,2
9944,Prod Masivo 9944,405.96,171,2
9945,Prod Masivo 9945,55.89,142,7
9946,Prod Masivo 9946,234.09,96,4
9947,Prod Masivo 9947,226.08,24,6
9948,Prod Masivo 9948,459.89,156,6
9949,Prod Masivo 9949,244.29,49,6
9950,Prod Masivo 9950,427.27,168,6
9951,Prod Masivo 9951,374.08,129,5
9952,Prod Masivo 9952,13.13,146,7
9953,Prod Masivo 9953,349.66,61,7
9954,Prod Masivo 9954,411.67,53,1
9955,Prod Masivo 9955,469.88,185,6
9956,Prod Masivo 9956,404.15,23,5
9957,Prod Masivo 9957,266.94,113,4
9958,Prod Masivo 9958,304.13,163,7
9959,Prod Masivo 9959,438.98,73,1
9960,Prod Masivo 9960,22.24,195,6
9961,Prod Masivo 9961,441.5,67,2
9962,Prod Masivo 9962,350.56,30,8
9963,Prod Masivo 9963,96.68,187,1
9964,Prod Masivo 9964,92.95,197,7
9965,Prod Masivo 9965,199.32,31,8
9966,Prod Masivo 9966,67.66,111,4
9967,Prod Masivo 9967,402.6,197,4
9968,Prod Masivo 9968,270.47,122,4
9969,Prod Masivo 9969,490.16,133,4
9970,Prod Masivo 9970,347.03,59,4
9971,Prod Masivo 9971,357.07,145,2
9972,Prod Masivo 9972,356.66,74,5
9973,Prod Masivo 9973,457.85,125,8
9974,Prod Masivo 9974,271.31,59,2
9975,Prod Masivo 9975,432.29,24,4
9976,Prod Masivo 9976,149.56,39,2
9977,Prod Masivo 9977,46.44,140,1
9978,Prod Masivo 9978,496.06,159,1
9979,Prod Masivo 9979,203.89,91,7
9980,Prod Masivo 9980,232.16,13,3
9981,Prod Masivo 9981,46.34,119,4
9982,Prod Masivo 9982,233.6,43,8
9983,Prod Masivo 9983,321.7,159,5
9984,Prod Masivo 9984,402.93,88,5
9985,Prod Masivo 9985,233.47,58,7
9986,Prod Masivo 9986,77.08,43,6
9987,Prod Masivo 9987,284.44,87,4
9988,Prod Masivo 9988,25.61,172,5
9989,Prod Masivo 9989,34.95,60,7
9990,Prod Masivo 9990,185.67,24,7
9991,Prod Masivo 9991,494.91,55,8
9992,Prod Masivo 9992,446.68,140,3
9993,Prod Masivo 9993,283.24,98,4
9994,Prod Masivo 9994,373.81,69,8
9995,Prod Masivo 9995,400.44,37,3
9996,Prod Masivo 9996,275.29,41,4
9997,Prod Masivo 9997,270.21,111,7
9998,Prod Masivo 9998,321.79,128,4
9999,Prod Masivo 9999,268.69,81,7
10000,Prod Masivo 10000,489.0,153,5
